SPECIES_CODE,SPECIES,COMMON_NAME,YEAR,N_SITES,COLLATED_INDEX,YEAR_RANK,TIME_PERIOD,COUNTRY
84,"Aglais io","Peacock",1976,31,1.77,45,"1976-2024","England"
84,"Aglais io","Peacock",1977,47,1.65,49,"1976-2024","England"
84,"Aglais io","Peacock",1978,50,1.97,26,"1976-2024","England"
84,"Aglais io","Peacock",1979,59,2.03,22,"1976-2024","England"
84,"Aglais io","Peacock",1980,68,1.88,39,"1976-2024","England"
84,"Aglais io","Peacock",1981,70,1.79,44,"1976-2024","England"
84,"Aglais io","Peacock",1982,76,2.22,4,"1976-2024","England"
84,"Aglais io","Peacock",1983,86,1.98,25,"1976-2024","England"
84,"Aglais io","Peacock",1984,97,2.13,11,"1976-2024","England"
84,"Aglais io","Peacock",1985,106,2.14,10,"1976-2024","England"
84,"Aglais io","Peacock",1986,115,1.86,40,"1976-2024","England"
84,"Aglais io","Peacock",1987,136,1.93,33,"1976-2024","England"
84,"Aglais io","Peacock",1988,158,1.96,29,"1976-2024","England"
84,"Aglais io","Peacock",1989,189,1.96,29,"1976-2024","England"
84,"Aglais io","Peacock",1990,217,1.97,26,"1976-2024","England"
84,"Aglais io","Peacock",1991,243,2.08,16,"1976-2024","England"
84,"Aglais io","Peacock",1992,265,2.36,1,"1976-2024","England"
84,"Aglais io","Peacock",1993,294,2.1,14,"1976-2024","England"
84,"Aglais io","Peacock",1994,317,1.94,32,"1976-2024","England"
84,"Aglais io","Peacock",1995,377,2.02,24,"1976-2024","England"
84,"Aglais io","Peacock",1996,411,2.29,2,"1976-2024","England"
84,"Aglais io","Peacock",1997,444,2.23,3,"1976-2024","England"
84,"Aglais io","Peacock",1998,453,2.1,14,"1976-2024","England"
84,"Aglais io","Peacock",1999,475,2.06,17,"1976-2024","England"
84,"Aglais io","Peacock",2000,522,2.15,9,"1976-2024","England"
84,"Aglais io","Peacock",2001,478,2.18,8,"1976-2024","England"
84,"Aglais io","Peacock",2002,573,2.05,19,"1976-2024","England"
84,"Aglais io","Peacock",2003,629,1.96,29,"1976-2024","England"
84,"Aglais io","Peacock",2004,619,1.9,36,"1976-2024","England"
84,"Aglais io","Peacock",2005,637,1.93,33,"1976-2024","England"
84,"Aglais io","Peacock",2006,697,1.9,36,"1976-2024","England"
84,"Aglais io","Peacock",2007,903,2.06,17,"1976-2024","England"
84,"Aglais io","Peacock",2008,887,1.92,35,"1976-2024","England"
84,"Aglais io","Peacock",2009,1382,2.11,12,"1976-2024","England"
84,"Aglais io","Peacock",2010,1356,1.97,26,"1976-2024","England"
84,"Aglais io","Peacock",2011,1367,1.77,45,"1976-2024","England"
84,"Aglais io","Peacock",2012,1442,1.73,47,"1976-2024","England"
84,"Aglais io","Peacock",2013,1585,2.21,5,"1976-2024","England"
84,"Aglais io","Peacock",2014,1670,2.21,5,"1976-2024","England"
84,"Aglais io","Peacock",2015,1795,2.11,12,"1976-2024","England"
84,"Aglais io","Peacock",2016,1862,1.82,43,"1976-2024","England"
84,"Aglais io","Peacock",2017,2009,1.83,42,"1976-2024","England"
84,"Aglais io","Peacock",2018,2125,1.71,48,"1976-2024","England"
84,"Aglais io","Peacock",2019,2265,2.05,19,"1976-2024","England"
84,"Aglais io","Peacock",2020,1922,2.19,7,"1976-2024","England"
84,"Aglais io","Peacock",2021,2268,2.03,22,"1976-2024","England"
84,"Aglais io","Peacock",2022,2449,1.85,41,"1976-2024","England"
84,"Aglais io","Peacock",2023,2510,2.05,19,"1976-2024","England"
84,"Aglais io","Peacock",2024,2652,1.89,38,"1976-2024","England"
2,"Aglais urticae","Small Tortoiseshell",1976,31,2.13,19,"1976-2024","England"
2,"Aglais urticae","Small Tortoiseshell",1977,47,1.99,26,"1976-2024","England"
2,"Aglais urticae","Small Tortoiseshell",1978,50,2.37,8,"1976-2024","England"
2,"Aglais urticae","Small Tortoiseshell",1979,59,2.21,16,"1976-2024","England"
2,"Aglais urticae","Small Tortoiseshell",1980,68,2.22,13,"1976-2024","England"
2,"Aglais urticae","Small Tortoiseshell",1981,70,1.98,27,"1976-2024","England"
2,"Aglais urticae","Small Tortoiseshell",1982,75,2.75,1,"1976-2024","England"
2,"Aglais urticae","Small Tortoiseshell",1983,85,2.1,20,"1976-2024","England"
2,"Aglais urticae","Small Tortoiseshell",1984,96,2.68,2,"1976-2024","England"
2,"Aglais urticae","Small Tortoiseshell",1985,105,2.23,12,"1976-2024","England"
2,"Aglais urticae","Small Tortoiseshell",1986,114,1.94,30,"1976-2024","England"
2,"Aglais urticae","Small Tortoiseshell",1987,136,2.46,6,"1976-2024","England"
2,"Aglais urticae","Small Tortoiseshell",1988,157,2.16,17,"1976-2024","England"
2,"Aglais urticae","Small Tortoiseshell",1989,190,2.26,11,"1976-2024","England"
2,"Aglais urticae","Small Tortoiseshell",1990,218,2.22,13,"1976-2024","England"
2,"Aglais urticae","Small Tortoiseshell",1991,243,2.48,5,"1976-2024","England"
2,"Aglais urticae","Small Tortoiseshell",1992,267,2.54,4,"1976-2024","England"
2,"Aglais urticae","Small Tortoiseshell",1993,293,1.95,29,"1976-2024","England"
2,"Aglais urticae","Small Tortoiseshell",1994,318,2.04,24,"1976-2024","England"
2,"Aglais urticae","Small Tortoiseshell",1995,381,2.31,10,"1976-2024","England"
2,"Aglais urticae","Small Tortoiseshell",1996,414,2.34,9,"1976-2024","England"
2,"Aglais urticae","Small Tortoiseshell",1997,444,2.65,3,"1976-2024","England"
2,"Aglais urticae","Small Tortoiseshell",1998,456,2.06,22,"1976-2024","England"
2,"Aglais urticae","Small Tortoiseshell",1999,478,1.84,33,"1976-2024","England"
2,"Aglais urticae","Small Tortoiseshell",2000,523,1.89,32,"1976-2024","England"
2,"Aglais urticae","Small Tortoiseshell",2001,476,2.01,25,"1976-2024","England"
2,"Aglais urticae","Small Tortoiseshell",2002,574,2.1,20,"1976-2024","England"
2,"Aglais urticae","Small Tortoiseshell",2003,630,2.42,7,"1976-2024","England"
2,"Aglais urticae","Small Tortoiseshell",2004,611,2.15,18,"1976-2024","England"
2,"Aglais urticae","Small Tortoiseshell",2005,634,1.76,37,"1976-2024","England"
2,"Aglais urticae","Small Tortoiseshell",2006,682,1.61,43,"1976-2024","England"
2,"Aglais urticae","Small Tortoiseshell",2007,861,1.63,41,"1976-2024","England"
2,"Aglais urticae","Small Tortoiseshell",2008,863,1.44,47,"1976-2024","England"
2,"Aglais urticae","Small Tortoiseshell",2009,1360,1.81,34,"1976-2024","England"
2,"Aglais urticae","Small Tortoiseshell",2010,1340,1.81,34,"1976-2024","England"
2,"Aglais urticae","Small Tortoiseshell",2011,1354,1.71,39,"1976-2024","England"
2,"Aglais urticae","Small Tortoiseshell",2012,1420,1.46,46,"1976-2024","England"
2,"Aglais urticae","Small Tortoiseshell",2013,1568,2.05,23,"1976-2024","England"
2,"Aglais urticae","Small Tortoiseshell",2014,1665,2.22,13,"1976-2024","England"
2,"Aglais urticae","Small Tortoiseshell",2015,1785,1.96,28,"1976-2024","England"
2,"Aglais urticae","Small Tortoiseshell",2016,1843,1.67,40,"1976-2024","England"
2,"Aglais urticae","Small Tortoiseshell",2017,1983,1.74,38,"1976-2024","England"
2,"Aglais urticae","Small Tortoiseshell",2018,2083,1.52,45,"1976-2024","England"
2,"Aglais urticae","Small Tortoiseshell",2019,2211,1.63,41,"1976-2024","England"
2,"Aglais urticae","Small Tortoiseshell",2020,1859,1.94,30,"1976-2024","England"
2,"Aglais urticae","Small Tortoiseshell",2021,2206,1.79,36,"1976-2024","England"
2,"Aglais urticae","Small Tortoiseshell",2022,2367,1.6,44,"1976-2024","England"
2,"Aglais urticae","Small Tortoiseshell",2023,2374,1.31,48,"1976-2024","England"
2,"Aglais urticae","Small Tortoiseshell",2024,2414,0.83,49,"1976-2024","England"
4,"Anthocharis cardamines","Orange-tip",1976,29,1.87,45,"1976-2024","England"
4,"Anthocharis cardamines","Orange-tip",1977,46,1.78,48,"1976-2024","England"
4,"Anthocharis cardamines","Orange-tip",1978,51,2.01,23,"1976-2024","England"
4,"Anthocharis cardamines","Orange-tip",1979,59,1.98,28,"1976-2024","England"
4,"Anthocharis cardamines","Orange-tip",1980,68,2.03,21,"1976-2024","England"
4,"Anthocharis cardamines","Orange-tip",1981,69,1.95,36,"1976-2024","England"
4,"Anthocharis cardamines","Orange-tip",1982,75,1.87,45,"1976-2024","England"
4,"Anthocharis cardamines","Orange-tip",1983,84,1.98,28,"1976-2024","England"
4,"Anthocharis cardamines","Orange-tip",1984,95,2.06,11,"1976-2024","England"
4,"Anthocharis cardamines","Orange-tip",1985,104,2.06,11,"1976-2024","England"
4,"Anthocharis cardamines","Orange-tip",1986,113,1.88,42,"1976-2024","England"
4,"Anthocharis cardamines","Orange-tip",1987,135,2.05,15,"1976-2024","England"
4,"Anthocharis cardamines","Orange-tip",1988,156,1.88,42,"1976-2024","England"
4,"Anthocharis cardamines","Orange-tip",1989,188,1.97,33,"1976-2024","England"
4,"Anthocharis cardamines","Orange-tip",1990,216,2.2,2,"1976-2024","England"
4,"Anthocharis cardamines","Orange-tip",1991,243,2.14,4,"1976-2024","England"
4,"Anthocharis cardamines","Orange-tip",1992,266,2.04,18,"1976-2024","England"
4,"Anthocharis cardamines","Orange-tip",1993,291,2.11,5,"1976-2024","England"
4,"Anthocharis cardamines","Orange-tip",1994,317,1.96,34,"1976-2024","England"
4,"Anthocharis cardamines","Orange-tip",1995,370,1.98,28,"1976-2024","England"
4,"Anthocharis cardamines","Orange-tip",1996,409,1.96,34,"1976-2024","England"
4,"Anthocharis cardamines","Orange-tip",1997,436,2.07,10,"1976-2024","England"
4,"Anthocharis cardamines","Orange-tip",1998,458,1.93,37,"1976-2024","England"
4,"Anthocharis cardamines","Orange-tip",1999,470,1.93,37,"1976-2024","England"
4,"Anthocharis cardamines","Orange-tip",2000,516,1.98,28,"1976-2024","England"
4,"Anthocharis cardamines","Orange-tip",2001,470,1.88,42,"1976-2024","England"
4,"Anthocharis cardamines","Orange-tip",2002,558,2.03,21,"1976-2024","England"
4,"Anthocharis cardamines","Orange-tip",2003,614,1.91,40,"1976-2024","England"
4,"Anthocharis cardamines","Orange-tip",2004,617,1.99,26,"1976-2024","England"
4,"Anthocharis cardamines","Orange-tip",2005,630,1.98,28,"1976-2024","England"
4,"Anthocharis cardamines","Orange-tip",2006,664,1.89,41,"1976-2024","England"
4,"Anthocharis cardamines","Orange-tip",2007,732,1.85,47,"1976-2024","England"
4,"Anthocharis cardamines","Orange-tip",2008,762,1.75,49,"1976-2024","England"
4,"Anthocharis cardamines","Orange-tip",2009,954,1.99,26,"1976-2024","England"
4,"Anthocharis cardamines","Orange-tip",2010,969,2.06,11,"1976-2024","England"
4,"Anthocharis cardamines","Orange-tip",2011,1000,2.17,3,"1976-2024","England"
4,"Anthocharis cardamines","Orange-tip",2012,1009,2.04,18,"1976-2024","England"
4,"Anthocharis cardamines","Orange-tip",2013,1086,1.93,37,"1976-2024","England"
4,"Anthocharis cardamines","Orange-tip",2014,1209,2.1,6,"1976-2024","England"
4,"Anthocharis cardamines","Orange-tip",2015,1367,2,25,"1976-2024","England"
4,"Anthocharis cardamines","Orange-tip",2016,1440,2.01,23,"1976-2024","England"
4,"Anthocharis cardamines","Orange-tip",2017,1578,2.09,8,"1976-2024","England"
4,"Anthocharis cardamines","Orange-tip",2018,1662,2.06,11,"1976-2024","England"
4,"Anthocharis cardamines","Orange-tip",2019,1765,2.25,1,"1976-2024","England"
4,"Anthocharis cardamines","Orange-tip",2020,1481,2.1,6,"1976-2024","England"
4,"Anthocharis cardamines","Orange-tip",2021,1822,2.05,15,"1976-2024","England"
4,"Anthocharis cardamines","Orange-tip",2022,1951,2.09,8,"1976-2024","England"
4,"Anthocharis cardamines","Orange-tip",2023,2017,2.04,18,"1976-2024","England"
4,"Anthocharis cardamines","Orange-tip",2024,2126,2.05,15,"1976-2024","England"
6,"Apatura iris","Purple Emperor",1979,9,1.51,45,"1976-2024","England"
6,"Apatura iris","Purple Emperor",1980,10,2.05,21,"1976-2024","England"
6,"Apatura iris","Purple Emperor",1981,10,1.5,46,"1976-2024","England"
6,"Apatura iris","Purple Emperor",1982,10,1.78,37,"1976-2024","England"
6,"Apatura iris","Purple Emperor",1983,13,2.33,3,"1976-2024","England"
6,"Apatura iris","Purple Emperor",1984,16,2.13,15,"1976-2024","England"
6,"Apatura iris","Purple Emperor",1985,17,2.3,5,"1976-2024","England"
6,"Apatura iris","Purple Emperor",1986,21,2.13,15,"1976-2024","England"
6,"Apatura iris","Purple Emperor",1987,24,1.91,33,"1976-2024","England"
6,"Apatura iris","Purple Emperor",1988,26,2.01,24,"1976-2024","England"
6,"Apatura iris","Purple Emperor",1989,26,1.8,36,"1976-2024","England"
6,"Apatura iris","Purple Emperor",1990,31,1.69,42,"1976-2024","England"
6,"Apatura iris","Purple Emperor",1991,33,1.61,43,"1976-2024","England"
6,"Apatura iris","Purple Emperor",1992,35,1.96,28,"1976-2024","England"
6,"Apatura iris","Purple Emperor",1993,38,2.2,10,"1976-2024","England"
6,"Apatura iris","Purple Emperor",1994,41,2.01,24,"1976-2024","England"
6,"Apatura iris","Purple Emperor",1995,49,1.94,30,"1976-2024","England"
6,"Apatura iris","Purple Emperor",1996,53,1.57,44,"1976-2024","England"
6,"Apatura iris","Purple Emperor",1997,57,1.97,27,"1976-2024","England"
6,"Apatura iris","Purple Emperor",1998,60,1.78,37,"1976-2024","England"
6,"Apatura iris","Purple Emperor",1999,61,1.71,40,"1976-2024","England"
6,"Apatura iris","Purple Emperor",2000,71,1.92,32,"1976-2024","England"
6,"Apatura iris","Purple Emperor",2001,67,1.82,35,"1976-2024","England"
6,"Apatura iris","Purple Emperor",2002,77,1.71,40,"1976-2024","England"
6,"Apatura iris","Purple Emperor",2003,80,2.1,18,"1976-2024","England"
6,"Apatura iris","Purple Emperor",2004,84,1.75,39,"1976-2024","England"
6,"Apatura iris","Purple Emperor",2005,84,1.93,31,"1976-2024","England"
6,"Apatura iris","Purple Emperor",2006,89,2.24,8,"1976-2024","England"
6,"Apatura iris","Purple Emperor",2007,90,1.87,34,"1976-2024","England"
6,"Apatura iris","Purple Emperor",2008,100,2.14,12,"1976-2024","England"
6,"Apatura iris","Purple Emperor",2009,110,2.25,7,"1976-2024","England"
6,"Apatura iris","Purple Emperor",2010,116,2.29,6,"1976-2024","England"
6,"Apatura iris","Purple Emperor",2011,112,2.02,22,"1976-2024","England"
6,"Apatura iris","Purple Emperor",2012,109,1.99,26,"1976-2024","England"
6,"Apatura iris","Purple Emperor",2013,114,2.33,3,"1976-2024","England"
6,"Apatura iris","Purple Emperor",2014,122,2.22,9,"1976-2024","England"
6,"Apatura iris","Purple Emperor",2015,133,1.96,28,"1976-2024","England"
6,"Apatura iris","Purple Emperor",2016,142,2.07,20,"1976-2024","England"
6,"Apatura iris","Purple Emperor",2017,145,2.14,12,"1976-2024","England"
6,"Apatura iris","Purple Emperor",2018,149,2.46,1,"1976-2024","England"
6,"Apatura iris","Purple Emperor",2019,150,2.13,15,"1976-2024","England"
6,"Apatura iris","Purple Emperor",2020,141,2.02,22,"1976-2024","England"
6,"Apatura iris","Purple Emperor",2021,150,2.18,11,"1976-2024","England"
6,"Apatura iris","Purple Emperor",2022,152,2.35,2,"1976-2024","England"
6,"Apatura iris","Purple Emperor",2023,148,2.14,12,"1976-2024","England"
6,"Apatura iris","Purple Emperor",2024,150,2.09,19,"1976-2024","England"
8,"Aphantopus hyperantus","Ringlet",1976,31,1.38,47,"1976-2024","England"
8,"Aphantopus hyperantus","Ringlet",1977,41,1.12,49,"1976-2024","England"
8,"Aphantopus hyperantus","Ringlet",1978,45,1.23,48,"1976-2024","England"
8,"Aphantopus hyperantus","Ringlet",1979,57,1.42,46,"1976-2024","England"
8,"Aphantopus hyperantus","Ringlet",1980,65,1.61,45,"1976-2024","England"
8,"Aphantopus hyperantus","Ringlet",1981,67,1.77,44,"1976-2024","England"
8,"Aphantopus hyperantus","Ringlet",1982,72,1.96,39,"1976-2024","England"
8,"Aphantopus hyperantus","Ringlet",1983,81,1.93,41,"1976-2024","England"
8,"Aphantopus hyperantus","Ringlet",1984,92,2.03,26,"1976-2024","England"
8,"Aphantopus hyperantus","Ringlet",1985,100,1.98,36,"1976-2024","England"
8,"Aphantopus hyperantus","Ringlet",1986,109,2.08,19,"1976-2024","England"
8,"Aphantopus hyperantus","Ringlet",1987,132,2.11,14,"1976-2024","England"
8,"Aphantopus hyperantus","Ringlet",1988,153,1.98,36,"1976-2024","England"
8,"Aphantopus hyperantus","Ringlet",1989,184,1.95,40,"1976-2024","England"
8,"Aphantopus hyperantus","Ringlet",1990,204,1.9,42,"1976-2024","England"
8,"Aphantopus hyperantus","Ringlet",1991,227,2.1,17,"1976-2024","England"
8,"Aphantopus hyperantus","Ringlet",1992,249,2.11,14,"1976-2024","England"
8,"Aphantopus hyperantus","Ringlet",1993,279,2.03,26,"1976-2024","England"
8,"Aphantopus hyperantus","Ringlet",1994,304,2.08,19,"1976-2024","England"
8,"Aphantopus hyperantus","Ringlet",1995,351,2.08,19,"1976-2024","England"
8,"Aphantopus hyperantus","Ringlet",1996,391,1.87,43,"1976-2024","England"
8,"Aphantopus hyperantus","Ringlet",1997,409,2.02,29,"1976-2024","England"
8,"Aphantopus hyperantus","Ringlet",1998,429,2,33,"1976-2024","England"
8,"Aphantopus hyperantus","Ringlet",1999,447,2.1,17,"1976-2024","England"
8,"Aphantopus hyperantus","Ringlet",2000,489,2.15,11,"1976-2024","England"
8,"Aphantopus hyperantus","Ringlet",2001,461,2.02,29,"1976-2024","England"
8,"Aphantopus hyperantus","Ringlet",2002,538,2.06,22,"1976-2024","England"
8,"Aphantopus hyperantus","Ringlet",2003,600,2.15,11,"1976-2024","England"
8,"Aphantopus hyperantus","Ringlet",2004,595,2.02,29,"1976-2024","England"
8,"Aphantopus hyperantus","Ringlet",2005,620,2.02,29,"1976-2024","England"
8,"Aphantopus hyperantus","Ringlet",2006,677,2.05,24,"1976-2024","England"
8,"Aphantopus hyperantus","Ringlet",2007,836,2,33,"1976-2024","England"
8,"Aphantopus hyperantus","Ringlet",2008,850,2.11,14,"1976-2024","England"
8,"Aphantopus hyperantus","Ringlet",2009,1286,2.24,4,"1976-2024","England"
8,"Aphantopus hyperantus","Ringlet",2010,1284,2.2,8,"1976-2024","England"
8,"Aphantopus hyperantus","Ringlet",2011,1313,2.13,13,"1976-2024","England"
8,"Aphantopus hyperantus","Ringlet",2012,1374,2.03,26,"1976-2024","England"
8,"Aphantopus hyperantus","Ringlet",2013,1508,2.21,7,"1976-2024","England"
8,"Aphantopus hyperantus","Ringlet",2014,1606,2.31,1,"1976-2024","England"
8,"Aphantopus hyperantus","Ringlet",2015,1741,2.22,5,"1976-2024","England"
8,"Aphantopus hyperantus","Ringlet",2016,1815,2.17,10,"1976-2024","England"
8,"Aphantopus hyperantus","Ringlet",2017,1962,2.3,2,"1976-2024","England"
8,"Aphantopus hyperantus","Ringlet",2018,2074,2.22,5,"1976-2024","England"
8,"Aphantopus hyperantus","Ringlet",2019,2210,2.3,2,"1976-2024","England"
8,"Aphantopus hyperantus","Ringlet",2020,1868,2.06,22,"1976-2024","England"
8,"Aphantopus hyperantus","Ringlet",2021,2220,2.04,25,"1976-2024","England"
8,"Aphantopus hyperantus","Ringlet",2022,2400,2.19,9,"1976-2024","England"
8,"Aphantopus hyperantus","Ringlet",2023,2419,1.98,36,"1976-2024","England"
8,"Aphantopus hyperantus","Ringlet",2024,2524,1.99,35,"1976-2024","England"
17,"Argynnis paphia","Silver-washed Fritillary",1976,21,1.99,25,"1976-2024","England"
17,"Argynnis paphia","Silver-washed Fritillary",1977,27,1.39,49,"1976-2024","England"
17,"Argynnis paphia","Silver-washed Fritillary",1978,29,1.56,48,"1976-2024","England"
17,"Argynnis paphia","Silver-washed Fritillary",1979,39,1.75,43,"1976-2024","England"
17,"Argynnis paphia","Silver-washed Fritillary",1980,44,1.65,47,"1976-2024","England"
17,"Argynnis paphia","Silver-washed Fritillary",1981,46,1.71,46,"1976-2024","England"
17,"Argynnis paphia","Silver-washed Fritillary",1982,49,1.85,36,"1976-2024","England"
17,"Argynnis paphia","Silver-washed Fritillary",1983,55,1.75,43,"1976-2024","England"
17,"Argynnis paphia","Silver-washed Fritillary",1984,61,1.83,37,"1976-2024","England"
17,"Argynnis paphia","Silver-washed Fritillary",1985,72,1.75,43,"1976-2024","England"
17,"Argynnis paphia","Silver-washed Fritillary",1986,83,1.93,30,"1976-2024","England"
17,"Argynnis paphia","Silver-washed Fritillary",1987,102,2.03,23,"1976-2024","England"
17,"Argynnis paphia","Silver-washed Fritillary",1988,115,1.8,39,"1976-2024","England"
17,"Argynnis paphia","Silver-washed Fritillary",1989,138,1.92,31,"1976-2024","England"
17,"Argynnis paphia","Silver-washed Fritillary",1990,153,1.87,34,"1976-2024","England"
17,"Argynnis paphia","Silver-washed Fritillary",1991,174,1.94,28,"1976-2024","England"
17,"Argynnis paphia","Silver-washed Fritillary",1992,188,2.11,18,"1976-2024","England"
17,"Argynnis paphia","Silver-washed Fritillary",1993,198,1.88,33,"1976-2024","England"
17,"Argynnis paphia","Silver-washed Fritillary",1994,213,1.95,27,"1976-2024","England"
17,"Argynnis paphia","Silver-washed Fritillary",1995,242,2.1,19,"1976-2024","England"
17,"Argynnis paphia","Silver-washed Fritillary",1996,262,2.16,15,"1976-2024","England"
17,"Argynnis paphia","Silver-washed Fritillary",1997,274,2.18,12,"1976-2024","England"
17,"Argynnis paphia","Silver-washed Fritillary",1998,290,1.77,42,"1976-2024","England"
17,"Argynnis paphia","Silver-washed Fritillary",1999,285,1.83,37,"1976-2024","England"
17,"Argynnis paphia","Silver-washed Fritillary",2000,312,1.78,40,"1976-2024","England"
17,"Argynnis paphia","Silver-washed Fritillary",2001,298,1.86,35,"1976-2024","England"
17,"Argynnis paphia","Silver-washed Fritillary",2002,344,1.91,32,"1976-2024","England"
17,"Argynnis paphia","Silver-washed Fritillary",2003,375,2.1,19,"1976-2024","England"
17,"Argynnis paphia","Silver-washed Fritillary",2004,375,2.13,17,"1976-2024","England"
17,"Argynnis paphia","Silver-washed Fritillary",2005,401,2.1,19,"1976-2024","England"
17,"Argynnis paphia","Silver-washed Fritillary",2006,423,2.4,1,"1976-2024","England"
17,"Argynnis paphia","Silver-washed Fritillary",2007,490,2.05,22,"1976-2024","England"
17,"Argynnis paphia","Silver-washed Fritillary",2008,525,1.98,26,"1976-2024","England"
17,"Argynnis paphia","Silver-washed Fritillary",2009,642,2.16,15,"1976-2024","England"
17,"Argynnis paphia","Silver-washed Fritillary",2010,660,2.35,3,"1976-2024","England"
17,"Argynnis paphia","Silver-washed Fritillary",2011,686,2.18,12,"1976-2024","England"
17,"Argynnis paphia","Silver-washed Fritillary",2012,688,1.94,28,"1976-2024","England"
17,"Argynnis paphia","Silver-washed Fritillary",2013,747,2.28,5,"1976-2024","England"
17,"Argynnis paphia","Silver-washed Fritillary",2014,809,2.26,8,"1976-2024","England"
17,"Argynnis paphia","Silver-washed Fritillary",2015,909,2.27,6,"1976-2024","England"
17,"Argynnis paphia","Silver-washed Fritillary",2016,952,2.01,24,"1976-2024","England"
17,"Argynnis paphia","Silver-washed Fritillary",2017,1023,2.39,2,"1976-2024","England"
17,"Argynnis paphia","Silver-washed Fritillary",2018,1069,2.34,4,"1976-2024","England"
17,"Argynnis paphia","Silver-washed Fritillary",2019,1100,2.27,6,"1976-2024","England"
17,"Argynnis paphia","Silver-washed Fritillary",2020,968,2.18,12,"1976-2024","England"
17,"Argynnis paphia","Silver-washed Fritillary",2021,1100,2.19,10,"1976-2024","England"
17,"Argynnis paphia","Silver-washed Fritillary",2022,1165,2.22,9,"1976-2024","England"
17,"Argynnis paphia","Silver-washed Fritillary",2023,1176,2.19,10,"1976-2024","England"
17,"Argynnis paphia","Silver-washed Fritillary",2024,1182,1.78,40,"1976-2024","England"
20,"Aricia agestis","Brown Argus",1976,23,2.37,4,"1976-2024","England"
20,"Aricia agestis","Brown Argus",1977,30,1.93,32,"1976-2024","England"
20,"Aricia agestis","Brown Argus",1978,30,1.81,40,"1976-2024","England"
20,"Aricia agestis","Brown Argus",1979,41,2.03,20,"1976-2024","England"
20,"Aricia agestis","Brown Argus",1980,45,1.9,33,"1976-2024","England"
20,"Aricia agestis","Brown Argus",1981,48,1.73,44,"1976-2024","England"
20,"Aricia agestis","Brown Argus",1982,51,2.24,8,"1976-2024","England"
20,"Aricia agestis","Brown Argus",1983,60,2.04,18,"1976-2024","England"
20,"Aricia agestis","Brown Argus",1984,69,2.19,10,"1976-2024","England"
20,"Aricia agestis","Brown Argus",1985,75,1.83,38,"1976-2024","England"
20,"Aricia agestis","Brown Argus",1986,85,1.73,44,"1976-2024","England"
20,"Aricia agestis","Brown Argus",1987,99,1.62,48,"1976-2024","England"
20,"Aricia agestis","Brown Argus",1988,114,1.69,47,"1976-2024","England"
20,"Aricia agestis","Brown Argus",1989,136,1.96,31,"1976-2024","England"
20,"Aricia agestis","Brown Argus",1990,151,2.05,17,"1976-2024","England"
20,"Aricia agestis","Brown Argus",1991,171,2.01,23,"1976-2024","England"
20,"Aricia agestis","Brown Argus",1992,189,1.86,35,"1976-2024","England"
20,"Aricia agestis","Brown Argus",1993,207,1.74,43,"1976-2024","England"
20,"Aricia agestis","Brown Argus",1994,226,2.06,16,"1976-2024","England"
20,"Aricia agestis","Brown Argus",1995,267,2.26,7,"1976-2024","England"
20,"Aricia agestis","Brown Argus",1996,295,2.45,1,"1976-2024","England"
20,"Aricia agestis","Brown Argus",1997,309,2.28,5,"1976-2024","England"
20,"Aricia agestis","Brown Argus",1998,311,1.81,40,"1976-2024","England"
20,"Aricia agestis","Brown Argus",1999,344,1.99,26,"1976-2024","England"
20,"Aricia agestis","Brown Argus",2000,363,2.11,14,"1976-2024","England"
20,"Aricia agestis","Brown Argus",2001,349,1.86,35,"1976-2024","England"
20,"Aricia agestis","Brown Argus",2002,373,1.87,34,"1976-2024","England"
20,"Aricia agestis","Brown Argus",2003,421,2.03,20,"1976-2024","England"
20,"Aricia agestis","Brown Argus",2004,411,2.04,18,"1976-2024","England"
20,"Aricia agestis","Brown Argus",2005,445,2.07,15,"1976-2024","England"
20,"Aricia agestis","Brown Argus",2006,489,2.2,9,"1976-2024","England"
20,"Aricia agestis","Brown Argus",2007,529,1.82,39,"1976-2024","England"
20,"Aricia agestis","Brown Argus",2008,564,1.71,46,"1976-2024","England"
20,"Aricia agestis","Brown Argus",2009,762,2,24,"1976-2024","England"
20,"Aricia agestis","Brown Argus",2010,768,2.28,5,"1976-2024","England"
20,"Aricia agestis","Brown Argus",2011,796,2.14,12,"1976-2024","England"
20,"Aricia agestis","Brown Argus",2012,800,1.51,49,"1976-2024","England"
20,"Aricia agestis","Brown Argus",2013,856,2.03,20,"1976-2024","England"
20,"Aricia agestis","Brown Argus",2014,941,2.14,12,"1976-2024","England"
20,"Aricia agestis","Brown Argus",2015,1025,2,24,"1976-2024","England"
20,"Aricia agestis","Brown Argus",2016,1075,1.86,35,"1976-2024","England"
20,"Aricia agestis","Brown Argus",2017,1161,1.99,26,"1976-2024","England"
20,"Aricia agestis","Brown Argus",2018,1237,2.41,3,"1976-2024","England"
20,"Aricia agestis","Brown Argus",2019,1284,2.19,10,"1976-2024","England"
20,"Aricia agestis","Brown Argus",2020,1115,1.97,30,"1976-2024","England"
20,"Aricia agestis","Brown Argus",2021,1309,1.98,29,"1976-2024","England"
20,"Aricia agestis","Brown Argus",2022,1410,1.99,26,"1976-2024","England"
20,"Aricia agestis","Brown Argus",2023,1440,2.42,2,"1976-2024","England"
20,"Aricia agestis","Brown Argus",2024,1455,1.79,42,"1976-2024","England"
21,"Aricia artaxerxes","Northern Brown Argus",1979,3,2.38,5,"1976-2024","England"
21,"Aricia artaxerxes","Northern Brown Argus",1980,3,2.14,12,"1976-2024","England"
21,"Aricia artaxerxes","Northern Brown Argus",1981,3,1.45,46,"1976-2024","England"
21,"Aricia artaxerxes","Northern Brown Argus",1982,4,2.08,15,"1976-2024","England"
21,"Aricia artaxerxes","Northern Brown Argus",1983,4,2.27,7,"1976-2024","England"
21,"Aricia artaxerxes","Northern Brown Argus",1984,4,2,21,"1976-2024","England"
21,"Aricia artaxerxes","Northern Brown Argus",1985,4,1.6,45,"1976-2024","England"
21,"Aricia artaxerxes","Northern Brown Argus",1986,4,2.06,19,"1976-2024","England"
21,"Aricia artaxerxes","Northern Brown Argus",1987,4,2.25,9,"1976-2024","England"
21,"Aricia artaxerxes","Northern Brown Argus",1988,4,2.38,5,"1976-2024","England"
21,"Aricia artaxerxes","Northern Brown Argus",1989,5,2.42,3,"1976-2024","England"
21,"Aricia artaxerxes","Northern Brown Argus",1990,9,2.22,10,"1976-2024","England"
21,"Aricia artaxerxes","Northern Brown Argus",1991,9,2.07,16,"1976-2024","England"
21,"Aricia artaxerxes","Northern Brown Argus",1992,10,2.46,1,"1976-2024","England"
21,"Aricia artaxerxes","Northern Brown Argus",1993,8,2.4,4,"1976-2024","England"
21,"Aricia artaxerxes","Northern Brown Argus",1994,13,2.44,2,"1976-2024","England"
21,"Aricia artaxerxes","Northern Brown Argus",1995,15,2.27,7,"1976-2024","England"
21,"Aricia artaxerxes","Northern Brown Argus",1996,16,2.02,20,"1976-2024","England"
21,"Aricia artaxerxes","Northern Brown Argus",1997,20,2.17,11,"1976-2024","England"
21,"Aricia artaxerxes","Northern Brown Argus",1998,21,2.07,16,"1976-2024","England"
21,"Aricia artaxerxes","Northern Brown Argus",1999,21,2.1,14,"1976-2024","England"
21,"Aricia artaxerxes","Northern Brown Argus",2000,24,2.14,12,"1976-2024","England"
21,"Aricia artaxerxes","Northern Brown Argus",2001,18,1.98,22,"1976-2024","England"
21,"Aricia artaxerxes","Northern Brown Argus",2002,30,1.95,23,"1976-2024","England"
21,"Aricia artaxerxes","Northern Brown Argus",2003,33,2.07,16,"1976-2024","England"
21,"Aricia artaxerxes","Northern Brown Argus",2004,34,1.92,26,"1976-2024","England"
21,"Aricia artaxerxes","Northern Brown Argus",2005,35,1.87,33,"1976-2024","England"
21,"Aricia artaxerxes","Northern Brown Argus",2006,35,1.92,26,"1976-2024","England"
21,"Aricia artaxerxes","Northern Brown Argus",2007,38,1.61,44,"1976-2024","England"
21,"Aricia artaxerxes","Northern Brown Argus",2008,37,1.76,40,"1976-2024","England"
21,"Aricia artaxerxes","Northern Brown Argus",2009,40,1.84,35,"1976-2024","England"
21,"Aricia artaxerxes","Northern Brown Argus",2010,37,1.85,34,"1976-2024","England"
21,"Aricia artaxerxes","Northern Brown Argus",2011,39,1.95,23,"1976-2024","England"
21,"Aricia artaxerxes","Northern Brown Argus",2012,38,1.82,38,"1976-2024","England"
21,"Aricia artaxerxes","Northern Brown Argus",2013,38,1.88,32,"1976-2024","England"
21,"Aricia artaxerxes","Northern Brown Argus",2014,51,1.84,35,"1976-2024","England"
21,"Aricia artaxerxes","Northern Brown Argus",2015,55,1.89,31,"1976-2024","England"
21,"Aricia artaxerxes","Northern Brown Argus",2016,57,1.92,26,"1976-2024","England"
21,"Aricia artaxerxes","Northern Brown Argus",2017,54,1.76,40,"1976-2024","England"
21,"Aricia artaxerxes","Northern Brown Argus",2018,49,1.81,39,"1976-2024","England"
21,"Aricia artaxerxes","Northern Brown Argus",2019,48,1.95,23,"1976-2024","England"
21,"Aricia artaxerxes","Northern Brown Argus",2020,35,1.92,26,"1976-2024","England"
21,"Aricia artaxerxes","Northern Brown Argus",2021,47,1.92,26,"1976-2024","England"
21,"Aricia artaxerxes","Northern Brown Argus",2022,50,1.64,43,"1976-2024","England"
21,"Aricia artaxerxes","Northern Brown Argus",2023,47,1.7,42,"1976-2024","England"
21,"Aricia artaxerxes","Northern Brown Argus",2024,47,1.84,35,"1976-2024","England"
14,"Boloria euphrosyne","Pearl-bordered Fritillary",1978,7,2.24,9,"1976-2024","England"
14,"Boloria euphrosyne","Pearl-bordered Fritillary",1979,10,1.86,30,"1976-2024","England"
14,"Boloria euphrosyne","Pearl-bordered Fritillary",1980,13,2.33,5,"1976-2024","England"
14,"Boloria euphrosyne","Pearl-bordered Fritillary",1981,14,2.12,19,"1976-2024","England"
14,"Boloria euphrosyne","Pearl-bordered Fritillary",1982,18,2.31,6,"1976-2024","England"
14,"Boloria euphrosyne","Pearl-bordered Fritillary",1983,20,1.93,25,"1976-2024","England"
14,"Boloria euphrosyne","Pearl-bordered Fritillary",1984,22,2.13,17,"1976-2024","England"
14,"Boloria euphrosyne","Pearl-bordered Fritillary",1985,26,2.27,7,"1976-2024","England"
14,"Boloria euphrosyne","Pearl-bordered Fritillary",1986,30,2.21,13,"1976-2024","England"
14,"Boloria euphrosyne","Pearl-bordered Fritillary",1987,41,2.47,1,"1976-2024","England"
14,"Boloria euphrosyne","Pearl-bordered Fritillary",1988,46,1.99,23,"1976-2024","England"
14,"Boloria euphrosyne","Pearl-bordered Fritillary",1989,58,2.23,11,"1976-2024","England"
14,"Boloria euphrosyne","Pearl-bordered Fritillary",1990,63,2.42,3,"1976-2024","England"
14,"Boloria euphrosyne","Pearl-bordered Fritillary",1991,75,2.35,4,"1976-2024","England"
14,"Boloria euphrosyne","Pearl-bordered Fritillary",1992,78,2.24,9,"1976-2024","England"
14,"Boloria euphrosyne","Pearl-bordered Fritillary",1993,78,2.27,7,"1976-2024","England"
14,"Boloria euphrosyne","Pearl-bordered Fritillary",1994,82,2.1,20,"1976-2024","England"
14,"Boloria euphrosyne","Pearl-bordered Fritillary",1995,92,2.21,13,"1976-2024","England"
14,"Boloria euphrosyne","Pearl-bordered Fritillary",1996,100,2.22,12,"1976-2024","England"
14,"Boloria euphrosyne","Pearl-bordered Fritillary",1997,101,2.46,2,"1976-2024","England"
14,"Boloria euphrosyne","Pearl-bordered Fritillary",1998,109,2.19,16,"1976-2024","England"
14,"Boloria euphrosyne","Pearl-bordered Fritillary",1999,103,1.86,30,"1976-2024","England"
14,"Boloria euphrosyne","Pearl-bordered Fritillary",2000,105,1.79,36,"1976-2024","England"
14,"Boloria euphrosyne","Pearl-bordered Fritillary",2001,95,1.9,27,"1976-2024","England"
14,"Boloria euphrosyne","Pearl-bordered Fritillary",2002,131,2.05,22,"1976-2024","England"
14,"Boloria euphrosyne","Pearl-bordered Fritillary",2003,131,2.13,17,"1976-2024","England"
14,"Boloria euphrosyne","Pearl-bordered Fritillary",2004,118,2.08,21,"1976-2024","England"
14,"Boloria euphrosyne","Pearl-bordered Fritillary",2005,112,1.95,24,"1976-2024","England"
14,"Boloria euphrosyne","Pearl-bordered Fritillary",2006,112,1.84,32,"1976-2024","England"
14,"Boloria euphrosyne","Pearl-bordered Fritillary",2007,116,1.89,29,"1976-2024","England"
14,"Boloria euphrosyne","Pearl-bordered Fritillary",2008,115,1.64,44,"1976-2024","England"
14,"Boloria euphrosyne","Pearl-bordered Fritillary",2009,118,1.82,34,"1976-2024","England"
14,"Boloria euphrosyne","Pearl-bordered Fritillary",2010,127,1.91,26,"1976-2024","England"
14,"Boloria euphrosyne","Pearl-bordered Fritillary",2011,123,2.21,13,"1976-2024","England"
14,"Boloria euphrosyne","Pearl-bordered Fritillary",2012,120,1.9,27,"1976-2024","England"
14,"Boloria euphrosyne","Pearl-bordered Fritillary",2013,121,1.63,45,"1976-2024","England"
14,"Boloria euphrosyne","Pearl-bordered Fritillary",2014,157,1.74,38,"1976-2024","England"
14,"Boloria euphrosyne","Pearl-bordered Fritillary",2015,173,1.74,38,"1976-2024","England"
14,"Boloria euphrosyne","Pearl-bordered Fritillary",2016,174,1.68,43,"1976-2024","England"
14,"Boloria euphrosyne","Pearl-bordered Fritillary",2017,187,1.74,38,"1976-2024","England"
14,"Boloria euphrosyne","Pearl-bordered Fritillary",2018,185,1.78,37,"1976-2024","England"
14,"Boloria euphrosyne","Pearl-bordered Fritillary",2019,168,1.81,35,"1976-2024","England"
14,"Boloria euphrosyne","Pearl-bordered Fritillary",2020,122,1.83,33,"1976-2024","England"
14,"Boloria euphrosyne","Pearl-bordered Fritillary",2021,140,1.72,41,"1976-2024","England"
14,"Boloria euphrosyne","Pearl-bordered Fritillary",2022,149,1.72,41,"1976-2024","England"
14,"Boloria euphrosyne","Pearl-bordered Fritillary",2023,150,1.62,46,"1976-2024","England"
14,"Boloria euphrosyne","Pearl-bordered Fritillary",2024,156,1.5,47,"1976-2024","England"
18,"Boloria selene","Small Pearl-bordered Fritillary",1978,9,1.88,32,"1976-2024","England"
18,"Boloria selene","Small Pearl-bordered Fritillary",1979,12,2.23,6,"1976-2024","England"
18,"Boloria selene","Small Pearl-bordered Fritillary",1980,16,2.18,12,"1976-2024","England"
18,"Boloria selene","Small Pearl-bordered Fritillary",1981,17,2.12,16,"1976-2024","England"
18,"Boloria selene","Small Pearl-bordered Fritillary",1982,18,2.22,9,"1976-2024","England"
18,"Boloria selene","Small Pearl-bordered Fritillary",1983,19,1.85,36,"1976-2024","England"
18,"Boloria selene","Small Pearl-bordered Fritillary",1984,23,2.08,19,"1976-2024","England"
18,"Boloria selene","Small Pearl-bordered Fritillary",1985,24,2.33,5,"1976-2024","England"
18,"Boloria selene","Small Pearl-bordered Fritillary",1986,25,2.12,16,"1976-2024","England"
18,"Boloria selene","Small Pearl-bordered Fritillary",1987,29,2.39,2,"1976-2024","England"
18,"Boloria selene","Small Pearl-bordered Fritillary",1988,36,2.14,15,"1976-2024","England"
18,"Boloria selene","Small Pearl-bordered Fritillary",1989,46,2.43,1,"1976-2024","England"
18,"Boloria selene","Small Pearl-bordered Fritillary",1990,49,2.39,2,"1976-2024","England"
18,"Boloria selene","Small Pearl-bordered Fritillary",1991,58,2.09,18,"1976-2024","England"
18,"Boloria selene","Small Pearl-bordered Fritillary",1992,61,2.36,4,"1976-2024","England"
18,"Boloria selene","Small Pearl-bordered Fritillary",1993,63,2.2,10,"1976-2024","England"
18,"Boloria selene","Small Pearl-bordered Fritillary",1994,72,2.23,6,"1976-2024","England"
18,"Boloria selene","Small Pearl-bordered Fritillary",1995,80,2.23,6,"1976-2024","England"
18,"Boloria selene","Small Pearl-bordered Fritillary",1996,84,2.16,14,"1976-2024","England"
18,"Boloria selene","Small Pearl-bordered Fritillary",1997,87,2.19,11,"1976-2024","England"
18,"Boloria selene","Small Pearl-bordered Fritillary",1998,96,1.89,31,"1976-2024","England"
18,"Boloria selene","Small Pearl-bordered Fritillary",1999,98,1.91,30,"1976-2024","England"
18,"Boloria selene","Small Pearl-bordered Fritillary",2000,104,1.72,43,"1976-2024","England"
18,"Boloria selene","Small Pearl-bordered Fritillary",2001,94,1.88,32,"1976-2024","England"
18,"Boloria selene","Small Pearl-bordered Fritillary",2002,123,1.92,29,"1976-2024","England"
18,"Boloria selene","Small Pearl-bordered Fritillary",2003,124,2.01,21,"1976-2024","England"
18,"Boloria selene","Small Pearl-bordered Fritillary",2004,116,1.97,23,"1976-2024","England"
18,"Boloria selene","Small Pearl-bordered Fritillary",2005,118,1.99,22,"1976-2024","England"
18,"Boloria selene","Small Pearl-bordered Fritillary",2006,117,1.95,24,"1976-2024","England"
18,"Boloria selene","Small Pearl-bordered Fritillary",2007,121,1.82,39,"1976-2024","England"
18,"Boloria selene","Small Pearl-bordered Fritillary",2008,124,1.75,41,"1976-2024","England"
18,"Boloria selene","Small Pearl-bordered Fritillary",2009,130,1.95,24,"1976-2024","England"
18,"Boloria selene","Small Pearl-bordered Fritillary",2010,130,2.08,19,"1976-2024","England"
18,"Boloria selene","Small Pearl-bordered Fritillary",2011,126,2.17,13,"1976-2024","England"
18,"Boloria selene","Small Pearl-bordered Fritillary",2012,121,1.94,28,"1976-2024","England"
18,"Boloria selene","Small Pearl-bordered Fritillary",2013,128,1.95,24,"1976-2024","England"
18,"Boloria selene","Small Pearl-bordered Fritillary",2014,133,1.95,24,"1976-2024","England"
18,"Boloria selene","Small Pearl-bordered Fritillary",2015,159,1.87,34,"1976-2024","England"
18,"Boloria selene","Small Pearl-bordered Fritillary",2016,164,1.72,43,"1976-2024","England"
18,"Boloria selene","Small Pearl-bordered Fritillary",2017,168,1.85,36,"1976-2024","England"
18,"Boloria selene","Small Pearl-bordered Fritillary",2018,160,1.87,34,"1976-2024","England"
18,"Boloria selene","Small Pearl-bordered Fritillary",2019,156,1.84,38,"1976-2024","England"
18,"Boloria selene","Small Pearl-bordered Fritillary",2020,130,1.73,42,"1976-2024","England"
18,"Boloria selene","Small Pearl-bordered Fritillary",2021,159,1.79,40,"1976-2024","England"
18,"Boloria selene","Small Pearl-bordered Fritillary",2022,156,1.65,45,"1976-2024","England"
18,"Boloria selene","Small Pearl-bordered Fritillary",2023,167,1.61,46,"1976-2024","England"
18,"Boloria selene","Small Pearl-bordered Fritillary",2024,166,1.43,47,"1976-2024","England"
23,"Callophrys rubi","Green Hairstreak",1976,15,2.18,7,"1976-2024","England"
23,"Callophrys rubi","Green Hairstreak",1977,22,1.96,29,"1976-2024","England"
23,"Callophrys rubi","Green Hairstreak",1978,26,1.9,37,"1976-2024","England"
23,"Callophrys rubi","Green Hairstreak",1979,36,1.94,32,"1976-2024","England"
23,"Callophrys rubi","Green Hairstreak",1980,41,2.19,6,"1976-2024","England"
23,"Callophrys rubi","Green Hairstreak",1981,43,1.9,37,"1976-2024","England"
23,"Callophrys rubi","Green Hairstreak",1982,48,2.21,4,"1976-2024","England"
23,"Callophrys rubi","Green Hairstreak",1983,55,2.03,20,"1976-2024","England"
23,"Callophrys rubi","Green Hairstreak",1984,58,2.26,2,"1976-2024","England"
23,"Callophrys rubi","Green Hairstreak",1985,67,2.25,3,"1976-2024","England"
23,"Callophrys rubi","Green Hairstreak",1986,74,1.93,35,"1976-2024","England"
23,"Callophrys rubi","Green Hairstreak",1987,87,1.92,36,"1976-2024","England"
23,"Callophrys rubi","Green Hairstreak",1988,101,2.38,1,"1976-2024","England"
23,"Callophrys rubi","Green Hairstreak",1989,121,1.78,44,"1976-2024","England"
23,"Callophrys rubi","Green Hairstreak",1990,143,2.09,15,"1976-2024","England"
23,"Callophrys rubi","Green Hairstreak",1991,154,1.94,32,"1976-2024","England"
23,"Callophrys rubi","Green Hairstreak",1992,173,2.04,18,"1976-2024","England"
23,"Callophrys rubi","Green Hairstreak",1993,185,2.2,5,"1976-2024","England"
23,"Callophrys rubi","Green Hairstreak",1994,200,2.17,8,"1976-2024","England"
23,"Callophrys rubi","Green Hairstreak",1995,232,2.16,10,"1976-2024","England"
23,"Callophrys rubi","Green Hairstreak",1996,244,1.96,29,"1976-2024","England"
23,"Callophrys rubi","Green Hairstreak",1997,269,2.13,13,"1976-2024","England"
23,"Callophrys rubi","Green Hairstreak",1998,276,1.94,32,"1976-2024","England"
23,"Callophrys rubi","Green Hairstreak",1999,281,2.04,18,"1976-2024","England"
23,"Callophrys rubi","Green Hairstreak",2000,307,2.14,12,"1976-2024","England"
23,"Callophrys rubi","Green Hairstreak",2001,291,2.01,23,"1976-2024","England"
23,"Callophrys rubi","Green Hairstreak",2002,332,2.01,23,"1976-2024","England"
23,"Callophrys rubi","Green Hairstreak",2003,363,1.89,40,"1976-2024","England"
23,"Callophrys rubi","Green Hairstreak",2004,357,2.02,22,"1976-2024","England"
23,"Callophrys rubi","Green Hairstreak",2005,372,2.06,16,"1976-2024","England"
23,"Callophrys rubi","Green Hairstreak",2006,385,1.95,31,"1976-2024","England"
23,"Callophrys rubi","Green Hairstreak",2007,414,1.99,27,"1976-2024","England"
23,"Callophrys rubi","Green Hairstreak",2008,439,1.77,45,"1976-2024","England"
23,"Callophrys rubi","Green Hairstreak",2009,471,2.01,23,"1976-2024","England"
23,"Callophrys rubi","Green Hairstreak",2010,471,2.16,10,"1976-2024","England"
23,"Callophrys rubi","Green Hairstreak",2011,478,2.17,8,"1976-2024","England"
23,"Callophrys rubi","Green Hairstreak",2012,475,1.52,49,"1976-2024","England"
23,"Callophrys rubi","Green Hairstreak",2013,511,1.69,48,"1976-2024","England"
23,"Callophrys rubi","Green Hairstreak",2014,553,2.03,20,"1976-2024","England"
23,"Callophrys rubi","Green Hairstreak",2015,639,1.9,37,"1976-2024","England"
23,"Callophrys rubi","Green Hairstreak",2016,664,1.76,47,"1976-2024","England"
23,"Callophrys rubi","Green Hairstreak",2017,697,1.83,42,"1976-2024","England"
23,"Callophrys rubi","Green Hairstreak",2018,739,1.97,28,"1976-2024","England"
23,"Callophrys rubi","Green Hairstreak",2019,770,2.11,14,"1976-2024","England"
23,"Callophrys rubi","Green Hairstreak",2020,654,2.05,17,"1976-2024","England"
23,"Callophrys rubi","Green Hairstreak",2021,752,1.77,45,"1976-2024","England"
23,"Callophrys rubi","Green Hairstreak",2022,782,2.01,23,"1976-2024","England"
23,"Callophrys rubi","Green Hairstreak",2023,794,1.81,43,"1976-2024","England"
23,"Callophrys rubi","Green Hairstreak",2024,801,1.88,41,"1976-2024","England"
27,"Celastrina argiolus","Holly Blue",1976,29,2.16,17,"1976-2024","England"
27,"Celastrina argiolus","Holly Blue",1977,41,1.9,32,"1976-2024","England"
27,"Celastrina argiolus","Holly Blue",1978,44,1.8,36,"1976-2024","England"
27,"Celastrina argiolus","Holly Blue",1979,56,1.9,32,"1976-2024","England"
27,"Celastrina argiolus","Holly Blue",1980,63,1.66,40,"1976-2024","England"
27,"Celastrina argiolus","Holly Blue",1981,64,1.08,49,"1976-2024","England"
27,"Celastrina argiolus","Holly Blue",1982,70,1.45,43,"1976-2024","England"
27,"Celastrina argiolus","Holly Blue",1983,81,1.65,41,"1976-2024","England"
27,"Celastrina argiolus","Holly Blue",1984,91,2.14,19,"1976-2024","England"
27,"Celastrina argiolus","Holly Blue",1985,102,2.14,19,"1976-2024","England"
27,"Celastrina argiolus","Holly Blue",1986,111,1.39,45,"1976-2024","England"
27,"Celastrina argiolus","Holly Blue",1987,131,1.3,47,"1976-2024","England"
27,"Celastrina argiolus","Holly Blue",1988,153,1.22,48,"1976-2024","England"
27,"Celastrina argiolus","Holly Blue",1989,182,2.31,8,"1976-2024","England"
27,"Celastrina argiolus","Holly Blue",1990,209,2.82,1,"1976-2024","England"
27,"Celastrina argiolus","Holly Blue",1991,236,2.7,2,"1976-2024","England"
27,"Celastrina argiolus","Holly Blue",1992,262,2.31,8,"1976-2024","England"
27,"Celastrina argiolus","Holly Blue",1993,276,1.43,44,"1976-2024","England"
27,"Celastrina argiolus","Holly Blue",1994,308,1.38,46,"1976-2024","England"
27,"Celastrina argiolus","Holly Blue",1995,360,1.72,38,"1976-2024","England"
27,"Celastrina argiolus","Holly Blue",1996,396,2.51,4,"1976-2024","England"
27,"Celastrina argiolus","Holly Blue",1997,429,2.46,6,"1976-2024","England"
27,"Celastrina argiolus","Holly Blue",1998,450,2.48,5,"1976-2024","England"
27,"Celastrina argiolus","Holly Blue",1999,455,1.95,30,"1976-2024","England"
27,"Celastrina argiolus","Holly Blue",2000,487,1.75,37,"1976-2024","England"
27,"Celastrina argiolus","Holly Blue",2001,463,2.03,27,"1976-2024","England"
27,"Celastrina argiolus","Holly Blue",2002,529,2.21,15,"1976-2024","England"
27,"Celastrina argiolus","Holly Blue",2003,577,1.88,34,"1976-2024","England"
27,"Celastrina argiolus","Holly Blue",2004,582,2.26,10,"1976-2024","England"
27,"Celastrina argiolus","Holly Blue",2005,604,2.13,21,"1976-2024","England"
27,"Celastrina argiolus","Holly Blue",2006,645,1.98,28,"1976-2024","England"
27,"Celastrina argiolus","Holly Blue",2007,793,2.24,13,"1976-2024","England"
27,"Celastrina argiolus","Holly Blue",2008,802,2.07,25,"1976-2024","England"
27,"Celastrina argiolus","Holly Blue",2009,1140,1.65,41,"1976-2024","England"
27,"Celastrina argiolus","Holly Blue",2010,1166,2.13,21,"1976-2024","England"
27,"Celastrina argiolus","Holly Blue",2011,1189,2.12,23,"1976-2024","England"
27,"Celastrina argiolus","Holly Blue",2012,1222,1.95,30,"1976-2024","England"
27,"Celastrina argiolus","Holly Blue",2013,1331,1.81,35,"1976-2024","England"
27,"Celastrina argiolus","Holly Blue",2014,1426,1.71,39,"1976-2024","England"
27,"Celastrina argiolus","Holly Blue",2015,1552,2.25,11,"1976-2024","England"
27,"Celastrina argiolus","Holly Blue",2016,1625,2.06,26,"1976-2024","England"
27,"Celastrina argiolus","Holly Blue",2017,1766,2.16,17,"1976-2024","England"
27,"Celastrina argiolus","Holly Blue",2018,1885,2.36,7,"1976-2024","England"
27,"Celastrina argiolus","Holly Blue",2019,2003,2.24,13,"1976-2024","England"
27,"Celastrina argiolus","Holly Blue",2020,1723,2.25,11,"1976-2024","England"
27,"Celastrina argiolus","Holly Blue",2021,2008,1.96,29,"1976-2024","England"
27,"Celastrina argiolus","Holly Blue",2022,2183,2.21,15,"1976-2024","England"
27,"Celastrina argiolus","Holly Blue",2023,2224,2.63,3,"1976-2024","England"
27,"Celastrina argiolus","Holly Blue",2024,2281,2.1,24,"1976-2024","England"
29,"Coenonympha pamphilus","Small Heath",1976,30,2.44,1,"1976-2024","England"
29,"Coenonympha pamphilus","Small Heath",1977,44,2.05,21,"1976-2024","England"
29,"Coenonympha pamphilus","Small Heath",1978,48,2.07,19,"1976-2024","England"
29,"Coenonympha pamphilus","Small Heath",1979,58,2.17,9,"1976-2024","England"
29,"Coenonympha pamphilus","Small Heath",1980,66,2.14,11,"1976-2024","England"
29,"Coenonympha pamphilus","Small Heath",1981,68,2.04,23,"1976-2024","England"
29,"Coenonympha pamphilus","Small Heath",1982,74,2.22,5,"1976-2024","England"
29,"Coenonympha pamphilus","Small Heath",1983,84,2.12,13,"1976-2024","England"
29,"Coenonympha pamphilus","Small Heath",1984,95,2.18,8,"1976-2024","England"
29,"Coenonympha pamphilus","Small Heath",1985,104,2.03,24,"1976-2024","England"
29,"Coenonympha pamphilus","Small Heath",1986,111,2.24,4,"1976-2024","England"
29,"Coenonympha pamphilus","Small Heath",1987,130,2.21,6,"1976-2024","England"
29,"Coenonympha pamphilus","Small Heath",1988,153,2.1,15,"1976-2024","England"
29,"Coenonympha pamphilus","Small Heath",1989,185,2.32,2,"1976-2024","England"
29,"Coenonympha pamphilus","Small Heath",1990,211,2.25,3,"1976-2024","England"
29,"Coenonympha pamphilus","Small Heath",1991,233,2.05,21,"1976-2024","England"
29,"Coenonympha pamphilus","Small Heath",1992,256,1.98,30,"1976-2024","England"
29,"Coenonympha pamphilus","Small Heath",1993,285,1.74,43,"1976-2024","England"
29,"Coenonympha pamphilus","Small Heath",1994,303,1.84,39,"1976-2024","England"
29,"Coenonympha pamphilus","Small Heath",1995,350,1.97,31,"1976-2024","England"
29,"Coenonympha pamphilus","Small Heath",1996,386,2.15,10,"1976-2024","England"
29,"Coenonympha pamphilus","Small Heath",1997,405,2.2,7,"1976-2024","England"
29,"Coenonympha pamphilus","Small Heath",1998,413,1.93,34,"1976-2024","England"
29,"Coenonympha pamphilus","Small Heath",1999,439,1.81,40,"1976-2024","England"
29,"Coenonympha pamphilus","Small Heath",2000,470,1.66,48,"1976-2024","England"
29,"Coenonympha pamphilus","Small Heath",2001,437,1.7,44,"1976-2024","England"
29,"Coenonympha pamphilus","Small Heath",2002,499,1.67,46,"1976-2024","England"
29,"Coenonympha pamphilus","Small Heath",2003,549,2.07,19,"1976-2024","England"
29,"Coenonympha pamphilus","Small Heath",2004,536,2.1,15,"1976-2024","England"
29,"Coenonympha pamphilus","Small Heath",2005,559,2,28,"1976-2024","England"
29,"Coenonympha pamphilus","Small Heath",2006,606,1.95,32,"1976-2024","England"
29,"Coenonympha pamphilus","Small Heath",2007,711,1.67,46,"1976-2024","England"
29,"Coenonympha pamphilus","Small Heath",2008,737,1.65,49,"1976-2024","England"
29,"Coenonympha pamphilus","Small Heath",2009,978,1.79,42,"1976-2024","England"
29,"Coenonympha pamphilus","Small Heath",2010,982,2.01,25,"1976-2024","England"
29,"Coenonympha pamphilus","Small Heath",2011,1007,2.08,18,"1976-2024","England"
29,"Coenonympha pamphilus","Small Heath",2012,1031,1.91,36,"1976-2024","England"
29,"Coenonympha pamphilus","Small Heath",2013,1147,2.01,25,"1976-2024","England"
29,"Coenonympha pamphilus","Small Heath",2014,1238,1.87,38,"1976-2024","England"
29,"Coenonympha pamphilus","Small Heath",2015,1360,1.81,40,"1976-2024","England"
29,"Coenonympha pamphilus","Small Heath",2016,1423,1.69,45,"1976-2024","England"
29,"Coenonympha pamphilus","Small Heath",2017,1536,1.94,33,"1976-2024","England"
29,"Coenonympha pamphilus","Small Heath",2018,1618,2.12,13,"1976-2024","England"
29,"Coenonympha pamphilus","Small Heath",2019,1716,2.14,11,"1976-2024","England"
29,"Coenonympha pamphilus","Small Heath",2020,1469,2.1,15,"1976-2024","England"
29,"Coenonympha pamphilus","Small Heath",2021,1719,2.01,25,"1976-2024","England"
29,"Coenonympha pamphilus","Small Heath",2022,1840,1.88,37,"1976-2024","England"
29,"Coenonympha pamphilus","Small Heath",2023,1876,1.99,29,"1976-2024","England"
29,"Coenonympha pamphilus","Small Heath",2024,1941,1.92,35,"1976-2024","England"
34,"Colias croceus","Clouded Yellow",1979,54,0.97,42,"1976-2024","England"
34,"Colias croceus","Clouded Yellow",1980,61,1.59,32,"1976-2024","England"
34,"Colias croceus","Clouded Yellow",1981,64,1.75,30,"1976-2024","England"
34,"Colias croceus","Clouded Yellow",1982,69,1.84,26,"1976-2024","England"
34,"Colias croceus","Clouded Yellow",1983,81,3.41,1,"1976-2024","England"
34,"Colias croceus","Clouded Yellow",1984,88,1.9,25,"1976-2024","England"
34,"Colias croceus","Clouded Yellow",1985,96,1.34,37,"1976-2024","England"
34,"Colias croceus","Clouded Yellow",1986,106,1.22,38,"1976-2024","England"
34,"Colias croceus","Clouded Yellow",1987,120,1.11,41,"1976-2024","England"
34,"Colias croceus","Clouded Yellow",1988,136,0.55,46,"1976-2024","England"
34,"Colias croceus","Clouded Yellow",1989,158,1.81,28,"1976-2024","England"
34,"Colias croceus","Clouded Yellow",1990,181,1.96,24,"1976-2024","England"
34,"Colias croceus","Clouded Yellow",1991,197,0.96,43,"1976-2024","England"
34,"Colias croceus","Clouded Yellow",1992,222,2.78,7,"1976-2024","England"
34,"Colias croceus","Clouded Yellow",1993,243,0.79,44,"1976-2024","England"
34,"Colias croceus","Clouded Yellow",1994,267,2.59,10,"1976-2024","England"
34,"Colias croceus","Clouded Yellow",1995,309,0.73,45,"1976-2024","England"
34,"Colias croceus","Clouded Yellow",1996,349,3.13,3,"1976-2024","England"
34,"Colias croceus","Clouded Yellow",1997,350,1.18,39,"1976-2024","England"
34,"Colias croceus","Clouded Yellow",1998,366,2.57,12,"1976-2024","England"
34,"Colias croceus","Clouded Yellow",1999,386,1.45,33,"1976-2024","England"
34,"Colias croceus","Clouded Yellow",2000,433,3.41,1,"1976-2024","England"
34,"Colias croceus","Clouded Yellow",2001,389,1.38,34,"1976-2024","England"
34,"Colias croceus","Clouded Yellow",2002,439,2.73,9,"1976-2024","England"
34,"Colias croceus","Clouded Yellow",2003,475,2.8,6,"1976-2024","England"
34,"Colias croceus","Clouded Yellow",2004,459,2.56,13,"1976-2024","England"
34,"Colias croceus","Clouded Yellow",2005,486,2.36,16,"1976-2024","England"
34,"Colias croceus","Clouded Yellow",2006,528,3.13,3,"1976-2024","England"
34,"Colias croceus","Clouded Yellow",2007,554,2.46,15,"1976-2024","England"
34,"Colias croceus","Clouded Yellow",2008,582,1.35,35,"1976-2024","England"
34,"Colias croceus","Clouded Yellow",2009,712,2.29,19,"1976-2024","England"
34,"Colias croceus","Clouded Yellow",2010,707,1.69,31,"1976-2024","England"
34,"Colias croceus","Clouded Yellow",2011,720,1.76,29,"1976-2024","England"
34,"Colias croceus","Clouded Yellow",2012,741,1.35,35,"1976-2024","England"
34,"Colias croceus","Clouded Yellow",2013,824,2.92,5,"1976-2024","England"
34,"Colias croceus","Clouded Yellow",2014,873,2.74,8,"1976-2024","England"
34,"Colias croceus","Clouded Yellow",2015,924,2.29,19,"1976-2024","England"
34,"Colias croceus","Clouded Yellow",2016,935,2.34,17,"1976-2024","England"
34,"Colias croceus","Clouded Yellow",2017,974,2.18,22,"1976-2024","England"
34,"Colias croceus","Clouded Yellow",2018,1013,2.3,18,"1976-2024","England"
34,"Colias croceus","Clouded Yellow",2019,1023,2.26,21,"1976-2024","England"
34,"Colias croceus","Clouded Yellow",2020,868,2.5,14,"1976-2024","England"
34,"Colias croceus","Clouded Yellow",2021,951,2.03,23,"1976-2024","England"
34,"Colias croceus","Clouded Yellow",2022,985,2.59,10,"1976-2024","England"
34,"Colias croceus","Clouded Yellow",2023,950,1.83,27,"1976-2024","England"
34,"Colias croceus","Clouded Yellow",2024,945,1.13,40,"1976-2024","England"
36,"Cupido minimus","Small Blue",1979,18,2.24,6,"1976-2024","England"
36,"Cupido minimus","Small Blue",1980,21,2.11,16,"1976-2024","England"
36,"Cupido minimus","Small Blue",1981,22,1.6,44,"1976-2024","England"
36,"Cupido minimus","Small Blue",1982,24,1.56,45,"1976-2024","England"
36,"Cupido minimus","Small Blue",1983,28,1.5,46,"1976-2024","England"
36,"Cupido minimus","Small Blue",1984,28,2.11,16,"1976-2024","England"
36,"Cupido minimus","Small Blue",1985,31,2.14,10,"1976-2024","England"
36,"Cupido minimus","Small Blue",1986,34,2.49,1,"1976-2024","England"
36,"Cupido minimus","Small Blue",1987,38,2.45,2,"1976-2024","England"
36,"Cupido minimus","Small Blue",1988,46,2.29,3,"1976-2024","England"
36,"Cupido minimus","Small Blue",1989,57,2.26,4,"1976-2024","England"
36,"Cupido minimus","Small Blue",1990,65,2.09,20,"1976-2024","England"
36,"Cupido minimus","Small Blue",1991,71,1.96,28,"1976-2024","England"
36,"Cupido minimus","Small Blue",1992,81,2.13,12,"1976-2024","England"
36,"Cupido minimus","Small Blue",1993,89,2.03,25,"1976-2024","England"
36,"Cupido minimus","Small Blue",1994,90,2.25,5,"1976-2024","England"
36,"Cupido minimus","Small Blue",1995,108,1.8,37,"1976-2024","England"
36,"Cupido minimus","Small Blue",1996,116,1.65,43,"1976-2024","England"
36,"Cupido minimus","Small Blue",1997,117,1.74,41,"1976-2024","England"
36,"Cupido minimus","Small Blue",1998,117,1.87,35,"1976-2024","England"
36,"Cupido minimus","Small Blue",1999,121,2.06,22,"1976-2024","England"
36,"Cupido minimus","Small Blue",2000,132,2.01,27,"1976-2024","England"
36,"Cupido minimus","Small Blue",2001,133,1.76,39,"1976-2024","England"
36,"Cupido minimus","Small Blue",2002,138,1.67,42,"1976-2024","England"
36,"Cupido minimus","Small Blue",2003,145,1.9,30,"1976-2024","England"
36,"Cupido minimus","Small Blue",2004,147,2.12,14,"1976-2024","England"
36,"Cupido minimus","Small Blue",2005,158,2.1,18,"1976-2024","England"
36,"Cupido minimus","Small Blue",2006,167,2.07,21,"1976-2024","England"
36,"Cupido minimus","Small Blue",2007,177,1.78,38,"1976-2024","England"
36,"Cupido minimus","Small Blue",2008,193,1.76,39,"1976-2024","England"
36,"Cupido minimus","Small Blue",2009,216,2.05,23,"1976-2024","England"
36,"Cupido minimus","Small Blue",2010,216,2.04,24,"1976-2024","England"
36,"Cupido minimus","Small Blue",2011,226,2.18,8,"1976-2024","England"
36,"Cupido minimus","Small Blue",2012,219,1.88,34,"1976-2024","England"
36,"Cupido minimus","Small Blue",2013,235,1.9,30,"1976-2024","England"
36,"Cupido minimus","Small Blue",2014,258,1.81,36,"1976-2024","England"
36,"Cupido minimus","Small Blue",2015,284,1.9,30,"1976-2024","England"
36,"Cupido minimus","Small Blue",2016,295,2.13,12,"1976-2024","England"
36,"Cupido minimus","Small Blue",2017,309,2.02,26,"1976-2024","England"
36,"Cupido minimus","Small Blue",2018,332,1.94,29,"1976-2024","England"
36,"Cupido minimus","Small Blue",2019,341,2.21,7,"1976-2024","England"
36,"Cupido minimus","Small Blue",2020,299,2.14,10,"1976-2024","England"
36,"Cupido minimus","Small Blue",2021,341,2.1,18,"1976-2024","England"
36,"Cupido minimus","Small Blue",2022,363,2.18,8,"1976-2024","England"
36,"Cupido minimus","Small Blue",2023,368,2.12,14,"1976-2024","England"
36,"Cupido minimus","Small Blue",2024,368,1.9,30,"1976-2024","England"
42,"Erebia aethiops","Scotch Argus",1995,7,2.35,1,"1976-2024","England"
42,"Erebia aethiops","Scotch Argus",1996,8,2.32,4,"1976-2024","England"
42,"Erebia aethiops","Scotch Argus",1997,9,2.27,7,"1976-2024","England"
42,"Erebia aethiops","Scotch Argus",1998,10,2.21,13,"1976-2024","England"
42,"Erebia aethiops","Scotch Argus",1999,10,2.23,12,"1976-2024","England"
42,"Erebia aethiops","Scotch Argus",2000,10,2.24,10,"1976-2024","England"
42,"Erebia aethiops","Scotch Argus",2001,8,2.24,10,"1976-2024","England"
42,"Erebia aethiops","Scotch Argus",2002,11,2.29,6,"1976-2024","England"
42,"Erebia aethiops","Scotch Argus",2003,11,2.35,1,"1976-2024","England"
42,"Erebia aethiops","Scotch Argus",2004,12,2.35,1,"1976-2024","England"
42,"Erebia aethiops","Scotch Argus",2005,11,2.3,5,"1976-2024","England"
42,"Erebia aethiops","Scotch Argus",2006,10,2,16,"1976-2024","England"
42,"Erebia aethiops","Scotch Argus",2007,9,1.72,27,"1976-2024","England"
42,"Erebia aethiops","Scotch Argus",2008,11,1.88,20,"1976-2024","England"
42,"Erebia aethiops","Scotch Argus",2009,12,2.21,13,"1976-2024","England"
42,"Erebia aethiops","Scotch Argus",2010,11,1.9,18,"1976-2024","England"
42,"Erebia aethiops","Scotch Argus",2011,11,2.2,15,"1976-2024","England"
42,"Erebia aethiops","Scotch Argus",2012,11,1.99,17,"1976-2024","England"
42,"Erebia aethiops","Scotch Argus",2013,12,2.25,9,"1976-2024","England"
42,"Erebia aethiops","Scotch Argus",2014,13,1.52,28,"1976-2024","England"
42,"Erebia aethiops","Scotch Argus",2015,15,1.76,24,"1976-2024","England"
42,"Erebia aethiops","Scotch Argus",2016,14,1.8,22,"1976-2024","England"
42,"Erebia aethiops","Scotch Argus",2017,13,1.74,25,"1976-2024","England"
42,"Erebia aethiops","Scotch Argus",2018,12,2.26,8,"1976-2024","England"
42,"Erebia aethiops","Scotch Argus",2019,13,1.78,23,"1976-2024","England"
42,"Erebia aethiops","Scotch Argus",2020,9,1.73,26,"1976-2024","England"
42,"Erebia aethiops","Scotch Argus",2021,12,1.89,19,"1976-2024","England"
42,"Erebia aethiops","Scotch Argus",2022,12,1.82,21,"1976-2024","England"
42,"Erebia aethiops","Scotch Argus",2023,13,1.31,29,"1976-2024","England"
42,"Erebia aethiops","Scotch Argus",2024,10,1.07,30,"1976-2024","England"
46,"Erynnis tages","Dingy Skipper",1976,15,2.24,1,"1976-2024","England"
46,"Erynnis tages","Dingy Skipper",1977,18,1.59,49,"1976-2024","England"
46,"Erynnis tages","Dingy Skipper",1978,20,1.72,48,"1976-2024","England"
46,"Erynnis tages","Dingy Skipper",1979,28,2.07,16,"1976-2024","England"
46,"Erynnis tages","Dingy Skipper",1980,33,2.11,10,"1976-2024","England"
46,"Erynnis tages","Dingy Skipper",1981,36,1.92,38,"1976-2024","England"
46,"Erynnis tages","Dingy Skipper",1982,39,2.11,10,"1976-2024","England"
46,"Erynnis tages","Dingy Skipper",1983,41,2.09,13,"1976-2024","England"
46,"Erynnis tages","Dingy Skipper",1984,48,2.14,6,"1976-2024","England"
46,"Erynnis tages","Dingy Skipper",1985,54,2.15,5,"1976-2024","England"
46,"Erynnis tages","Dingy Skipper",1986,63,1.98,29,"1976-2024","England"
46,"Erynnis tages","Dingy Skipper",1987,78,2.11,10,"1976-2024","England"
46,"Erynnis tages","Dingy Skipper",1988,95,2.17,4,"1976-2024","England"
46,"Erynnis tages","Dingy Skipper",1989,117,2,24,"1976-2024","England"
46,"Erynnis tages","Dingy Skipper",1990,135,2.19,2,"1976-2024","England"
46,"Erynnis tages","Dingy Skipper",1991,148,2.01,23,"1976-2024","England"
46,"Erynnis tages","Dingy Skipper",1992,164,1.99,26,"1976-2024","England"
46,"Erynnis tages","Dingy Skipper",1993,175,1.97,30,"1976-2024","England"
46,"Erynnis tages","Dingy Skipper",1994,182,1.92,38,"1976-2024","England"
46,"Erynnis tages","Dingy Skipper",1995,205,2.04,20,"1976-2024","England"
46,"Erynnis tages","Dingy Skipper",1996,229,1.86,43,"1976-2024","England"
46,"Erynnis tages","Dingy Skipper",1997,237,2.19,2,"1976-2024","England"
46,"Erynnis tages","Dingy Skipper",1998,239,1.96,31,"1976-2024","England"
46,"Erynnis tages","Dingy Skipper",1999,243,1.94,34,"1976-2024","England"
46,"Erynnis tages","Dingy Skipper",2000,267,1.89,41,"1976-2024","England"
46,"Erynnis tages","Dingy Skipper",2001,251,1.85,44,"1976-2024","England"
46,"Erynnis tages","Dingy Skipper",2002,287,1.96,31,"1976-2024","England"
46,"Erynnis tages","Dingy Skipper",2003,321,1.93,37,"1976-2024","England"
46,"Erynnis tages","Dingy Skipper",2004,321,1.99,26,"1976-2024","England"
46,"Erynnis tages","Dingy Skipper",2005,328,1.95,33,"1976-2024","England"
46,"Erynnis tages","Dingy Skipper",2006,340,1.85,44,"1976-2024","England"
46,"Erynnis tages","Dingy Skipper",2007,361,1.89,41,"1976-2024","England"
46,"Erynnis tages","Dingy Skipper",2008,380,1.79,46,"1976-2024","England"
46,"Erynnis tages","Dingy Skipper",2009,406,1.94,34,"1976-2024","England"
46,"Erynnis tages","Dingy Skipper",2010,413,2.07,16,"1976-2024","England"
46,"Erynnis tages","Dingy Skipper",2011,429,2.14,6,"1976-2024","England"
46,"Erynnis tages","Dingy Skipper",2012,399,2.04,20,"1976-2024","England"
46,"Erynnis tages","Dingy Skipper",2013,439,2.03,22,"1976-2024","England"
46,"Erynnis tages","Dingy Skipper",2014,482,2.08,15,"1976-2024","England"
46,"Erynnis tages","Dingy Skipper",2015,555,2.06,18,"1976-2024","England"
46,"Erynnis tages","Dingy Skipper",2016,573,2,24,"1976-2024","England"
46,"Erynnis tages","Dingy Skipper",2017,601,1.94,34,"1976-2024","England"
46,"Erynnis tages","Dingy Skipper",2018,638,1.99,26,"1976-2024","England"
46,"Erynnis tages","Dingy Skipper",2019,660,2.06,18,"1976-2024","England"
46,"Erynnis tages","Dingy Skipper",2020,596,2.13,9,"1976-2024","England"
46,"Erynnis tages","Dingy Skipper",2021,691,2.09,13,"1976-2024","England"
46,"Erynnis tages","Dingy Skipper",2022,714,2.14,6,"1976-2024","England"
46,"Erynnis tages","Dingy Skipper",2023,715,1.91,40,"1976-2024","England"
46,"Erynnis tages","Dingy Skipper",2024,726,1.78,47,"1976-2024","England"
50,"Euphydryas aurinia","Marsh Fritillary",1982,9,2.75,3,"1976-2024","England"
50,"Euphydryas aurinia","Marsh Fritillary",1983,12,2.89,2,"1976-2024","England"
50,"Euphydryas aurinia","Marsh Fritillary",1984,14,2.92,1,"1976-2024","England"
50,"Euphydryas aurinia","Marsh Fritillary",1985,18,1.89,28,"1976-2024","England"
50,"Euphydryas aurinia","Marsh Fritillary",1986,20,2.2,8,"1976-2024","England"
50,"Euphydryas aurinia","Marsh Fritillary",1987,24,2.06,13,"1976-2024","England"
50,"Euphydryas aurinia","Marsh Fritillary",1988,30,2.07,12,"1976-2024","England"
50,"Euphydryas aurinia","Marsh Fritillary",1989,38,1.95,23,"1976-2024","England"
50,"Euphydryas aurinia","Marsh Fritillary",1990,39,2,19,"1976-2024","England"
50,"Euphydryas aurinia","Marsh Fritillary",1991,44,1.52,41,"1976-2024","England"
50,"Euphydryas aurinia","Marsh Fritillary",1992,48,1.83,33,"1976-2024","England"
50,"Euphydryas aurinia","Marsh Fritillary",1993,51,2.05,14,"1976-2024","England"
50,"Euphydryas aurinia","Marsh Fritillary",1994,60,2.16,10,"1976-2024","England"
50,"Euphydryas aurinia","Marsh Fritillary",1995,66,1.92,26,"1976-2024","England"
50,"Euphydryas aurinia","Marsh Fritillary",1996,74,1.77,38,"1976-2024","England"
50,"Euphydryas aurinia","Marsh Fritillary",1997,83,1.8,35,"1976-2024","England"
50,"Euphydryas aurinia","Marsh Fritillary",1998,82,1.42,42,"1976-2024","England"
50,"Euphydryas aurinia","Marsh Fritillary",1999,81,1.77,38,"1976-2024","England"
50,"Euphydryas aurinia","Marsh Fritillary",2000,81,1.92,26,"1976-2024","England"
50,"Euphydryas aurinia","Marsh Fritillary",2001,76,2.43,4,"1976-2024","England"
50,"Euphydryas aurinia","Marsh Fritillary",2002,87,1.97,21,"1976-2024","England"
50,"Euphydryas aurinia","Marsh Fritillary",2003,89,2.02,16,"1976-2024","England"
50,"Euphydryas aurinia","Marsh Fritillary",2004,85,1.89,28,"1976-2024","England"
50,"Euphydryas aurinia","Marsh Fritillary",2005,93,2.18,9,"1976-2024","England"
50,"Euphydryas aurinia","Marsh Fritillary",2006,95,2.3,5,"1976-2024","England"
50,"Euphydryas aurinia","Marsh Fritillary",2007,110,1.88,30,"1976-2024","England"
50,"Euphydryas aurinia","Marsh Fritillary",2008,110,1.53,40,"1976-2024","England"
50,"Euphydryas aurinia","Marsh Fritillary",2009,125,1.96,22,"1976-2024","England"
50,"Euphydryas aurinia","Marsh Fritillary",2010,126,2.29,6,"1976-2024","England"
50,"Euphydryas aurinia","Marsh Fritillary",2011,124,1.86,31,"1976-2024","England"
50,"Euphydryas aurinia","Marsh Fritillary",2012,120,1.34,43,"1976-2024","England"
50,"Euphydryas aurinia","Marsh Fritillary",2013,126,1.78,36,"1976-2024","England"
50,"Euphydryas aurinia","Marsh Fritillary",2014,126,2.22,7,"1976-2024","England"
50,"Euphydryas aurinia","Marsh Fritillary",2015,142,2.02,16,"1976-2024","England"
50,"Euphydryas aurinia","Marsh Fritillary",2016,145,1.99,20,"1976-2024","England"
50,"Euphydryas aurinia","Marsh Fritillary",2017,166,1.82,34,"1976-2024","England"
50,"Euphydryas aurinia","Marsh Fritillary",2018,174,1.94,24,"1976-2024","England"
50,"Euphydryas aurinia","Marsh Fritillary",2019,172,1.94,24,"1976-2024","England"
50,"Euphydryas aurinia","Marsh Fritillary",2020,150,1.78,36,"1976-2024","England"
50,"Euphydryas aurinia","Marsh Fritillary",2021,163,1.86,31,"1976-2024","England"
50,"Euphydryas aurinia","Marsh Fritillary",2022,156,2.08,11,"1976-2024","England"
50,"Euphydryas aurinia","Marsh Fritillary",2023,159,2.01,18,"1976-2024","England"
50,"Euphydryas aurinia","Marsh Fritillary",2024,133,2.03,15,"1976-2024","England"
13,"Fabriciana adippe","High Brown Fritillary",1978,7,2.04,18,"1976-2024","England"
13,"Fabriciana adippe","High Brown Fritillary",1979,9,2.1,15,"1976-2024","England"
13,"Fabriciana adippe","High Brown Fritillary",1980,9,1.97,23,"1976-2024","England"
13,"Fabriciana adippe","High Brown Fritillary",1981,10,1.72,39,"1976-2024","England"
13,"Fabriciana adippe","High Brown Fritillary",1982,11,2.04,18,"1976-2024","England"
13,"Fabriciana adippe","High Brown Fritillary",1983,11,1.94,26,"1976-2024","England"
13,"Fabriciana adippe","High Brown Fritillary",1984,12,2.17,13,"1976-2024","England"
13,"Fabriciana adippe","High Brown Fritillary",1985,12,1.92,28,"1976-2024","England"
13,"Fabriciana adippe","High Brown Fritillary",1986,12,2.18,11,"1976-2024","England"
13,"Fabriciana adippe","High Brown Fritillary",1987,13,2.51,4,"1976-2024","England"
13,"Fabriciana adippe","High Brown Fritillary",1988,16,2.4,6,"1976-2024","England"
13,"Fabriciana adippe","High Brown Fritillary",1989,17,2.31,8,"1976-2024","England"
13,"Fabriciana adippe","High Brown Fritillary",1990,20,2.17,13,"1976-2024","England"
13,"Fabriciana adippe","High Brown Fritillary",1991,25,1.89,31,"1976-2024","England"
13,"Fabriciana adippe","High Brown Fritillary",1992,32,2.63,2,"1976-2024","England"
13,"Fabriciana adippe","High Brown Fritillary",1993,35,2.27,9,"1976-2024","England"
13,"Fabriciana adippe","High Brown Fritillary",1994,46,2.53,3,"1976-2024","England"
13,"Fabriciana adippe","High Brown Fritillary",1995,42,2.82,1,"1976-2024","England"
13,"Fabriciana adippe","High Brown Fritillary",1996,56,2.4,6,"1976-2024","England"
13,"Fabriciana adippe","High Brown Fritillary",1997,60,2.41,5,"1976-2024","England"
13,"Fabriciana adippe","High Brown Fritillary",1998,50,1.95,25,"1976-2024","England"
13,"Fabriciana adippe","High Brown Fritillary",1999,60,2.04,18,"1976-2024","England"
13,"Fabriciana adippe","High Brown Fritillary",2000,54,1.83,35,"1976-2024","England"
13,"Fabriciana adippe","High Brown Fritillary",2001,34,2.18,11,"1976-2024","England"
13,"Fabriciana adippe","High Brown Fritillary",2002,75,1.67,40,"1976-2024","England"
13,"Fabriciana adippe","High Brown Fritillary",2003,78,1.97,23,"1976-2024","England"
13,"Fabriciana adippe","High Brown Fritillary",2004,63,2.22,10,"1976-2024","England"
13,"Fabriciana adippe","High Brown Fritillary",2005,65,1.79,36,"1976-2024","England"
13,"Fabriciana adippe","High Brown Fritillary",2006,70,1.79,36,"1976-2024","England"
13,"Fabriciana adippe","High Brown Fritillary",2007,67,1.76,38,"1976-2024","England"
13,"Fabriciana adippe","High Brown Fritillary",2008,72,1.54,46,"1976-2024","England"
13,"Fabriciana adippe","High Brown Fritillary",2009,70,1.65,42,"1976-2024","England"
13,"Fabriciana adippe","High Brown Fritillary",2010,66,1.56,44,"1976-2024","England"
13,"Fabriciana adippe","High Brown Fritillary",2011,63,1.55,45,"1976-2024","England"
13,"Fabriciana adippe","High Brown Fritillary",2012,58,1.31,47,"1976-2024","England"
13,"Fabriciana adippe","High Brown Fritillary",2013,64,1.67,40,"1976-2024","England"
13,"Fabriciana adippe","High Brown Fritillary",2014,68,2.1,15,"1976-2024","England"
13,"Fabriciana adippe","High Brown Fritillary",2015,70,1.87,32,"1976-2024","England"
13,"Fabriciana adippe","High Brown Fritillary",2016,62,1.87,32,"1976-2024","England"
13,"Fabriciana adippe","High Brown Fritillary",2017,58,1.93,27,"1976-2024","England"
13,"Fabriciana adippe","High Brown Fritillary",2018,62,2.01,21,"1976-2024","England"
13,"Fabriciana adippe","High Brown Fritillary",2019,55,1.91,30,"1976-2024","England"
13,"Fabriciana adippe","High Brown Fritillary",2020,45,1.98,22,"1976-2024","England"
13,"Fabriciana adippe","High Brown Fritillary",2021,49,1.92,28,"1976-2024","England"
13,"Fabriciana adippe","High Brown Fritillary",2022,51,1.85,34,"1976-2024","England"
13,"Fabriciana adippe","High Brown Fritillary",2023,48,2.07,17,"1976-2024","England"
13,"Fabriciana adippe","High Brown Fritillary",2024,51,1.58,43,"1976-2024","England"
116,"Favonius quercus","Purple Hairstreak",1976,20,2.83,1,"1976-2024","England"
116,"Favonius quercus","Purple Hairstreak",1977,24,1.98,24,"1976-2024","England"
116,"Favonius quercus","Purple Hairstreak",1978,27,2.26,5,"1976-2024","England"
116,"Favonius quercus","Purple Hairstreak",1979,34,1.98,24,"1976-2024","England"
116,"Favonius quercus","Purple Hairstreak",1980,37,1.84,39,"1976-2024","England"
116,"Favonius quercus","Purple Hairstreak",1981,38,2.65,2,"1976-2024","England"
116,"Favonius quercus","Purple Hairstreak",1982,40,1.99,22,"1976-2024","England"
116,"Favonius quercus","Purple Hairstreak",1983,46,2.54,3,"1976-2024","England"
116,"Favonius quercus","Purple Hairstreak",1984,55,2.18,8,"1976-2024","England"
116,"Favonius quercus","Purple Hairstreak",1985,60,1.52,46,"1976-2024","England"
116,"Favonius quercus","Purple Hairstreak",1986,67,1.51,48,"1976-2024","England"
116,"Favonius quercus","Purple Hairstreak",1987,79,1.52,46,"1976-2024","England"
116,"Favonius quercus","Purple Hairstreak",1988,91,1.34,49,"1976-2024","England"
116,"Favonius quercus","Purple Hairstreak",1989,107,1.71,45,"1976-2024","England"
116,"Favonius quercus","Purple Hairstreak",1990,123,1.89,36,"1976-2024","England"
116,"Favonius quercus","Purple Hairstreak",1991,141,1.92,33,"1976-2024","England"
116,"Favonius quercus","Purple Hairstreak",1992,161,2.02,21,"1976-2024","England"
116,"Favonius quercus","Purple Hairstreak",1993,169,2.03,19,"1976-2024","England"
116,"Favonius quercus","Purple Hairstreak",1994,188,1.97,27,"1976-2024","England"
116,"Favonius quercus","Purple Hairstreak",1995,217,2.14,12,"1976-2024","England"
116,"Favonius quercus","Purple Hairstreak",1996,247,2.14,12,"1976-2024","England"
116,"Favonius quercus","Purple Hairstreak",1997,259,2.12,15,"1976-2024","England"
116,"Favonius quercus","Purple Hairstreak",1998,275,2.22,7,"1976-2024","England"
116,"Favonius quercus","Purple Hairstreak",1999,274,2.17,9,"1976-2024","England"
116,"Favonius quercus","Purple Hairstreak",2000,291,2.14,12,"1976-2024","England"
116,"Favonius quercus","Purple Hairstreak",2001,275,1.99,22,"1976-2024","England"
116,"Favonius quercus","Purple Hairstreak",2002,305,2.26,5,"1976-2024","England"
116,"Favonius quercus","Purple Hairstreak",2003,328,1.91,34,"1976-2024","England"
116,"Favonius quercus","Purple Hairstreak",2004,328,2.16,10,"1976-2024","England"
116,"Favonius quercus","Purple Hairstreak",2005,340,1.91,34,"1976-2024","England"
116,"Favonius quercus","Purple Hairstreak",2006,351,1.93,32,"1976-2024","England"
116,"Favonius quercus","Purple Hairstreak",2007,379,1.74,43,"1976-2024","England"
116,"Favonius quercus","Purple Hairstreak",2008,408,1.88,38,"1976-2024","England"
116,"Favonius quercus","Purple Hairstreak",2009,485,1.98,24,"1976-2024","England"
116,"Favonius quercus","Purple Hairstreak",2010,501,1.96,28,"1976-2024","England"
116,"Favonius quercus","Purple Hairstreak",2011,504,2.03,19,"1976-2024","England"
116,"Favonius quercus","Purple Hairstreak",2012,516,1.73,44,"1976-2024","England"
116,"Favonius quercus","Purple Hairstreak",2013,543,2.06,17,"1976-2024","England"
116,"Favonius quercus","Purple Hairstreak",2014,589,1.76,42,"1976-2024","England"
116,"Favonius quercus","Purple Hairstreak",2015,633,1.79,41,"1976-2024","England"
116,"Favonius quercus","Purple Hairstreak",2016,658,1.89,36,"1976-2024","England"
116,"Favonius quercus","Purple Hairstreak",2017,709,1.96,28,"1976-2024","England"
116,"Favonius quercus","Purple Hairstreak",2018,750,2.42,4,"1976-2024","England"
116,"Favonius quercus","Purple Hairstreak",2019,776,2.05,18,"1976-2024","England"
116,"Favonius quercus","Purple Hairstreak",2020,664,2.15,11,"1976-2024","England"
116,"Favonius quercus","Purple Hairstreak",2021,749,1.95,30,"1976-2024","England"
116,"Favonius quercus","Purple Hairstreak",2022,780,1.95,30,"1976-2024","England"
116,"Favonius quercus","Purple Hairstreak",2023,796,2.08,16,"1976-2024","England"
116,"Favonius quercus","Purple Hairstreak",2024,802,1.82,40,"1976-2024","England"
54,"Gonepteryx rhamni","Brimstone",1976,31,2.14,5,"1976-2024","England"
54,"Gonepteryx rhamni","Brimstone",1977,43,2.11,7,"1976-2024","England"
54,"Gonepteryx rhamni","Brimstone",1978,47,1.95,30,"1976-2024","England"
54,"Gonepteryx rhamni","Brimstone",1979,57,1.91,37,"1976-2024","England"
54,"Gonepteryx rhamni","Brimstone",1980,64,1.91,37,"1976-2024","England"
54,"Gonepteryx rhamni","Brimstone",1981,65,1.82,47,"1976-2024","England"
54,"Gonepteryx rhamni","Brimstone",1982,70,2.01,25,"1976-2024","England"
54,"Gonepteryx rhamni","Brimstone",1983,81,1.99,26,"1976-2024","England"
54,"Gonepteryx rhamni","Brimstone",1984,93,2.09,12,"1976-2024","England"
54,"Gonepteryx rhamni","Brimstone",1985,101,2.07,16,"1976-2024","England"
54,"Gonepteryx rhamni","Brimstone",1986,109,1.83,46,"1976-2024","England"
54,"Gonepteryx rhamni","Brimstone",1987,131,1.74,48,"1976-2024","England"
54,"Gonepteryx rhamni","Brimstone",1988,151,1.91,37,"1976-2024","England"
54,"Gonepteryx rhamni","Brimstone",1989,185,1.85,44,"1976-2024","England"
54,"Gonepteryx rhamni","Brimstone",1990,213,1.91,37,"1976-2024","England"
54,"Gonepteryx rhamni","Brimstone",1991,234,2.07,16,"1976-2024","England"
54,"Gonepteryx rhamni","Brimstone",1992,265,2.1,10,"1976-2024","England"
54,"Gonepteryx rhamni","Brimstone",1993,287,1.94,31,"1976-2024","England"
54,"Gonepteryx rhamni","Brimstone",1994,307,1.84,45,"1976-2024","England"
54,"Gonepteryx rhamni","Brimstone",1995,368,1.94,31,"1976-2024","England"
54,"Gonepteryx rhamni","Brimstone",1996,396,2.11,7,"1976-2024","England"
54,"Gonepteryx rhamni","Brimstone",1997,430,2.02,24,"1976-2024","England"
54,"Gonepteryx rhamni","Brimstone",1998,439,1.93,35,"1976-2024","England"
54,"Gonepteryx rhamni","Brimstone",1999,465,1.9,42,"1976-2024","England"
54,"Gonepteryx rhamni","Brimstone",2000,505,2.05,19,"1976-2024","England"
54,"Gonepteryx rhamni","Brimstone",2001,466,1.96,29,"1976-2024","England"
54,"Gonepteryx rhamni","Brimstone",2002,562,1.94,31,"1976-2024","England"
54,"Gonepteryx rhamni","Brimstone",2003,602,1.91,37,"1976-2024","England"
54,"Gonepteryx rhamni","Brimstone",2004,586,2.05,19,"1976-2024","England"
54,"Gonepteryx rhamni","Brimstone",2005,612,2.03,23,"1976-2024","England"
54,"Gonepteryx rhamni","Brimstone",2006,647,2.04,21,"1976-2024","England"
54,"Gonepteryx rhamni","Brimstone",2007,762,1.99,26,"1976-2024","England"
54,"Gonepteryx rhamni","Brimstone",2008,790,1.86,43,"1976-2024","England"
54,"Gonepteryx rhamni","Brimstone",2009,1108,1.97,28,"1976-2024","England"
54,"Gonepteryx rhamni","Brimstone",2010,1113,1.93,35,"1976-2024","England"
54,"Gonepteryx rhamni","Brimstone",2011,1131,1.94,31,"1976-2024","England"
54,"Gonepteryx rhamni","Brimstone",2012,1169,1.73,49,"1976-2024","England"
54,"Gonepteryx rhamni","Brimstone",2013,1278,2.07,16,"1976-2024","England"
54,"Gonepteryx rhamni","Brimstone",2014,1381,2.13,6,"1976-2024","England"
54,"Gonepteryx rhamni","Brimstone",2015,1512,2.17,3,"1976-2024","England"
54,"Gonepteryx rhamni","Brimstone",2016,1594,2.04,21,"1976-2024","England"
54,"Gonepteryx rhamni","Brimstone",2017,1741,2.08,14,"1976-2024","England"
54,"Gonepteryx rhamni","Brimstone",2018,1824,2.1,10,"1976-2024","England"
54,"Gonepteryx rhamni","Brimstone",2019,1948,2.21,2,"1976-2024","England"
54,"Gonepteryx rhamni","Brimstone",2020,1683,2.11,7,"1976-2024","England"
54,"Gonepteryx rhamni","Brimstone",2021,1983,2.09,12,"1976-2024","England"
54,"Gonepteryx rhamni","Brimstone",2022,2151,2.08,14,"1976-2024","England"
54,"Gonepteryx rhamni","Brimstone",2023,2208,2.29,1,"1976-2024","England"
54,"Gonepteryx rhamni","Brimstone",2024,2302,2.15,4,"1976-2024","England"
56,"Hamearis lucina","Duke of Burgundy",1979,10,2.31,3,"1976-2024","England"
56,"Hamearis lucina","Duke of Burgundy",1980,13,2.29,5,"1976-2024","England"
56,"Hamearis lucina","Duke of Burgundy",1981,15,2.03,19,"1976-2024","England"
56,"Hamearis lucina","Duke of Burgundy",1982,17,1.82,41,"1976-2024","England"
56,"Hamearis lucina","Duke of Burgundy",1983,21,2.06,13,"1976-2024","England"
56,"Hamearis lucina","Duke of Burgundy",1984,23,2.11,6,"1976-2024","England"
56,"Hamearis lucina","Duke of Burgundy",1985,26,1.98,27,"1976-2024","England"
56,"Hamearis lucina","Duke of Burgundy",1986,28,1.79,42,"1976-2024","England"
56,"Hamearis lucina","Duke of Burgundy",1987,34,2.03,19,"1976-2024","England"
56,"Hamearis lucina","Duke of Burgundy",1988,36,2,23,"1976-2024","England"
56,"Hamearis lucina","Duke of Burgundy",1989,41,2.09,9,"1976-2024","England"
56,"Hamearis lucina","Duke of Burgundy",1990,44,2.35,1,"1976-2024","England"
56,"Hamearis lucina","Duke of Burgundy",1991,51,2.35,1,"1976-2024","England"
56,"Hamearis lucina","Duke of Burgundy",1992,53,2.3,4,"1976-2024","England"
56,"Hamearis lucina","Duke of Burgundy",1993,67,2.03,19,"1976-2024","England"
56,"Hamearis lucina","Duke of Burgundy",1994,78,1.93,32,"1976-2024","England"
56,"Hamearis lucina","Duke of Burgundy",1995,80,2.05,14,"1976-2024","England"
56,"Hamearis lucina","Duke of Burgundy",1996,76,2,23,"1976-2024","England"
56,"Hamearis lucina","Duke of Burgundy",1997,89,2.1,7,"1976-2024","England"
56,"Hamearis lucina","Duke of Burgundy",1998,87,2.1,7,"1976-2024","England"
56,"Hamearis lucina","Duke of Burgundy",1999,86,1.94,30,"1976-2024","England"
56,"Hamearis lucina","Duke of Burgundy",2000,93,2.04,17,"1976-2024","England"
56,"Hamearis lucina","Duke of Burgundy",2001,75,2.09,9,"1976-2024","England"
56,"Hamearis lucina","Duke of Burgundy",2002,95,1.92,33,"1976-2024","England"
56,"Hamearis lucina","Duke of Burgundy",2003,99,1.74,45,"1976-2024","England"
56,"Hamearis lucina","Duke of Burgundy",2004,95,1.91,34,"1976-2024","England"
56,"Hamearis lucina","Duke of Burgundy",2005,91,1.74,45,"1976-2024","England"
56,"Hamearis lucina","Duke of Burgundy",2006,101,1.84,39,"1976-2024","England"
56,"Hamearis lucina","Duke of Burgundy",2007,97,1.75,44,"1976-2024","England"
56,"Hamearis lucina","Duke of Burgundy",2008,106,1.83,40,"1976-2024","England"
56,"Hamearis lucina","Duke of Burgundy",2009,108,1.87,36,"1976-2024","England"
56,"Hamearis lucina","Duke of Burgundy",2010,106,1.94,30,"1976-2024","England"
56,"Hamearis lucina","Duke of Burgundy",2011,117,2.09,9,"1976-2024","England"
56,"Hamearis lucina","Duke of Burgundy",2012,106,1.85,38,"1976-2024","England"
56,"Hamearis lucina","Duke of Burgundy",2013,114,1.87,36,"1976-2024","England"
56,"Hamearis lucina","Duke of Burgundy",2014,119,2,23,"1976-2024","England"
56,"Hamearis lucina","Duke of Burgundy",2015,122,1.95,29,"1976-2024","England"
56,"Hamearis lucina","Duke of Burgundy",2016,131,2.04,17,"1976-2024","England"
56,"Hamearis lucina","Duke of Burgundy",2017,131,1.77,43,"1976-2024","England"
56,"Hamearis lucina","Duke of Burgundy",2018,136,1.99,26,"1976-2024","England"
56,"Hamearis lucina","Duke of Burgundy",2019,127,2.08,12,"1976-2024","England"
56,"Hamearis lucina","Duke of Burgundy",2020,113,2.05,14,"1976-2024","England"
56,"Hamearis lucina","Duke of Burgundy",2021,125,1.9,35,"1976-2024","England"
56,"Hamearis lucina","Duke of Burgundy",2022,121,1.98,27,"1976-2024","England"
56,"Hamearis lucina","Duke of Burgundy",2023,126,2.05,14,"1976-2024","England"
56,"Hamearis lucina","Duke of Burgundy",2024,117,2.03,19,"1976-2024","England"
58,"Hesperia comma","Silver-spotted Skipper",1979,9,1.26,45,"1976-2024","England"
58,"Hesperia comma","Silver-spotted Skipper",1980,11,1.86,35,"1976-2024","England"
58,"Hesperia comma","Silver-spotted Skipper",1981,11,1.53,42,"1976-2024","England"
58,"Hesperia comma","Silver-spotted Skipper",1982,12,1.12,46,"1976-2024","England"
58,"Hesperia comma","Silver-spotted Skipper",1983,13,1.5,43,"1976-2024","England"
58,"Hesperia comma","Silver-spotted Skipper",1984,14,2,28,"1976-2024","England"
58,"Hesperia comma","Silver-spotted Skipper",1985,13,1.58,38,"1976-2024","England"
58,"Hesperia comma","Silver-spotted Skipper",1986,14,1.55,40,"1976-2024","England"
58,"Hesperia comma","Silver-spotted Skipper",1987,17,1.58,38,"1976-2024","England"
58,"Hesperia comma","Silver-spotted Skipper",1988,19,1.4,44,"1976-2024","England"
58,"Hesperia comma","Silver-spotted Skipper",1989,24,1.75,37,"1976-2024","England"
58,"Hesperia comma","Silver-spotted Skipper",1990,28,1.92,30,"1976-2024","England"
58,"Hesperia comma","Silver-spotted Skipper",1991,29,2.01,27,"1976-2024","England"
58,"Hesperia comma","Silver-spotted Skipper",1992,31,1.9,33,"1976-2024","England"
58,"Hesperia comma","Silver-spotted Skipper",1993,32,1.89,34,"1976-2024","England"
58,"Hesperia comma","Silver-spotted Skipper",1994,35,1.76,36,"1976-2024","England"
58,"Hesperia comma","Silver-spotted Skipper",1995,42,2.11,20,"1976-2024","England"
58,"Hesperia comma","Silver-spotted Skipper",1996,44,2.06,22,"1976-2024","England"
58,"Hesperia comma","Silver-spotted Skipper",1997,43,2.39,2,"1976-2024","England"
58,"Hesperia comma","Silver-spotted Skipper",1998,48,2.33,8,"1976-2024","England"
58,"Hesperia comma","Silver-spotted Skipper",1999,53,2.42,1,"1976-2024","England"
58,"Hesperia comma","Silver-spotted Skipper",2000,52,2.22,14,"1976-2024","England"
58,"Hesperia comma","Silver-spotted Skipper",2001,52,2.17,17,"1976-2024","England"
58,"Hesperia comma","Silver-spotted Skipper",2002,51,2.11,20,"1976-2024","England"
58,"Hesperia comma","Silver-spotted Skipper",2003,55,2.36,5,"1976-2024","England"
58,"Hesperia comma","Silver-spotted Skipper",2004,56,2.16,19,"1976-2024","England"
58,"Hesperia comma","Silver-spotted Skipper",2005,56,2.38,4,"1976-2024","England"
58,"Hesperia comma","Silver-spotted Skipper",2006,57,2.36,5,"1976-2024","England"
58,"Hesperia comma","Silver-spotted Skipper",2007,56,2.04,25,"1976-2024","England"
58,"Hesperia comma","Silver-spotted Skipper",2008,60,1.92,30,"1976-2024","England"
58,"Hesperia comma","Silver-spotted Skipper",2009,61,2.03,26,"1976-2024","England"
58,"Hesperia comma","Silver-spotted Skipper",2010,54,2.22,14,"1976-2024","England"
58,"Hesperia comma","Silver-spotted Skipper",2011,57,2.23,13,"1976-2024","England"
58,"Hesperia comma","Silver-spotted Skipper",2012,52,1.98,29,"1976-2024","England"
58,"Hesperia comma","Silver-spotted Skipper",2013,57,2.35,7,"1976-2024","England"
58,"Hesperia comma","Silver-spotted Skipper",2014,61,2.31,10,"1976-2024","England"
58,"Hesperia comma","Silver-spotted Skipper",2015,70,2.28,12,"1976-2024","England"
58,"Hesperia comma","Silver-spotted Skipper",2016,69,2.05,23,"1976-2024","England"
58,"Hesperia comma","Silver-spotted Skipper",2017,75,2.05,23,"1976-2024","England"
58,"Hesperia comma","Silver-spotted Skipper",2018,80,2.32,9,"1976-2024","England"
58,"Hesperia comma","Silver-spotted Skipper",2019,78,2.3,11,"1976-2024","England"
58,"Hesperia comma","Silver-spotted Skipper",2020,68,2.39,2,"1976-2024","England"
58,"Hesperia comma","Silver-spotted Skipper",2021,77,2.17,17,"1976-2024","England"
58,"Hesperia comma","Silver-spotted Skipper",2022,81,2.19,16,"1976-2024","England"
58,"Hesperia comma","Silver-spotted Skipper",2023,77,1.92,30,"1976-2024","England"
58,"Hesperia comma","Silver-spotted Skipper",2024,71,1.55,40,"1976-2024","England"
48,"Hipparchia semele","Grayling",1976,8,2.17,7,"1976-2024","England"
48,"Hipparchia semele","Grayling",1977,12,2.08,18,"1976-2024","England"
48,"Hipparchia semele","Grayling",1978,16,2.1,15,"1976-2024","England"
48,"Hipparchia semele","Grayling",1979,21,2.37,1,"1976-2024","England"
48,"Hipparchia semele","Grayling",1980,25,2.03,24,"1976-2024","England"
48,"Hipparchia semele","Grayling",1981,25,2.05,21,"1976-2024","England"
48,"Hipparchia semele","Grayling",1982,28,2.21,4,"1976-2024","England"
48,"Hipparchia semele","Grayling",1983,29,2.26,2,"1976-2024","England"
48,"Hipparchia semele","Grayling",1984,32,2.26,2,"1976-2024","England"
48,"Hipparchia semele","Grayling",1985,37,1.9,33,"1976-2024","England"
48,"Hipparchia semele","Grayling",1986,38,1.89,34,"1976-2024","England"
48,"Hipparchia semele","Grayling",1987,41,1.95,29,"1976-2024","England"
48,"Hipparchia semele","Grayling",1988,48,2.03,24,"1976-2024","England"
48,"Hipparchia semele","Grayling",1989,61,2.12,13,"1976-2024","England"
48,"Hipparchia semele","Grayling",1990,68,2.15,10,"1976-2024","England"
48,"Hipparchia semele","Grayling",1991,69,2.21,4,"1976-2024","England"
48,"Hipparchia semele","Grayling",1992,81,2.19,6,"1976-2024","England"
48,"Hipparchia semele","Grayling",1993,86,2.04,23,"1976-2024","England"
48,"Hipparchia semele","Grayling",1994,93,2.1,15,"1976-2024","England"
48,"Hipparchia semele","Grayling",1995,100,2.11,14,"1976-2024","England"
48,"Hipparchia semele","Grayling",1996,104,2.13,12,"1976-2024","England"
48,"Hipparchia semele","Grayling",1997,105,2.15,10,"1976-2024","England"
48,"Hipparchia semele","Grayling",1998,106,1.98,27,"1976-2024","England"
48,"Hipparchia semele","Grayling",1999,112,2.16,8,"1976-2024","England"
48,"Hipparchia semele","Grayling",2000,124,2.16,8,"1976-2024","England"
48,"Hipparchia semele","Grayling",2001,115,2.07,20,"1976-2024","England"
48,"Hipparchia semele","Grayling",2002,134,1.91,32,"1976-2024","England"
48,"Hipparchia semele","Grayling",2003,138,1.95,29,"1976-2024","England"
48,"Hipparchia semele","Grayling",2004,128,1.88,37,"1976-2024","England"
48,"Hipparchia semele","Grayling",2005,136,1.93,31,"1976-2024","England"
48,"Hipparchia semele","Grayling",2006,150,2.08,18,"1976-2024","England"
48,"Hipparchia semele","Grayling",2007,169,1.66,48,"1976-2024","England"
48,"Hipparchia semele","Grayling",2008,176,1.82,43,"1976-2024","England"
48,"Hipparchia semele","Grayling",2009,193,2.03,24,"1976-2024","England"
48,"Hipparchia semele","Grayling",2010,200,2.1,15,"1976-2024","England"
48,"Hipparchia semele","Grayling",2011,199,2.05,21,"1976-2024","England"
48,"Hipparchia semele","Grayling",2012,198,1.86,41,"1976-2024","England"
48,"Hipparchia semele","Grayling",2013,223,1.97,28,"1976-2024","England"
48,"Hipparchia semele","Grayling",2014,237,1.88,37,"1976-2024","England"
48,"Hipparchia semele","Grayling",2015,258,1.77,45,"1976-2024","England"
48,"Hipparchia semele","Grayling",2016,256,1.67,47,"1976-2024","England"
48,"Hipparchia semele","Grayling",2017,262,1.66,48,"1976-2024","England"
48,"Hipparchia semele","Grayling",2018,266,1.8,44,"1976-2024","England"
48,"Hipparchia semele","Grayling",2019,286,1.89,34,"1976-2024","England"
48,"Hipparchia semele","Grayling",2020,242,1.89,34,"1976-2024","England"
48,"Hipparchia semele","Grayling",2021,269,1.87,39,"1976-2024","England"
48,"Hipparchia semele","Grayling",2022,280,1.87,39,"1976-2024","England"
48,"Hipparchia semele","Grayling",2023,277,1.83,42,"1976-2024","England"
48,"Hipparchia semele","Grayling",2024,283,1.76,46,"1976-2024","England"
94,"Lasiommata megera","Wall",1976,31,2.72,2,"1976-2024","England"
94,"Lasiommata megera","Wall",1977,42,1.98,25,"1976-2024","England"
94,"Lasiommata megera","Wall",1978,45,2.09,15,"1976-2024","England"
94,"Lasiommata megera","Wall",1979,57,2.17,11,"1976-2024","England"
94,"Lasiommata megera","Wall",1980,66,2.25,10,"1976-2024","England"
94,"Lasiommata megera","Wall",1981,68,2.45,7,"1976-2024","England"
94,"Lasiommata megera","Wall",1982,74,2.72,2,"1976-2024","England"
94,"Lasiommata megera","Wall",1983,83,2.78,1,"1976-2024","England"
94,"Lasiommata megera","Wall",1984,93,2.62,4,"1976-2024","England"
94,"Lasiommata megera","Wall",1985,102,2.13,13,"1976-2024","England"
94,"Lasiommata megera","Wall",1986,107,2.01,22,"1976-2024","England"
94,"Lasiommata megera","Wall",1987,123,1.86,31,"1976-2024","England"
94,"Lasiommata megera","Wall",1988,139,2.06,19,"1976-2024","England"
94,"Lasiommata megera","Wall",1989,161,2.51,6,"1976-2024","England"
94,"Lasiommata megera","Wall",1990,179,2.58,5,"1976-2024","England"
94,"Lasiommata megera","Wall",1991,190,2.36,8,"1976-2024","England"
94,"Lasiommata megera","Wall",1992,215,2.26,9,"1976-2024","England"
94,"Lasiommata megera","Wall",1993,226,2.07,17,"1976-2024","England"
94,"Lasiommata megera","Wall",1994,240,2.12,14,"1976-2024","England"
94,"Lasiommata megera","Wall",1995,277,2.02,21,"1976-2024","England"
94,"Lasiommata megera","Wall",1996,283,1.85,32,"1976-2024","England"
94,"Lasiommata megera","Wall",1997,291,1.9,28,"1976-2024","England"
94,"Lasiommata megera","Wall",1998,301,2.09,15,"1976-2024","England"
94,"Lasiommata megera","Wall",1999,309,2.17,11,"1976-2024","England"
94,"Lasiommata megera","Wall",2000,336,2.07,17,"1976-2024","England"
94,"Lasiommata megera","Wall",2001,299,1.99,23,"1976-2024","England"
94,"Lasiommata megera","Wall",2002,340,1.97,26,"1976-2024","England"
94,"Lasiommata megera","Wall",2003,374,1.99,23,"1976-2024","England"
94,"Lasiommata megera","Wall",2004,359,2.03,20,"1976-2024","England"
94,"Lasiommata megera","Wall",2005,370,1.95,27,"1976-2024","England"
94,"Lasiommata megera","Wall",2006,381,1.88,30,"1976-2024","England"
94,"Lasiommata megera","Wall",2007,430,1.54,48,"1976-2024","England"
94,"Lasiommata megera","Wall",2008,444,1.64,42,"1976-2024","England"
94,"Lasiommata megera","Wall",2009,566,1.81,36,"1976-2024","England"
94,"Lasiommata megera","Wall",2010,567,1.75,37,"1976-2024","England"
94,"Lasiommata megera","Wall",2011,589,1.61,44,"1976-2024","England"
94,"Lasiommata megera","Wall",2012,576,1.56,47,"1976-2024","England"
94,"Lasiommata megera","Wall",2013,604,1.89,29,"1976-2024","England"
94,"Lasiommata megera","Wall",2014,632,1.85,32,"1976-2024","England"
94,"Lasiommata megera","Wall",2015,677,1.57,45,"1976-2024","England"
94,"Lasiommata megera","Wall",2016,687,1.43,49,"1976-2024","England"
94,"Lasiommata megera","Wall",2017,714,1.57,45,"1976-2024","England"
94,"Lasiommata megera","Wall",2018,754,1.84,34,"1976-2024","England"
94,"Lasiommata megera","Wall",2019,784,1.73,38,"1976-2024","England"
94,"Lasiommata megera","Wall",2020,639,1.71,39,"1976-2024","England"
94,"Lasiommata megera","Wall",2021,749,1.7,40,"1976-2024","England"
94,"Lasiommata megera","Wall",2022,797,1.84,34,"1976-2024","England"
94,"Lasiommata megera","Wall",2023,790,1.7,40,"1976-2024","England"
94,"Lasiommata megera","Wall",2024,796,1.62,43,"1976-2024","England"
62,"Leptidea sinapis","Wood White",1979,7,3.09,2,"1976-2024","England"
62,"Leptidea sinapis","Wood White",1980,7,3.18,1,"1976-2024","England"
62,"Leptidea sinapis","Wood White",1981,7,2.34,7,"1976-2024","England"
62,"Leptidea sinapis","Wood White",1982,7,2.63,5,"1976-2024","England"
62,"Leptidea sinapis","Wood White",1983,7,2.59,6,"1976-2024","England"
62,"Leptidea sinapis","Wood White",1984,9,2.77,3,"1976-2024","England"
62,"Leptidea sinapis","Wood White",1985,11,2.7,4,"1976-2024","England"
62,"Leptidea sinapis","Wood White",1986,13,1.88,27,"1976-2024","England"
62,"Leptidea sinapis","Wood White",1987,15,1.81,35,"1976-2024","England"
62,"Leptidea sinapis","Wood White",1988,16,1.38,46,"1976-2024","England"
62,"Leptidea sinapis","Wood White",1989,18,1.85,33,"1976-2024","England"
62,"Leptidea sinapis","Wood White",1990,22,2.15,8,"1976-2024","England"
62,"Leptidea sinapis","Wood White",1991,28,2.01,14,"1976-2024","England"
62,"Leptidea sinapis","Wood White",1992,31,2.08,10,"1976-2024","England"
62,"Leptidea sinapis","Wood White",1993,33,1.84,34,"1976-2024","England"
62,"Leptidea sinapis","Wood White",1994,36,1.93,21,"1976-2024","England"
62,"Leptidea sinapis","Wood White",1995,43,2.03,13,"1976-2024","England"
62,"Leptidea sinapis","Wood White",1996,43,1.92,22,"1976-2024","England"
62,"Leptidea sinapis","Wood White",1997,45,1.94,19,"1976-2024","England"
62,"Leptidea sinapis","Wood White",1998,46,1.77,37,"1976-2024","England"
62,"Leptidea sinapis","Wood White",1999,44,1.72,40,"1976-2024","England"
62,"Leptidea sinapis","Wood White",2000,47,1.88,27,"1976-2024","England"
62,"Leptidea sinapis","Wood White",2001,41,1.92,22,"1976-2024","England"
62,"Leptidea sinapis","Wood White",2002,50,1.86,30,"1976-2024","England"
62,"Leptidea sinapis","Wood White",2003,55,2.06,12,"1976-2024","England"
62,"Leptidea sinapis","Wood White",2004,52,2.07,11,"1976-2024","England"
62,"Leptidea sinapis","Wood White",2005,54,1.94,19,"1976-2024","England"
62,"Leptidea sinapis","Wood White",2006,55,1.78,36,"1976-2024","England"
62,"Leptidea sinapis","Wood White",2007,62,1.77,37,"1976-2024","England"
62,"Leptidea sinapis","Wood White",2008,66,1.51,45,"1976-2024","England"
62,"Leptidea sinapis","Wood White",2009,72,1.68,41,"1976-2024","England"
62,"Leptidea sinapis","Wood White",2010,73,1.98,16,"1976-2024","England"
62,"Leptidea sinapis","Wood White",2011,73,1.91,25,"1976-2024","England"
62,"Leptidea sinapis","Wood White",2012,66,1.55,44,"1976-2024","England"
62,"Leptidea sinapis","Wood White",2013,69,1.61,43,"1976-2024","England"
62,"Leptidea sinapis","Wood White",2014,64,1.86,30,"1976-2024","England"
62,"Leptidea sinapis","Wood White",2015,72,1.88,27,"1976-2024","England"
62,"Leptidea sinapis","Wood White",2016,74,1.67,42,"1976-2024","England"
62,"Leptidea sinapis","Wood White",2017,79,1.86,30,"1976-2024","England"
62,"Leptidea sinapis","Wood White",2018,73,2.09,9,"1976-2024","England"
62,"Leptidea sinapis","Wood White",2019,72,1.99,15,"1976-2024","England"
62,"Leptidea sinapis","Wood White",2020,70,1.97,18,"1976-2024","England"
62,"Leptidea sinapis","Wood White",2021,78,1.89,26,"1976-2024","England"
62,"Leptidea sinapis","Wood White",2022,81,1.92,22,"1976-2024","England"
62,"Leptidea sinapis","Wood White",2023,74,1.98,16,"1976-2024","England"
62,"Leptidea sinapis","Wood White",2024,75,1.74,39,"1976-2024","England"
64,"Limenitis camilla","White Admiral",1976,16,2.59,1,"1976-2024","England"
64,"Limenitis camilla","White Admiral",1977,17,1.96,24,"1976-2024","England"
64,"Limenitis camilla","White Admiral",1978,18,2.2,11,"1976-2024","England"
64,"Limenitis camilla","White Admiral",1979,25,2.35,4,"1976-2024","England"
64,"Limenitis camilla","White Admiral",1980,28,1.83,38,"1976-2024","England"
64,"Limenitis camilla","White Admiral",1981,28,1.87,33,"1976-2024","England"
64,"Limenitis camilla","White Admiral",1982,31,2.26,7,"1976-2024","England"
64,"Limenitis camilla","White Admiral",1983,35,2.32,5,"1976-2024","England"
64,"Limenitis camilla","White Admiral",1984,41,2.42,3,"1976-2024","England"
64,"Limenitis camilla","White Admiral",1985,46,2.3,6,"1976-2024","England"
64,"Limenitis camilla","White Admiral",1986,54,2.26,7,"1976-2024","England"
64,"Limenitis camilla","White Admiral",1987,67,2.24,9,"1976-2024","England"
64,"Limenitis camilla","White Admiral",1988,73,1.82,40,"1976-2024","England"
64,"Limenitis camilla","White Admiral",1989,88,1.83,38,"1976-2024","England"
64,"Limenitis camilla","White Admiral",1990,99,1.79,43,"1976-2024","England"
64,"Limenitis camilla","White Admiral",1991,111,1.99,21,"1976-2024","England"
64,"Limenitis camilla","White Admiral",1992,124,2.46,2,"1976-2024","England"
64,"Limenitis camilla","White Admiral",1993,125,2.16,14,"1976-2024","England"
64,"Limenitis camilla","White Admiral",1994,131,2.06,15,"1976-2024","England"
64,"Limenitis camilla","White Admiral",1995,152,2.05,16,"1976-2024","England"
64,"Limenitis camilla","White Admiral",1996,166,2.19,13,"1976-2024","England"
64,"Limenitis camilla","White Admiral",1997,171,1.98,22,"1976-2024","England"
64,"Limenitis camilla","White Admiral",1998,175,2,18,"1976-2024","England"
64,"Limenitis camilla","White Admiral",1999,179,1.81,41,"1976-2024","England"
64,"Limenitis camilla","White Admiral",2000,184,1.81,41,"1976-2024","England"
64,"Limenitis camilla","White Admiral",2001,174,1.76,44,"1976-2024","England"
64,"Limenitis camilla","White Admiral",2002,186,1.76,44,"1976-2024","England"
64,"Limenitis camilla","White Admiral",2003,199,1.94,28,"1976-2024","England"
64,"Limenitis camilla","White Admiral",2004,202,2.02,17,"1976-2024","England"
64,"Limenitis camilla","White Admiral",2005,206,2,18,"1976-2024","England"
64,"Limenitis camilla","White Admiral",2006,215,2.22,10,"1976-2024","England"
64,"Limenitis camilla","White Admiral",2007,224,1.95,26,"1976-2024","England"
64,"Limenitis camilla","White Admiral",2008,245,1.85,37,"1976-2024","England"
64,"Limenitis camilla","White Admiral",2009,289,1.96,24,"1976-2024","England"
64,"Limenitis camilla","White Admiral",2010,292,2.2,11,"1976-2024","England"
64,"Limenitis camilla","White Admiral",2011,296,1.89,32,"1976-2024","England"
64,"Limenitis camilla","White Admiral",2012,294,1.67,47,"1976-2024","England"
64,"Limenitis camilla","White Admiral",2013,328,1.94,28,"1976-2024","England"
64,"Limenitis camilla","White Admiral",2014,347,1.98,22,"1976-2024","England"
64,"Limenitis camilla","White Admiral",2015,380,1.86,35,"1976-2024","England"
64,"Limenitis camilla","White Admiral",2016,400,1.53,49,"1976-2024","England"
64,"Limenitis camilla","White Admiral",2017,415,1.95,26,"1976-2024","England"
64,"Limenitis camilla","White Admiral",2018,434,2,18,"1976-2024","England"
64,"Limenitis camilla","White Admiral",2019,443,1.86,35,"1976-2024","England"
64,"Limenitis camilla","White Admiral",2020,389,1.87,33,"1976-2024","England"
64,"Limenitis camilla","White Admiral",2021,438,1.75,46,"1976-2024","England"
64,"Limenitis camilla","White Admiral",2022,442,1.91,30,"1976-2024","England"
64,"Limenitis camilla","White Admiral",2023,432,1.91,30,"1976-2024","England"
64,"Limenitis camilla","White Admiral",2024,435,1.65,48,"1976-2024","England"
68,"Lycaena phlaeas","Small Copper",1976,30,2.33,3,"1976-2024","England"
68,"Lycaena phlaeas","Small Copper",1977,44,1.71,47,"1976-2024","England"
68,"Lycaena phlaeas","Small Copper",1978,48,1.91,31,"1976-2024","England"
68,"Lycaena phlaeas","Small Copper",1979,57,2.14,13,"1976-2024","England"
68,"Lycaena phlaeas","Small Copper",1980,66,1.97,27,"1976-2024","England"
68,"Lycaena phlaeas","Small Copper",1981,70,1.86,36,"1976-2024","England"
68,"Lycaena phlaeas","Small Copper",1982,75,2.23,7,"1976-2024","England"
68,"Lycaena phlaeas","Small Copper",1983,86,2.17,11,"1976-2024","England"
68,"Lycaena phlaeas","Small Copper",1984,98,2.2,9,"1976-2024","England"
68,"Lycaena phlaeas","Small Copper",1985,106,1.87,34,"1976-2024","England"
68,"Lycaena phlaeas","Small Copper",1986,115,2.04,19,"1976-2024","England"
68,"Lycaena phlaeas","Small Copper",1987,138,1.98,26,"1976-2024","England"
68,"Lycaena phlaeas","Small Copper",1988,159,1.91,31,"1976-2024","England"
68,"Lycaena phlaeas","Small Copper",1989,191,2.44,1,"1976-2024","England"
68,"Lycaena phlaeas","Small Copper",1990,218,2.35,2,"1976-2024","England"
68,"Lycaena phlaeas","Small Copper",1991,242,2.28,4,"1976-2024","England"
68,"Lycaena phlaeas","Small Copper",1992,265,2.13,15,"1976-2024","England"
68,"Lycaena phlaeas","Small Copper",1993,289,1.87,34,"1976-2024","England"
68,"Lycaena phlaeas","Small Copper",1994,319,2.04,19,"1976-2024","England"
68,"Lycaena phlaeas","Small Copper",1995,375,2.27,5,"1976-2024","England"
68,"Lycaena phlaeas","Small Copper",1996,410,2.21,8,"1976-2024","England"
68,"Lycaena phlaeas","Small Copper",1997,431,2.26,6,"1976-2024","England"
68,"Lycaena phlaeas","Small Copper",1998,445,2,25,"1976-2024","England"
68,"Lycaena phlaeas","Small Copper",1999,457,1.82,39,"1976-2024","England"
68,"Lycaena phlaeas","Small Copper",2000,502,1.78,41,"1976-2024","England"
68,"Lycaena phlaeas","Small Copper",2001,476,1.78,41,"1976-2024","England"
68,"Lycaena phlaeas","Small Copper",2002,545,1.78,41,"1976-2024","England"
68,"Lycaena phlaeas","Small Copper",2003,607,2.14,13,"1976-2024","England"
68,"Lycaena phlaeas","Small Copper",2004,597,2.12,16,"1976-2024","England"
68,"Lycaena phlaeas","Small Copper",2005,619,1.83,38,"1976-2024","England"
68,"Lycaena phlaeas","Small Copper",2006,652,2.1,17,"1976-2024","England"
68,"Lycaena phlaeas","Small Copper",2007,769,1.92,29,"1976-2024","England"
68,"Lycaena phlaeas","Small Copper",2008,791,1.75,44,"1976-2024","England"
68,"Lycaena phlaeas","Small Copper",2009,1139,2.02,22,"1976-2024","England"
68,"Lycaena phlaeas","Small Copper",2010,1156,2.18,10,"1976-2024","England"
68,"Lycaena phlaeas","Small Copper",2011,1174,2.06,18,"1976-2024","England"
68,"Lycaena phlaeas","Small Copper",2012,1209,1.82,39,"1976-2024","England"
68,"Lycaena phlaeas","Small Copper",2013,1317,1.97,27,"1976-2024","England"
68,"Lycaena phlaeas","Small Copper",2014,1409,1.85,37,"1976-2024","England"
68,"Lycaena phlaeas","Small Copper",2015,1525,1.7,48,"1976-2024","England"
68,"Lycaena phlaeas","Small Copper",2016,1591,1.75,44,"1976-2024","England"
68,"Lycaena phlaeas","Small Copper",2017,1728,1.92,29,"1976-2024","England"
68,"Lycaena phlaeas","Small Copper",2018,1850,2.16,12,"1976-2024","England"
68,"Lycaena phlaeas","Small Copper",2019,1960,2.03,21,"1976-2024","England"
68,"Lycaena phlaeas","Small Copper",2020,1666,2.02,22,"1976-2024","England"
68,"Lycaena phlaeas","Small Copper",2021,1967,1.9,33,"1976-2024","England"
68,"Lycaena phlaeas","Small Copper",2022,2100,1.75,44,"1976-2024","England"
68,"Lycaena phlaeas","Small Copper",2023,2141,2.02,22,"1976-2024","England"
68,"Lycaena phlaeas","Small Copper",2024,2185,1.66,49,"1976-2024","England"
75,"Maniola jurtina","Meadow Brown",1976,31,1.9,45,"1976-2024","England"
75,"Maniola jurtina","Meadow Brown",1977,46,1.86,48,"1976-2024","England"
75,"Maniola jurtina","Meadow Brown",1978,51,1.97,28,"1976-2024","England"
75,"Maniola jurtina","Meadow Brown",1979,59,2.06,11,"1976-2024","England"
75,"Maniola jurtina","Meadow Brown",1980,68,1.97,28,"1976-2024","England"
75,"Maniola jurtina","Meadow Brown",1981,70,1.99,24,"1976-2024","England"
75,"Maniola jurtina","Meadow Brown",1982,77,2.11,6,"1976-2024","England"
75,"Maniola jurtina","Meadow Brown",1983,86,2.02,17,"1976-2024","England"
75,"Maniola jurtina","Meadow Brown",1984,95,2.13,3,"1976-2024","England"
75,"Maniola jurtina","Meadow Brown",1985,105,1.97,28,"1976-2024","England"
75,"Maniola jurtina","Meadow Brown",1986,114,1.92,40,"1976-2024","England"
75,"Maniola jurtina","Meadow Brown",1987,137,1.89,46,"1976-2024","England"
75,"Maniola jurtina","Meadow Brown",1988,160,1.96,33,"1976-2024","England"
75,"Maniola jurtina","Meadow Brown",1989,191,2,23,"1976-2024","England"
75,"Maniola jurtina","Meadow Brown",1990,221,2.01,20,"1976-2024","England"
75,"Maniola jurtina","Meadow Brown",1991,245,2.21,2,"1976-2024","England"
75,"Maniola jurtina","Meadow Brown",1992,268,2.23,1,"1976-2024","England"
75,"Maniola jurtina","Meadow Brown",1993,300,1.92,40,"1976-2024","England"
75,"Maniola jurtina","Meadow Brown",1994,329,1.93,37,"1976-2024","England"
75,"Maniola jurtina","Meadow Brown",1995,384,1.95,34,"1976-2024","England"
75,"Maniola jurtina","Meadow Brown",1996,426,2.03,15,"1976-2024","England"
75,"Maniola jurtina","Meadow Brown",1997,447,2.02,17,"1976-2024","England"
75,"Maniola jurtina","Meadow Brown",1998,471,2.11,6,"1976-2024","England"
75,"Maniola jurtina","Meadow Brown",1999,493,2.12,5,"1976-2024","England"
75,"Maniola jurtina","Meadow Brown",2000,531,2.03,15,"1976-2024","England"
75,"Maniola jurtina","Meadow Brown",2001,504,1.93,37,"1976-2024","England"
75,"Maniola jurtina","Meadow Brown",2002,574,1.92,40,"1976-2024","England"
75,"Maniola jurtina","Meadow Brown",2003,634,2.06,11,"1976-2024","England"
75,"Maniola jurtina","Meadow Brown",2004,625,2.06,11,"1976-2024","England"
75,"Maniola jurtina","Meadow Brown",2005,643,2.07,9,"1976-2024","England"
75,"Maniola jurtina","Meadow Brown",2006,711,2.01,20,"1976-2024","England"
75,"Maniola jurtina","Meadow Brown",2007,926,1.93,37,"1976-2024","England"
75,"Maniola jurtina","Meadow Brown",2008,900,1.97,28,"1976-2024","England"
75,"Maniola jurtina","Meadow Brown",2009,1417,1.92,40,"1976-2024","England"
75,"Maniola jurtina","Meadow Brown",2010,1384,1.81,49,"1976-2024","England"
75,"Maniola jurtina","Meadow Brown",2011,1390,1.92,40,"1976-2024","England"
75,"Maniola jurtina","Meadow Brown",2012,1465,1.99,24,"1976-2024","England"
75,"Maniola jurtina","Meadow Brown",2013,1604,2.01,20,"1976-2024","England"
75,"Maniola jurtina","Meadow Brown",2014,1703,1.97,28,"1976-2024","England"
75,"Maniola jurtina","Meadow Brown",2015,1824,2.02,17,"1976-2024","England"
75,"Maniola jurtina","Meadow Brown",2016,1893,1.87,47,"1976-2024","England"
75,"Maniola jurtina","Meadow Brown",2017,2041,2.07,9,"1976-2024","England"
75,"Maniola jurtina","Meadow Brown",2018,2153,1.99,24,"1976-2024","England"
75,"Maniola jurtina","Meadow Brown",2019,2305,2.13,3,"1976-2024","England"
75,"Maniola jurtina","Meadow Brown",2020,1953,2.06,11,"1976-2024","England"
75,"Maniola jurtina","Meadow Brown",2021,2311,1.98,27,"1976-2024","England"
75,"Maniola jurtina","Meadow Brown",2022,2504,1.94,36,"1976-2024","England"
75,"Maniola jurtina","Meadow Brown",2023,2561,2.11,6,"1976-2024","England"
75,"Maniola jurtina","Meadow Brown",2024,2736,1.95,34,"1976-2024","England"
78,"Melanargia galathea","Marbled White",1976,23,1.78,45,"1976-2024","England"
78,"Melanargia galathea","Marbled White",1977,30,1.71,47,"1976-2024","England"
78,"Melanargia galathea","Marbled White",1978,31,1.58,49,"1976-2024","England"
78,"Melanargia galathea","Marbled White",1979,39,1.79,44,"1976-2024","England"
78,"Melanargia galathea","Marbled White",1980,45,1.83,43,"1976-2024","England"
78,"Melanargia galathea","Marbled White",1981,48,1.84,41,"1976-2024","England"
78,"Melanargia galathea","Marbled White",1982,51,2.08,21,"1976-2024","England"
78,"Melanargia galathea","Marbled White",1983,61,2.04,23,"1976-2024","England"
78,"Melanargia galathea","Marbled White",1984,69,2.28,2,"1976-2024","England"
78,"Melanargia galathea","Marbled White",1985,77,2.14,8,"1976-2024","England"
78,"Melanargia galathea","Marbled White",1986,89,2.13,10,"1976-2024","England"
78,"Melanargia galathea","Marbled White",1987,106,1.91,35,"1976-2024","England"
78,"Melanargia galathea","Marbled White",1988,121,1.71,47,"1976-2024","England"
78,"Melanargia galathea","Marbled White",1989,146,1.74,46,"1976-2024","England"
78,"Melanargia galathea","Marbled White",1990,166,1.87,39,"1976-2024","England"
78,"Melanargia galathea","Marbled White",1991,188,2.11,13,"1976-2024","England"
78,"Melanargia galathea","Marbled White",1992,208,2.13,10,"1976-2024","England"
78,"Melanargia galathea","Marbled White",1993,238,2,25,"1976-2024","England"
78,"Melanargia galathea","Marbled White",1994,255,2,25,"1976-2024","England"
78,"Melanargia galathea","Marbled White",1995,298,1.94,31,"1976-2024","England"
78,"Melanargia galathea","Marbled White",1996,325,2.14,8,"1976-2024","England"
78,"Melanargia galathea","Marbled White",1997,342,2.17,6,"1976-2024","England"
78,"Melanargia galathea","Marbled White",1998,355,2.09,17,"1976-2024","England"
78,"Melanargia galathea","Marbled White",1999,371,2.09,17,"1976-2024","England"
78,"Melanargia galathea","Marbled White",2000,406,2.09,17,"1976-2024","England"
78,"Melanargia galathea","Marbled White",2001,383,1.94,31,"1976-2024","England"
78,"Melanargia galathea","Marbled White",2002,428,1.89,38,"1976-2024","England"
78,"Melanargia galathea","Marbled White",2003,465,1.97,29,"1976-2024","England"
78,"Melanargia galathea","Marbled White",2004,456,1.98,28,"1976-2024","England"
78,"Melanargia galathea","Marbled White",2005,471,1.93,34,"1976-2024","England"
78,"Melanargia galathea","Marbled White",2006,513,2.1,16,"1976-2024","England"
78,"Melanargia galathea","Marbled White",2007,594,1.97,29,"1976-2024","England"
78,"Melanargia galathea","Marbled White",2008,620,1.85,40,"1976-2024","England"
78,"Melanargia galathea","Marbled White",2009,820,1.9,36,"1976-2024","England"
78,"Melanargia galathea","Marbled White",2010,829,1.84,41,"1976-2024","England"
78,"Melanargia galathea","Marbled White",2011,849,1.94,31,"1976-2024","England"
78,"Melanargia galathea","Marbled White",2012,893,1.9,36,"1976-2024","England"
78,"Melanargia galathea","Marbled White",2013,972,2.04,23,"1976-2024","England"
78,"Melanargia galathea","Marbled White",2014,1029,2.2,4,"1976-2024","England"
78,"Melanargia galathea","Marbled White",2015,1128,2.19,5,"1976-2024","England"
78,"Melanargia galathea","Marbled White",2016,1174,2.09,17,"1976-2024","England"
78,"Melanargia galathea","Marbled White",2017,1260,2.11,13,"1976-2024","England"
78,"Melanargia galathea","Marbled White",2018,1343,2.08,21,"1976-2024","England"
78,"Melanargia galathea","Marbled White",2019,1422,2.31,1,"1976-2024","England"
78,"Melanargia galathea","Marbled White",2020,1263,2.17,6,"1976-2024","England"
78,"Melanargia galathea","Marbled White",2021,1464,2.13,10,"1976-2024","England"
78,"Melanargia galathea","Marbled White",2022,1563,2.11,13,"1976-2024","England"
78,"Melanargia galathea","Marbled White",2023,1609,2.21,3,"1976-2024","England"
78,"Melanargia galathea","Marbled White",2024,1680,2,25,"1976-2024","England"
80,"Melitaea athalia","Heath Fritillary",1981,3,2.02,22,"1976-2024","England"
80,"Melitaea athalia","Heath Fritillary",1982,4,2.43,6,"1976-2024","England"
80,"Melitaea athalia","Heath Fritillary",1983,4,2.28,12,"1976-2024","England"
80,"Melitaea athalia","Heath Fritillary",1984,18,2.48,4,"1976-2024","England"
80,"Melitaea athalia","Heath Fritillary",1985,21,2.28,12,"1976-2024","England"
80,"Melitaea athalia","Heath Fritillary",1986,22,2.12,19,"1976-2024","England"
80,"Melitaea athalia","Heath Fritillary",1987,26,2.37,9,"1976-2024","England"
80,"Melitaea athalia","Heath Fritillary",1988,22,2.62,3,"1976-2024","England"
80,"Melitaea athalia","Heath Fritillary",1989,24,2.67,1,"1976-2024","England"
80,"Melitaea athalia","Heath Fritillary",1990,24,2.64,2,"1976-2024","England"
80,"Melitaea athalia","Heath Fritillary",1991,15,1.85,27,"1976-2024","England"
80,"Melitaea athalia","Heath Fritillary",1992,6,2.45,5,"1976-2024","England"
80,"Melitaea athalia","Heath Fritillary",1993,19,2.36,10,"1976-2024","England"
80,"Melitaea athalia","Heath Fritillary",1994,17,2.42,8,"1976-2024","England"
80,"Melitaea athalia","Heath Fritillary",1995,16,2.43,6,"1976-2024","England"
80,"Melitaea athalia","Heath Fritillary",1996,19,2.29,11,"1976-2024","England"
80,"Melitaea athalia","Heath Fritillary",1997,15,2.19,16,"1976-2024","England"
80,"Melitaea athalia","Heath Fritillary",1998,18,1.76,30,"1976-2024","England"
80,"Melitaea athalia","Heath Fritillary",1999,26,1.73,32,"1976-2024","England"
80,"Melitaea athalia","Heath Fritillary",2000,24,1.9,25,"1976-2024","England"
80,"Melitaea athalia","Heath Fritillary",2001,13,2.17,17,"1976-2024","England"
80,"Melitaea athalia","Heath Fritillary",2002,12,2.26,14,"1976-2024","England"
80,"Melitaea athalia","Heath Fritillary",2003,12,1.98,23,"1976-2024","England"
80,"Melitaea athalia","Heath Fritillary",2004,18,2.2,15,"1976-2024","England"
80,"Melitaea athalia","Heath Fritillary",2005,21,1.89,26,"1976-2024","England"
80,"Melitaea athalia","Heath Fritillary",2006,22,2.17,17,"1976-2024","England"
80,"Melitaea athalia","Heath Fritillary",2007,24,1.92,24,"1976-2024","England"
80,"Melitaea athalia","Heath Fritillary",2008,41,2.03,21,"1976-2024","England"
80,"Melitaea athalia","Heath Fritillary",2009,38,1.68,34,"1976-2024","England"
80,"Melitaea athalia","Heath Fritillary",2010,41,1.75,31,"1976-2024","England"
80,"Melitaea athalia","Heath Fritillary",2011,43,1.77,29,"1976-2024","England"
80,"Melitaea athalia","Heath Fritillary",2012,33,1.45,41,"1976-2024","England"
80,"Melitaea athalia","Heath Fritillary",2013,32,1.5,39,"1976-2024","England"
80,"Melitaea athalia","Heath Fritillary",2014,40,1.49,40,"1976-2024","England"
80,"Melitaea athalia","Heath Fritillary",2015,44,1.41,43,"1976-2024","England"
80,"Melitaea athalia","Heath Fritillary",2016,39,1.33,44,"1976-2024","England"
80,"Melitaea athalia","Heath Fritillary",2017,42,1.44,42,"1976-2024","England"
80,"Melitaea athalia","Heath Fritillary",2018,47,1.83,28,"1976-2024","England"
80,"Melitaea athalia","Heath Fritillary",2019,40,1.65,37,"1976-2024","England"
80,"Melitaea athalia","Heath Fritillary",2020,37,1.66,36,"1976-2024","England"
80,"Melitaea athalia","Heath Fritillary",2021,42,1.72,33,"1976-2024","England"
80,"Melitaea athalia","Heath Fritillary",2022,38,1.67,35,"1976-2024","England"
80,"Melitaea athalia","Heath Fritillary",2023,39,2.06,20,"1976-2024","England"
80,"Melitaea athalia","Heath Fritillary",2024,44,1.65,37,"1976-2024","England"
81,"Melitaea cinxia","Glanville Fritillary",1989,2,1.42,33,"1976-2024","England"
81,"Melitaea cinxia","Glanville Fritillary",1990,2,1.96,21,"1976-2024","England"
81,"Melitaea cinxia","Glanville Fritillary",1991,3,2.67,3,"1976-2024","England"
81,"Melitaea cinxia","Glanville Fritillary",1992,3,2.22,13,"1976-2024","England"
81,"Melitaea cinxia","Glanville Fritillary",1993,4,2.19,16,"1976-2024","England"
81,"Melitaea cinxia","Glanville Fritillary",1994,4,2.16,17,"1976-2024","England"
81,"Melitaea cinxia","Glanville Fritillary",1995,4,1.75,27,"1976-2024","England"
81,"Melitaea cinxia","Glanville Fritillary",1996,13,1.8,24,"1976-2024","England"
81,"Melitaea cinxia","Glanville Fritillary",1997,14,2.23,11,"1976-2024","England"
81,"Melitaea cinxia","Glanville Fritillary",1998,14,1.59,29,"1976-2024","England"
81,"Melitaea cinxia","Glanville Fritillary",1999,15,1.47,31,"1976-2024","England"
81,"Melitaea cinxia","Glanville Fritillary",2000,14,1.76,25,"1976-2024","England"
81,"Melitaea cinxia","Glanville Fritillary",2001,13,1.44,32,"1976-2024","England"
81,"Melitaea cinxia","Glanville Fritillary",2002,17,1.76,25,"1976-2024","England"
81,"Melitaea cinxia","Glanville Fritillary",2003,17,1.34,34,"1976-2024","England"
81,"Melitaea cinxia","Glanville Fritillary",2004,17,1.55,30,"1976-2024","England"
81,"Melitaea cinxia","Glanville Fritillary",2005,16,2.15,18,"1976-2024","England"
81,"Melitaea cinxia","Glanville Fritillary",2006,16,2.14,19,"1976-2024","England"
81,"Melitaea cinxia","Glanville Fritillary",2007,16,2.23,11,"1976-2024","England"
81,"Melitaea cinxia","Glanville Fritillary",2008,17,1.18,35,"1976-2024","England"
81,"Melitaea cinxia","Glanville Fritillary",2009,17,1.94,22,"1976-2024","England"
81,"Melitaea cinxia","Glanville Fritillary",2010,17,2.22,13,"1976-2024","England"
81,"Melitaea cinxia","Glanville Fritillary",2011,17,2.21,15,"1976-2024","England"
81,"Melitaea cinxia","Glanville Fritillary",2012,17,1.65,28,"1976-2024","England"
81,"Melitaea cinxia","Glanville Fritillary",2013,16,0.38,36,"1976-2024","England"
81,"Melitaea cinxia","Glanville Fritillary",2014,9,2.08,20,"1976-2024","England"
81,"Melitaea cinxia","Glanville Fritillary",2015,9,2.3,9,"1976-2024","England"
81,"Melitaea cinxia","Glanville Fritillary",2016,9,2.45,7,"1976-2024","England"
81,"Melitaea cinxia","Glanville Fritillary",2017,11,1.87,23,"1976-2024","England"
81,"Melitaea cinxia","Glanville Fritillary",2018,10,2.24,10,"1976-2024","England"
81,"Melitaea cinxia","Glanville Fritillary",2019,10,2.51,6,"1976-2024","England"
81,"Melitaea cinxia","Glanville Fritillary",2020,10,2.65,4,"1976-2024","England"
81,"Melitaea cinxia","Glanville Fritillary",2021,10,2.83,1,"1976-2024","England"
81,"Melitaea cinxia","Glanville Fritillary",2022,12,2.35,8,"1976-2024","England"
81,"Melitaea cinxia","Glanville Fritillary",2023,13,2.7,2,"1976-2024","England"
81,"Melitaea cinxia","Glanville Fritillary",2024,11,2.63,5,"1976-2024","England"
88,"Ochlodes sylvanus","Large Skipper",1976,32,1.84,43,"1976-2024","England"
88,"Ochlodes sylvanus","Large Skipper",1977,44,1.79,45,"1976-2024","England"
88,"Ochlodes sylvanus","Large Skipper",1978,47,1.92,35,"1976-2024","England"
88,"Ochlodes sylvanus","Large Skipper",1979,58,1.94,33,"1976-2024","England"
88,"Ochlodes sylvanus","Large Skipper",1980,67,1.96,27,"1976-2024","England"
88,"Ochlodes sylvanus","Large Skipper",1981,68,1.76,46,"1976-2024","England"
88,"Ochlodes sylvanus","Large Skipper",1982,74,2.1,13,"1976-2024","England"
88,"Ochlodes sylvanus","Large Skipper",1983,84,2.11,12,"1976-2024","England"
88,"Ochlodes sylvanus","Large Skipper",1984,95,2.33,1,"1976-2024","England"
88,"Ochlodes sylvanus","Large Skipper",1985,104,2.1,13,"1976-2024","England"
88,"Ochlodes sylvanus","Large Skipper",1986,112,2.17,7,"1976-2024","England"
88,"Ochlodes sylvanus","Large Skipper",1987,136,2.16,8,"1976-2024","England"
88,"Ochlodes sylvanus","Large Skipper",1988,158,2.16,8,"1976-2024","England"
88,"Ochlodes sylvanus","Large Skipper",1989,190,2.09,15,"1976-2024","England"
88,"Ochlodes sylvanus","Large Skipper",1990,218,1.99,22,"1976-2024","England"
88,"Ochlodes sylvanus","Large Skipper",1991,241,1.88,40,"1976-2024","England"
88,"Ochlodes sylvanus","Large Skipper",1992,267,2.2,4,"1976-2024","England"
88,"Ochlodes sylvanus","Large Skipper",1993,297,2.18,6,"1976-2024","England"
88,"Ochlodes sylvanus","Large Skipper",1994,325,2.25,2,"1976-2024","England"
88,"Ochlodes sylvanus","Large Skipper",1995,376,2.25,2,"1976-2024","England"
88,"Ochlodes sylvanus","Large Skipper",1996,420,2.19,5,"1976-2024","England"
88,"Ochlodes sylvanus","Large Skipper",1997,437,2.14,11,"1976-2024","England"
88,"Ochlodes sylvanus","Large Skipper",1998,457,1.96,27,"1976-2024","England"
88,"Ochlodes sylvanus","Large Skipper",1999,478,1.96,27,"1976-2024","England"
88,"Ochlodes sylvanus","Large Skipper",2000,517,2,21,"1976-2024","England"
88,"Ochlodes sylvanus","Large Skipper",2001,493,1.95,32,"1976-2024","England"
88,"Ochlodes sylvanus","Large Skipper",2002,563,2.01,20,"1976-2024","England"
88,"Ochlodes sylvanus","Large Skipper",2003,613,2.03,19,"1976-2024","England"
88,"Ochlodes sylvanus","Large Skipper",2004,610,1.99,22,"1976-2024","England"
88,"Ochlodes sylvanus","Large Skipper",2005,626,1.92,35,"1976-2024","England"
88,"Ochlodes sylvanus","Large Skipper",2006,670,1.96,27,"1976-2024","England"
88,"Ochlodes sylvanus","Large Skipper",2007,787,1.9,38,"1976-2024","England"
88,"Ochlodes sylvanus","Large Skipper",2008,818,1.74,47,"1976-2024","England"
88,"Ochlodes sylvanus","Large Skipper",2009,1156,1.98,26,"1976-2024","England"
88,"Ochlodes sylvanus","Large Skipper",2010,1180,2.09,15,"1976-2024","England"
88,"Ochlodes sylvanus","Large Skipper",2011,1212,2.06,18,"1976-2024","England"
88,"Ochlodes sylvanus","Large Skipper",2012,1246,1.72,48,"1976-2024","England"
88,"Ochlodes sylvanus","Large Skipper",2013,1363,1.89,39,"1976-2024","England"
88,"Ochlodes sylvanus","Large Skipper",2014,1474,2.16,8,"1976-2024","England"
88,"Ochlodes sylvanus","Large Skipper",2015,1627,2.07,17,"1976-2024","England"
88,"Ochlodes sylvanus","Large Skipper",2016,1680,1.87,41,"1976-2024","England"
88,"Ochlodes sylvanus","Large Skipper",2017,1802,1.93,34,"1976-2024","England"
88,"Ochlodes sylvanus","Large Skipper",2018,1897,1.96,27,"1976-2024","England"
88,"Ochlodes sylvanus","Large Skipper",2019,2016,1.99,22,"1976-2024","England"
88,"Ochlodes sylvanus","Large Skipper",2020,1717,1.99,22,"1976-2024","England"
88,"Ochlodes sylvanus","Large Skipper",2021,2025,1.84,43,"1976-2024","England"
88,"Ochlodes sylvanus","Large Skipper",2022,2178,1.86,42,"1976-2024","England"
88,"Ochlodes sylvanus","Large Skipper",2023,2203,1.92,35,"1976-2024","England"
88,"Ochlodes sylvanus","Large Skipper",2024,2273,1.7,49,"1976-2024","England"
90,"Papilio machaon","Swallowtail",1976,1,2.47,1,"1976-2024","England"
90,"Papilio machaon","Swallowtail",1977,1,1.41,48,"1976-2024","England"
90,"Papilio machaon","Swallowtail",1979,2,1.9,35,"1976-2024","England"
90,"Papilio machaon","Swallowtail",1980,2,1.6,47,"1976-2024","England"
90,"Papilio machaon","Swallowtail",1981,2,1.64,46,"1976-2024","England"
90,"Papilio machaon","Swallowtail",1982,2,2,28,"1976-2024","England"
90,"Papilio machaon","Swallowtail",1983,2,1.67,45,"1976-2024","England"
90,"Papilio machaon","Swallowtail",1984,2,1.78,39,"1976-2024","England"
90,"Papilio machaon","Swallowtail",1985,2,2.45,2,"1976-2024","England"
90,"Papilio machaon","Swallowtail",1986,2,1.9,35,"1976-2024","England"
90,"Papilio machaon","Swallowtail",1987,2,2.08,19,"1976-2024","England"
90,"Papilio machaon","Swallowtail",1988,3,1.87,37,"1976-2024","England"
90,"Papilio machaon","Swallowtail",1989,3,2.2,7,"1976-2024","England"
90,"Papilio machaon","Swallowtail",1990,3,2.03,23,"1976-2024","England"
90,"Papilio machaon","Swallowtail",1991,3,2.06,22,"1976-2024","England"
90,"Papilio machaon","Swallowtail",1992,4,2.09,17,"1976-2024","England"
90,"Papilio machaon","Swallowtail",1993,3,2.21,6,"1976-2024","England"
90,"Papilio machaon","Swallowtail",1994,4,2.01,27,"1976-2024","England"
90,"Papilio machaon","Swallowtail",1995,5,2.35,3,"1976-2024","England"
90,"Papilio machaon","Swallowtail",1996,6,2.08,19,"1976-2024","England"
90,"Papilio machaon","Swallowtail",1997,4,2.03,23,"1976-2024","England"
90,"Papilio machaon","Swallowtail",1998,4,2.13,14,"1976-2024","England"
90,"Papilio machaon","Swallowtail",1999,4,2.15,9,"1976-2024","England"
90,"Papilio machaon","Swallowtail",2000,3,2.1,16,"1976-2024","England"
90,"Papilio machaon","Swallowtail",2001,4,1.99,29,"1976-2024","England"
90,"Papilio machaon","Swallowtail",2002,5,1.97,30,"1976-2024","England"
90,"Papilio machaon","Swallowtail",2003,6,2.03,23,"1976-2024","England"
90,"Papilio machaon","Swallowtail",2004,6,2.24,4,"1976-2024","England"
90,"Papilio machaon","Swallowtail",2005,7,2.14,12,"1976-2024","England"
90,"Papilio machaon","Swallowtail",2006,7,2.15,9,"1976-2024","England"
90,"Papilio machaon","Swallowtail",2007,6,1.95,33,"1976-2024","England"
90,"Papilio machaon","Swallowtail",2008,8,1.96,31,"1976-2024","England"
90,"Papilio machaon","Swallowtail",2009,9,2.13,14,"1976-2024","England"
90,"Papilio machaon","Swallowtail",2010,12,2.09,17,"1976-2024","England"
90,"Papilio machaon","Swallowtail",2011,14,2.24,4,"1976-2024","England"
90,"Papilio machaon","Swallowtail",2012,18,1.76,40,"1976-2024","England"
90,"Papilio machaon","Swallowtail",2013,19,2.08,19,"1976-2024","England"
90,"Papilio machaon","Swallowtail",2014,19,2.14,12,"1976-2024","England"
90,"Papilio machaon","Swallowtail",2015,16,1.71,43,"1976-2024","England"
90,"Papilio machaon","Swallowtail",2016,16,1.71,43,"1976-2024","England"
90,"Papilio machaon","Swallowtail",2017,15,2.18,8,"1976-2024","England"
90,"Papilio machaon","Swallowtail",2018,18,1.85,38,"1976-2024","England"
90,"Papilio machaon","Swallowtail",2019,18,1.92,34,"1976-2024","England"
90,"Papilio machaon","Swallowtail",2020,17,2.15,9,"1976-2024","England"
90,"Papilio machaon","Swallowtail",2021,17,2.03,23,"1976-2024","England"
90,"Papilio machaon","Swallowtail",2022,19,1.96,31,"1976-2024","England"
90,"Papilio machaon","Swallowtail",2023,18,1.72,41,"1976-2024","England"
90,"Papilio machaon","Swallowtail",2024,19,1.72,41,"1976-2024","England"
93,"Pararge aegeria","Speckled Wood",1976,29,1.98,30,"1976-2024","England"
93,"Pararge aegeria","Speckled Wood",1977,41,1.44,49,"1976-2024","England"
93,"Pararge aegeria","Speckled Wood",1978,44,1.8,45,"1976-2024","England"
93,"Pararge aegeria","Speckled Wood",1979,55,1.78,46,"1976-2024","England"
93,"Pararge aegeria","Speckled Wood",1980,64,1.85,42,"1976-2024","England"
93,"Pararge aegeria","Speckled Wood",1981,65,1.96,36,"1976-2024","England"
93,"Pararge aegeria","Speckled Wood",1982,70,1.98,30,"1976-2024","England"
93,"Pararge aegeria","Speckled Wood",1983,80,1.92,40,"1976-2024","England"
93,"Pararge aegeria","Speckled Wood",1984,92,1.78,46,"1976-2024","England"
93,"Pararge aegeria","Speckled Wood",1985,101,1.58,48,"1976-2024","England"
93,"Pararge aegeria","Speckled Wood",1986,110,1.85,42,"1976-2024","England"
93,"Pararge aegeria","Speckled Wood",1987,131,2.01,26,"1976-2024","England"
93,"Pararge aegeria","Speckled Wood",1988,154,2.15,4,"1976-2024","England"
93,"Pararge aegeria","Speckled Wood",1989,186,2.19,3,"1976-2024","England"
93,"Pararge aegeria","Speckled Wood",1990,214,1.97,32,"1976-2024","England"
93,"Pararge aegeria","Speckled Wood",1991,240,1.95,38,"1976-2024","England"
93,"Pararge aegeria","Speckled Wood",1992,265,2.11,9,"1976-2024","England"
93,"Pararge aegeria","Speckled Wood",1993,292,2.03,25,"1976-2024","England"
93,"Pararge aegeria","Speckled Wood",1994,324,2.06,21,"1976-2024","England"
93,"Pararge aegeria","Speckled Wood",1995,382,1.97,32,"1976-2024","England"
93,"Pararge aegeria","Speckled Wood",1996,411,1.81,44,"1976-2024","England"
93,"Pararge aegeria","Speckled Wood",1997,447,1.99,28,"1976-2024","England"
93,"Pararge aegeria","Speckled Wood",1998,462,2.04,23,"1976-2024","England"
93,"Pararge aegeria","Speckled Wood",1999,480,2.07,18,"1976-2024","England"
93,"Pararge aegeria","Speckled Wood",2000,527,2.1,11,"1976-2024","England"
93,"Pararge aegeria","Speckled Wood",2001,484,1.97,32,"1976-2024","England"
93,"Pararge aegeria","Speckled Wood",2002,575,2.09,15,"1976-2024","England"
93,"Pararge aegeria","Speckled Wood",2003,617,2.15,4,"1976-2024","England"
93,"Pararge aegeria","Speckled Wood",2004,612,2.1,11,"1976-2024","England"
93,"Pararge aegeria","Speckled Wood",2005,632,2.11,9,"1976-2024","England"
93,"Pararge aegeria","Speckled Wood",2006,694,2.07,18,"1976-2024","England"
93,"Pararge aegeria","Speckled Wood",2007,886,1.95,38,"1976-2024","England"
93,"Pararge aegeria","Speckled Wood",2008,875,2.14,7,"1976-2024","England"
93,"Pararge aegeria","Speckled Wood",2009,1368,2.26,1,"1976-2024","England"
93,"Pararge aegeria","Speckled Wood",2010,1346,2.08,16,"1976-2024","England"
93,"Pararge aegeria","Speckled Wood",2011,1353,2.12,8,"1976-2024","England"
93,"Pararge aegeria","Speckled Wood",2012,1425,1.88,41,"1976-2024","England"
93,"Pararge aegeria","Speckled Wood",2013,1561,2.1,11,"1976-2024","England"
93,"Pararge aegeria","Speckled Wood",2014,1648,2.15,4,"1976-2024","England"
93,"Pararge aegeria","Speckled Wood",2015,1764,1.99,28,"1976-2024","England"
93,"Pararge aegeria","Speckled Wood",2016,1851,2.04,23,"1976-2024","England"
93,"Pararge aegeria","Speckled Wood",2017,1995,2.1,11,"1976-2024","England"
93,"Pararge aegeria","Speckled Wood",2018,2108,2.2,2,"1976-2024","England"
93,"Pararge aegeria","Speckled Wood",2019,2243,2.06,21,"1976-2024","England"
93,"Pararge aegeria","Speckled Wood",2020,1906,1.97,32,"1976-2024","England"
93,"Pararge aegeria","Speckled Wood",2021,2248,2,27,"1976-2024","England"
93,"Pararge aegeria","Speckled Wood",2022,2438,2.08,16,"1976-2024","England"
93,"Pararge aegeria","Speckled Wood",2023,2491,2.07,18,"1976-2024","England"
93,"Pararge aegeria","Speckled Wood",2024,2638,1.96,36,"1976-2024","England"
73,"Phengaris arion","Large Blue",1983,1,0.1,42,"1976-2024","England"
73,"Phengaris arion","Large Blue",1984,1,0.68,41,"1976-2024","England"
73,"Phengaris arion","Large Blue",1985,1,1.37,37,"1976-2024","England"
73,"Phengaris arion","Large Blue",1986,1,1.98,29,"1976-2024","England"
73,"Phengaris arion","Large Blue",1987,1,2.21,18,"1976-2024","England"
73,"Phengaris arion","Large Blue",1988,2,2.55,5,"1976-2024","England"
73,"Phengaris arion","Large Blue",1989,2,2.42,11,"1976-2024","England"
73,"Phengaris arion","Large Blue",1990,2,1.51,35,"1976-2024","England"
73,"Phengaris arion","Large Blue",1991,2,1.52,34,"1976-2024","England"
73,"Phengaris arion","Large Blue",1992,4,0.78,40,"1976-2024","England"
73,"Phengaris arion","Large Blue",1993,5,1.23,38,"1976-2024","England"
73,"Phengaris arion","Large Blue",1994,5,1.56,33,"1976-2024","England"
73,"Phengaris arion","Large Blue",1995,6,1.85,30,"1976-2024","England"
73,"Phengaris arion","Large Blue",1996,5,1.75,32,"1976-2024","England"
73,"Phengaris arion","Large Blue",1997,6,1.19,39,"1976-2024","England"
73,"Phengaris arion","Large Blue",1998,6,1.47,36,"1976-2024","England"
73,"Phengaris arion","Large Blue",1999,7,1.78,31,"1976-2024","England"
73,"Phengaris arion","Large Blue",2000,9,2.21,18,"1976-2024","England"
73,"Phengaris arion","Large Blue",2001,8,2.06,27,"1976-2024","England"
73,"Phengaris arion","Large Blue",2002,17,2.11,25,"1976-2024","England"
73,"Phengaris arion","Large Blue",2003,17,2.14,21,"1976-2024","England"
73,"Phengaris arion","Large Blue",2004,16,2.22,16,"1976-2024","England"
73,"Phengaris arion","Large Blue",2005,18,2.26,14,"1976-2024","England"
73,"Phengaris arion","Large Blue",2006,20,2.26,14,"1976-2024","England"
73,"Phengaris arion","Large Blue",2007,21,2.15,20,"1976-2024","England"
73,"Phengaris arion","Large Blue",2008,23,2.12,24,"1976-2024","England"
73,"Phengaris arion","Large Blue",2009,25,2.08,26,"1976-2024","England"
73,"Phengaris arion","Large Blue",2010,24,2.22,16,"1976-2024","England"
73,"Phengaris arion","Large Blue",2011,26,2.13,22,"1976-2024","England"
73,"Phengaris arion","Large Blue",2012,28,2.35,13,"1976-2024","England"
73,"Phengaris arion","Large Blue",2013,30,2.13,22,"1976-2024","England"
73,"Phengaris arion","Large Blue",2014,33,2.03,28,"1976-2024","England"
73,"Phengaris arion","Large Blue",2015,35,2.39,12,"1976-2024","England"
73,"Phengaris arion","Large Blue",2016,33,2.53,6,"1976-2024","England"
73,"Phengaris arion","Large Blue",2017,30,2.52,7,"1976-2024","England"
73,"Phengaris arion","Large Blue",2018,31,2.73,1,"1976-2024","England"
73,"Phengaris arion","Large Blue",2019,30,2.59,4,"1976-2024","England"
73,"Phengaris arion","Large Blue",2020,17,2.52,7,"1976-2024","England"
73,"Phengaris arion","Large Blue",2021,20,2.44,10,"1976-2024","England"
73,"Phengaris arion","Large Blue",2022,21,2.67,3,"1976-2024","England"
73,"Phengaris arion","Large Blue",2023,23,2.72,2,"1976-2024","England"
73,"Phengaris arion","Large Blue",2024,19,2.49,9,"1976-2024","England"
98,"Pieris brassicae","Large White",1976,30,2.04,16,"1976-2024","England"
98,"Pieris brassicae","Large White",1977,46,1.83,42,"1976-2024","England"
98,"Pieris brassicae","Large White",1978,51,2.2,6,"1976-2024","England"
98,"Pieris brassicae","Large White",1979,59,2.44,2,"1976-2024","England"
98,"Pieris brassicae","Large White",1980,68,2.09,12,"1976-2024","England"
98,"Pieris brassicae","Large White",1981,70,2.01,19,"1976-2024","England"
98,"Pieris brassicae","Large White",1982,76,2.17,9,"1976-2024","England"
98,"Pieris brassicae","Large White",1983,85,2.05,14,"1976-2024","England"
98,"Pieris brassicae","Large White",1984,97,1.92,34,"1976-2024","England"
98,"Pieris brassicae","Large White",1985,105,1.91,36,"1976-2024","England"
98,"Pieris brassicae","Large White",1986,114,2.15,10,"1976-2024","England"
98,"Pieris brassicae","Large White",1987,137,1.79,46,"1976-2024","England"
98,"Pieris brassicae","Large White",1988,158,2.26,5,"1976-2024","England"
98,"Pieris brassicae","Large White",1989,191,2.18,7,"1976-2024","England"
98,"Pieris brassicae","Large White",1990,220,1.99,21,"1976-2024","England"
98,"Pieris brassicae","Large White",1991,245,2.01,19,"1976-2024","England"
98,"Pieris brassicae","Large White",1992,270,2.61,1,"1976-2024","England"
98,"Pieris brassicae","Large White",1993,296,1.97,24,"1976-2024","England"
98,"Pieris brassicae","Large White",1994,327,1.97,24,"1976-2024","England"
98,"Pieris brassicae","Large White",1995,382,1.93,33,"1976-2024","England"
98,"Pieris brassicae","Large White",1996,412,1.64,48,"1976-2024","England"
98,"Pieris brassicae","Large White",1997,448,2.05,14,"1976-2024","England"
98,"Pieris brassicae","Large White",1998,464,2.1,11,"1976-2024","England"
98,"Pieris brassicae","Large White",1999,482,1.88,39,"1976-2024","England"
98,"Pieris brassicae","Large White",2000,528,1.92,34,"1976-2024","England"
98,"Pieris brassicae","Large White",2001,492,1.84,41,"1976-2024","England"
98,"Pieris brassicae","Large White",2002,574,1.97,24,"1976-2024","England"
98,"Pieris brassicae","Large White",2003,633,2.02,18,"1976-2024","England"
98,"Pieris brassicae","Large White",2004,622,1.97,24,"1976-2024","England"
98,"Pieris brassicae","Large White",2005,642,2.03,17,"1976-2024","England"
98,"Pieris brassicae","Large White",2006,710,1.95,31,"1976-2024","England"
98,"Pieris brassicae","Large White",2007,919,1.82,44,"1976-2024","England"
98,"Pieris brassicae","Large White",2008,892,1.99,21,"1976-2024","England"
98,"Pieris brassicae","Large White",2009,1431,2.35,3,"1976-2024","England"
98,"Pieris brassicae","Large White",2010,1390,1.98,23,"1976-2024","England"
98,"Pieris brassicae","Large White",2011,1396,1.9,37,"1976-2024","England"
98,"Pieris brassicae","Large White",2012,1470,1.59,49,"1976-2024","England"
98,"Pieris brassicae","Large White",2013,1611,2.28,4,"1976-2024","England"
98,"Pieris brassicae","Large White",2014,1704,1.75,47,"1976-2024","England"
98,"Pieris brassicae","Large White",2015,1826,1.96,29,"1976-2024","England"
98,"Pieris brassicae","Large White",2016,1900,1.94,32,"1976-2024","England"
98,"Pieris brassicae","Large White",2017,2039,1.83,42,"1976-2024","England"
98,"Pieris brassicae","Large White",2018,2160,2.18,7,"1976-2024","England"
98,"Pieris brassicae","Large White",2019,2307,1.96,29,"1976-2024","England"
98,"Pieris brassicae","Large White",2020,1957,2.06,13,"1976-2024","England"
98,"Pieris brassicae","Large White",2021,2312,1.87,40,"1976-2024","England"
98,"Pieris brassicae","Large White",2022,2499,1.9,37,"1976-2024","England"
98,"Pieris brassicae","Large White",2023,2550,1.97,24,"1976-2024","England"
98,"Pieris brassicae","Large White",2024,2719,1.8,45,"1976-2024","England"
99,"Pieris napi","Green-veined White",1976,31,1.89,36,"1976-2024","England"
99,"Pieris napi","Green-veined White",1977,46,1.79,47,"1976-2024","England"
99,"Pieris napi","Green-veined White",1978,51,2.28,1,"1976-2024","England"
99,"Pieris napi","Green-veined White",1979,59,2.22,3,"1976-2024","England"
99,"Pieris napi","Green-veined White",1980,67,2.13,10,"1976-2024","England"
99,"Pieris napi","Green-veined White",1981,70,2.05,20,"1976-2024","England"
99,"Pieris napi","Green-veined White",1982,76,2.23,2,"1976-2024","England"
99,"Pieris napi","Green-veined White",1983,85,2.04,23,"1976-2024","England"
99,"Pieris napi","Green-veined White",1984,95,2.03,24,"1976-2024","England"
99,"Pieris napi","Green-veined White",1985,105,1.93,30,"1976-2024","England"
99,"Pieris napi","Green-veined White",1986,113,2.05,20,"1976-2024","England"
99,"Pieris napi","Green-veined White",1987,135,1.89,36,"1976-2024","England"
99,"Pieris napi","Green-veined White",1988,157,2.07,17,"1976-2024","England"
99,"Pieris napi","Green-veined White",1989,190,2.19,5,"1976-2024","England"
99,"Pieris napi","Green-veined White",1990,217,1.98,26,"1976-2024","England"
99,"Pieris napi","Green-veined White",1991,243,1.91,32,"1976-2024","England"
99,"Pieris napi","Green-veined White",1992,271,2.18,6,"1976-2024","England"
99,"Pieris napi","Green-veined White",1993,294,1.89,36,"1976-2024","England"
99,"Pieris napi","Green-veined White",1994,325,1.92,31,"1976-2024","England"
99,"Pieris napi","Green-veined White",1995,378,2.09,15,"1976-2024","England"
99,"Pieris napi","Green-veined White",1996,412,1.83,42,"1976-2024","England"
99,"Pieris napi","Green-veined White",1997,445,2.17,7,"1976-2024","England"
99,"Pieris napi","Green-veined White",1998,462,2.13,10,"1976-2024","England"
99,"Pieris napi","Green-veined White",1999,472,1.98,26,"1976-2024","England"
99,"Pieris napi","Green-veined White",2000,520,2.06,18,"1976-2024","England"
99,"Pieris napi","Green-veined White",2001,487,1.91,32,"1976-2024","England"
99,"Pieris napi","Green-veined White",2002,571,2.06,18,"1976-2024","England"
99,"Pieris napi","Green-veined White",2003,624,2.05,20,"1976-2024","England"
99,"Pieris napi","Green-veined White",2004,617,2.13,10,"1976-2024","England"
99,"Pieris napi","Green-veined White",2005,636,1.96,28,"1976-2024","England"
99,"Pieris napi","Green-veined White",2006,696,1.82,45,"1976-2024","England"
99,"Pieris napi","Green-veined White",2007,886,1.82,45,"1976-2024","England"
99,"Pieris napi","Green-veined White",2008,884,1.88,41,"1976-2024","England"
99,"Pieris napi","Green-veined White",2009,1355,2.22,3,"1976-2024","England"
99,"Pieris napi","Green-veined White",2010,1344,2.1,14,"1976-2024","England"
99,"Pieris napi","Green-veined White",2011,1356,2.12,13,"1976-2024","England"
99,"Pieris napi","Green-veined White",2012,1416,1.69,49,"1976-2024","England"
99,"Pieris napi","Green-veined White",2013,1552,2.15,8,"1976-2024","England"
99,"Pieris napi","Green-veined White",2014,1655,2.09,15,"1976-2024","England"
99,"Pieris napi","Green-veined White",2015,1779,1.9,34,"1976-2024","England"
99,"Pieris napi","Green-veined White",2016,1860,1.95,29,"1976-2024","England"
99,"Pieris napi","Green-veined White",2017,2003,1.9,34,"1976-2024","England"
99,"Pieris napi","Green-veined White",2018,2110,2.15,8,"1976-2024","England"
99,"Pieris napi","Green-veined White",2019,2237,1.89,36,"1976-2024","England"
99,"Pieris napi","Green-veined White",2020,1901,2,25,"1976-2024","England"
99,"Pieris napi","Green-veined White",2021,2241,1.83,42,"1976-2024","England"
99,"Pieris napi","Green-veined White",2022,2411,1.89,36,"1976-2024","England"
99,"Pieris napi","Green-veined White",2023,2446,1.83,42,"1976-2024","England"
99,"Pieris napi","Green-veined White",2024,2551,1.72,48,"1976-2024","England"
100,"Pieris rapae","Small White",1976,30,1.94,28,"1976-2024","England"
100,"Pieris rapae","Small White",1977,46,1.86,39,"1976-2024","England"
100,"Pieris rapae","Small White",1978,51,2.25,5,"1976-2024","England"
100,"Pieris rapae","Small White",1979,59,2.14,13,"1976-2024","England"
100,"Pieris rapae","Small White",1980,67,1.87,36,"1976-2024","England"
100,"Pieris rapae","Small White",1981,70,1.73,48,"1976-2024","England"
100,"Pieris rapae","Small White",1982,76,2.18,9,"1976-2024","England"
100,"Pieris rapae","Small White",1983,85,1.96,25,"1976-2024","England"
100,"Pieris rapae","Small White",1984,96,2.06,18,"1976-2024","England"
100,"Pieris rapae","Small White",1985,105,1.9,34,"1976-2024","England"
100,"Pieris rapae","Small White",1986,114,2.35,2,"1976-2024","England"
100,"Pieris rapae","Small White",1987,137,1.88,35,"1976-2024","England"
100,"Pieris rapae","Small White",1988,157,1.96,25,"1976-2024","England"
100,"Pieris rapae","Small White",1989,191,2.19,8,"1976-2024","England"
100,"Pieris rapae","Small White",1990,220,2.08,16,"1976-2024","England"
100,"Pieris rapae","Small White",1991,245,1.97,23,"1976-2024","England"
100,"Pieris rapae","Small White",1992,267,2.24,6,"1976-2024","England"
100,"Pieris rapae","Small White",1993,291,1.76,47,"1976-2024","England"
100,"Pieris rapae","Small White",1994,325,2.17,10,"1976-2024","England"
100,"Pieris rapae","Small White",1995,381,2.36,1,"1976-2024","England"
100,"Pieris rapae","Small White",1996,414,1.96,25,"1976-2024","England"
100,"Pieris rapae","Small White",1997,443,2.28,4,"1976-2024","England"
100,"Pieris rapae","Small White",1998,465,1.92,31,"1976-2024","England"
100,"Pieris rapae","Small White",1999,485,1.86,39,"1976-2024","England"
100,"Pieris rapae","Small White",2000,530,1.86,39,"1976-2024","England"
100,"Pieris rapae","Small White",2001,495,1.91,33,"1976-2024","England"
100,"Pieris rapae","Small White",2002,571,1.87,36,"1976-2024","England"
100,"Pieris rapae","Small White",2003,632,2.16,12,"1976-2024","England"
100,"Pieris rapae","Small White",2004,622,2.12,14,"1976-2024","England"
100,"Pieris rapae","Small White",2005,642,1.93,29,"1976-2024","England"
100,"Pieris rapae","Small White",2006,717,1.98,22,"1976-2024","England"
100,"Pieris rapae","Small White",2007,914,1.8,45,"1976-2024","England"
100,"Pieris rapae","Small White",2008,895,1.83,42,"1976-2024","England"
100,"Pieris rapae","Small White",2009,1430,2.12,14,"1976-2024","England"
100,"Pieris rapae","Small White",2010,1387,1.99,20,"1976-2024","England"
100,"Pieris rapae","Small White",2011,1391,1.97,23,"1976-2024","England"
100,"Pieris rapae","Small White",2012,1468,1.6,49,"1976-2024","England"
100,"Pieris rapae","Small White",2013,1611,2.31,3,"1976-2024","England"
100,"Pieris rapae","Small White",2014,1700,1.83,42,"1976-2024","England"
100,"Pieris rapae","Small White",2015,1821,1.87,36,"1976-2024","England"
100,"Pieris rapae","Small White",2016,1895,1.92,31,"1976-2024","England"
100,"Pieris rapae","Small White",2017,2049,1.83,42,"1976-2024","England"
100,"Pieris rapae","Small White",2018,2162,2.23,7,"1976-2024","England"
100,"Pieris rapae","Small White",2019,2309,2.07,17,"1976-2024","England"
100,"Pieris rapae","Small White",2020,1952,2.17,10,"1976-2024","England"
100,"Pieris rapae","Small White",2021,2308,1.99,20,"1976-2024","England"
100,"Pieris rapae","Small White",2022,2503,1.93,29,"1976-2024","England"
100,"Pieris rapae","Small White",2023,2556,2.03,19,"1976-2024","England"
100,"Pieris rapae","Small White",2024,2724,1.78,46,"1976-2024","England"
102,"Plebejus argus","Silver-studded Blue",1984,13,1.66,39,"1976-2024","England"
102,"Plebejus argus","Silver-studded Blue",1985,13,1.99,24,"1976-2024","England"
102,"Plebejus argus","Silver-studded Blue",1986,13,2.23,3,"1976-2024","England"
102,"Plebejus argus","Silver-studded Blue",1987,13,2.42,1,"1976-2024","England"
102,"Plebejus argus","Silver-studded Blue",1988,15,1.75,36,"1976-2024","England"
102,"Plebejus argus","Silver-studded Blue",1989,18,2.06,16,"1976-2024","England"
102,"Plebejus argus","Silver-studded Blue",1990,20,1.96,26,"1976-2024","England"
102,"Plebejus argus","Silver-studded Blue",1991,23,1.64,41,"1976-2024","England"
102,"Plebejus argus","Silver-studded Blue",1992,27,1.8,34,"1976-2024","England"
102,"Plebejus argus","Silver-studded Blue",1993,30,1.94,28,"1976-2024","England"
102,"Plebejus argus","Silver-studded Blue",1994,28,2.15,10,"1976-2024","England"
102,"Plebejus argus","Silver-studded Blue",1995,35,2.16,9,"1976-2024","England"
102,"Plebejus argus","Silver-studded Blue",1996,33,2.41,2,"1976-2024","England"
102,"Plebejus argus","Silver-studded Blue",1997,36,2,22,"1976-2024","England"
102,"Plebejus argus","Silver-studded Blue",1998,37,1.77,35,"1976-2024","England"
102,"Plebejus argus","Silver-studded Blue",1999,44,1.82,33,"1976-2024","England"
102,"Plebejus argus","Silver-studded Blue",2000,44,1.71,38,"1976-2024","England"
102,"Plebejus argus","Silver-studded Blue",2001,44,2.02,20,"1976-2024","England"
102,"Plebejus argus","Silver-studded Blue",2002,42,2.05,17,"1976-2024","England"
102,"Plebejus argus","Silver-studded Blue",2003,46,2.19,6,"1976-2024","England"
102,"Plebejus argus","Silver-studded Blue",2004,46,2.14,11,"1976-2024","England"
102,"Plebejus argus","Silver-studded Blue",2005,50,1.91,29,"1976-2024","England"
102,"Plebejus argus","Silver-studded Blue",2006,54,2.12,12,"1976-2024","England"
102,"Plebejus argus","Silver-studded Blue",2007,60,1.65,40,"1976-2024","England"
102,"Plebejus argus","Silver-studded Blue",2008,64,1.84,32,"1976-2024","England"
102,"Plebejus argus","Silver-studded Blue",2009,70,2.08,15,"1976-2024","England"
102,"Plebejus argus","Silver-studded Blue",2010,74,2.03,19,"1976-2024","England"
102,"Plebejus argus","Silver-studded Blue",2011,68,2.04,18,"1976-2024","England"
102,"Plebejus argus","Silver-studded Blue",2012,69,1.73,37,"1976-2024","England"
102,"Plebejus argus","Silver-studded Blue",2013,80,2.01,21,"1976-2024","England"
102,"Plebejus argus","Silver-studded Blue",2014,88,1.9,30,"1976-2024","England"
102,"Plebejus argus","Silver-studded Blue",2015,99,1.87,31,"1976-2024","England"
102,"Plebejus argus","Silver-studded Blue",2016,100,1.96,26,"1976-2024","England"
102,"Plebejus argus","Silver-studded Blue",2017,111,1.97,25,"1976-2024","England"
102,"Plebejus argus","Silver-studded Blue",2018,117,2.18,7,"1976-2024","England"
102,"Plebejus argus","Silver-studded Blue",2019,127,2.1,14,"1976-2024","England"
102,"Plebejus argus","Silver-studded Blue",2020,118,2.21,5,"1976-2024","England"
102,"Plebejus argus","Silver-studded Blue",2021,128,2.22,4,"1976-2024","England"
102,"Plebejus argus","Silver-studded Blue",2022,128,2.17,8,"1976-2024","England"
102,"Plebejus argus","Silver-studded Blue",2023,134,2.11,13,"1976-2024","England"
102,"Plebejus argus","Silver-studded Blue",2024,142,2,22,"1976-2024","England"
104,"Polygonia c-album","Comma",1976,32,1.65,45,"1976-2024","England"
104,"Polygonia c-album","Comma",1977,41,1.18,49,"1976-2024","England"
104,"Polygonia c-album","Comma",1978,44,1.46,48,"1976-2024","England"
104,"Polygonia c-album","Comma",1979,55,1.71,42,"1976-2024","England"
104,"Polygonia c-album","Comma",1980,64,1.71,42,"1976-2024","England"
104,"Polygonia c-album","Comma",1981,66,1.67,44,"1976-2024","England"
104,"Polygonia c-album","Comma",1982,70,2.2,6,"1976-2024","England"
104,"Polygonia c-album","Comma",1983,79,1.99,31,"1976-2024","England"
104,"Polygonia c-album","Comma",1984,90,1.84,40,"1976-2024","England"
104,"Polygonia c-album","Comma",1985,100,1.87,39,"1976-2024","England"
104,"Polygonia c-album","Comma",1986,109,2.03,28,"1976-2024","England"
104,"Polygonia c-album","Comma",1987,131,2.05,27,"1976-2024","England"
104,"Polygonia c-album","Comma",1988,152,1.82,41,"1976-2024","England"
104,"Polygonia c-album","Comma",1989,185,2.11,17,"1976-2024","England"
104,"Polygonia c-album","Comma",1990,212,2.08,21,"1976-2024","England"
104,"Polygonia c-album","Comma",1991,237,2.2,6,"1976-2024","England"
104,"Polygonia c-album","Comma",1992,267,2.12,15,"1976-2024","England"
104,"Polygonia c-album","Comma",1993,283,1.63,46,"1976-2024","England"
104,"Polygonia c-album","Comma",1994,313,1.62,47,"1976-2024","England"
104,"Polygonia c-album","Comma",1995,372,2.06,25,"1976-2024","England"
104,"Polygonia c-album","Comma",1996,403,1.99,31,"1976-2024","England"
104,"Polygonia c-album","Comma",1997,440,2.16,11,"1976-2024","England"
104,"Polygonia c-album","Comma",1998,450,1.91,38,"1976-2024","England"
104,"Polygonia c-album","Comma",1999,470,2.01,30,"1976-2024","England"
104,"Polygonia c-album","Comma",2000,513,2.18,8,"1976-2024","England"
104,"Polygonia c-album","Comma",2001,468,2.17,10,"1976-2024","England"
104,"Polygonia c-album","Comma",2002,565,2.08,21,"1976-2024","England"
104,"Polygonia c-album","Comma",2003,621,2.28,2,"1976-2024","England"
104,"Polygonia c-album","Comma",2004,608,2.15,12,"1976-2024","England"
104,"Polygonia c-album","Comma",2005,630,2.14,14,"1976-2024","England"
104,"Polygonia c-album","Comma",2006,678,2.27,3,"1976-2024","England"
104,"Polygonia c-album","Comma",2007,842,1.99,31,"1976-2024","England"
104,"Polygonia c-album","Comma",2008,859,2.1,18,"1976-2024","England"
104,"Polygonia c-album","Comma",2009,1309,2.33,1,"1976-2024","England"
104,"Polygonia c-album","Comma",2010,1310,2.18,8,"1976-2024","England"
104,"Polygonia c-album","Comma",2011,1318,2.02,29,"1976-2024","England"
104,"Polygonia c-album","Comma",2012,1384,1.93,37,"1976-2024","England"
104,"Polygonia c-album","Comma",2013,1512,2.15,12,"1976-2024","England"
104,"Polygonia c-album","Comma",2014,1610,2.06,25,"1976-2024","England"
104,"Polygonia c-album","Comma",2015,1728,2.1,18,"1976-2024","England"
104,"Polygonia c-album","Comma",2016,1799,1.98,34,"1976-2024","England"
104,"Polygonia c-album","Comma",2017,1950,2.27,3,"1976-2024","England"
104,"Polygonia c-album","Comma",2018,2048,2.1,18,"1976-2024","England"
104,"Polygonia c-album","Comma",2019,2182,2.08,21,"1976-2024","England"
104,"Polygonia c-album","Comma",2020,1860,2.07,24,"1976-2024","England"
104,"Polygonia c-album","Comma",2021,2184,1.98,34,"1976-2024","England"
104,"Polygonia c-album","Comma",2022,2361,2.12,15,"1976-2024","England"
104,"Polygonia c-album","Comma",2023,2393,2.27,3,"1976-2024","England"
104,"Polygonia c-album","Comma",2024,2491,1.94,36,"1976-2024","England"
70,"Polyommatus bellargus","Adonis Blue",1979,10,1.62,42,"1976-2024","England"
70,"Polyommatus bellargus","Adonis Blue",1980,13,1.83,36,"1976-2024","England"
70,"Polyommatus bellargus","Adonis Blue",1981,13,1.58,43,"1976-2024","England"
70,"Polyommatus bellargus","Adonis Blue",1982,14,2.17,14,"1976-2024","England"
70,"Polyommatus bellargus","Adonis Blue",1983,15,2.11,17,"1976-2024","England"
70,"Polyommatus bellargus","Adonis Blue",1984,16,2.31,7,"1976-2024","England"
70,"Polyommatus bellargus","Adonis Blue",1985,21,2.01,21,"1976-2024","England"
70,"Polyommatus bellargus","Adonis Blue",1986,23,2.15,15,"1976-2024","England"
70,"Polyommatus bellargus","Adonis Blue",1987,25,1.74,39,"1976-2024","England"
70,"Polyommatus bellargus","Adonis Blue",1988,28,1.45,45,"1976-2024","England"
70,"Polyommatus bellargus","Adonis Blue",1989,34,1.81,38,"1976-2024","England"
70,"Polyommatus bellargus","Adonis Blue",1990,40,2.13,16,"1976-2024","England"
70,"Polyommatus bellargus","Adonis Blue",1991,42,1.9,32,"1976-2024","England"
70,"Polyommatus bellargus","Adonis Blue",1992,49,1.83,36,"1976-2024","England"
70,"Polyommatus bellargus","Adonis Blue",1993,51,1.27,46,"1976-2024","England"
70,"Polyommatus bellargus","Adonis Blue",1994,55,1.67,40,"1976-2024","England"
70,"Polyommatus bellargus","Adonis Blue",1995,66,1.64,41,"1976-2024","England"
70,"Polyommatus bellargus","Adonis Blue",1996,73,2.29,8,"1976-2024","England"
70,"Polyommatus bellargus","Adonis Blue",1997,77,2.34,5,"1976-2024","England"
70,"Polyommatus bellargus","Adonis Blue",1998,80,1.94,29,"1976-2024","England"
70,"Polyommatus bellargus","Adonis Blue",1999,77,1.93,30,"1976-2024","England"
70,"Polyommatus bellargus","Adonis Blue",2000,83,1.98,24,"1976-2024","England"
70,"Polyommatus bellargus","Adonis Blue",2001,82,1.85,35,"1976-2024","England"
70,"Polyommatus bellargus","Adonis Blue",2002,86,1.95,27,"1976-2024","England"
70,"Polyommatus bellargus","Adonis Blue",2003,99,2.39,3,"1976-2024","England"
70,"Polyommatus bellargus","Adonis Blue",2004,99,2.26,9,"1976-2024","England"
70,"Polyommatus bellargus","Adonis Blue",2005,102,2.37,4,"1976-2024","England"
70,"Polyommatus bellargus","Adonis Blue",2006,112,2.54,1,"1976-2024","England"
70,"Polyommatus bellargus","Adonis Blue",2007,124,2.01,21,"1976-2024","England"
70,"Polyommatus bellargus","Adonis Blue",2008,133,2.06,19,"1976-2024","England"
70,"Polyommatus bellargus","Adonis Blue",2009,141,2.19,13,"1976-2024","England"
70,"Polyommatus bellargus","Adonis Blue",2010,137,2.42,2,"1976-2024","England"
70,"Polyommatus bellargus","Adonis Blue",2011,143,2.2,12,"1976-2024","England"
70,"Polyommatus bellargus","Adonis Blue",2012,136,2.25,10,"1976-2024","England"
70,"Polyommatus bellargus","Adonis Blue",2013,140,2.34,5,"1976-2024","England"
70,"Polyommatus bellargus","Adonis Blue",2014,146,1.99,23,"1976-2024","England"
70,"Polyommatus bellargus","Adonis Blue",2015,164,1.95,27,"1976-2024","England"
70,"Polyommatus bellargus","Adonis Blue",2016,162,1.86,34,"1976-2024","England"
70,"Polyommatus bellargus","Adonis Blue",2017,173,2.04,20,"1976-2024","England"
70,"Polyommatus bellargus","Adonis Blue",2018,198,2.24,11,"1976-2024","England"
70,"Polyommatus bellargus","Adonis Blue",2019,211,1.98,24,"1976-2024","England"
70,"Polyommatus bellargus","Adonis Blue",2020,189,1.88,33,"1976-2024","England"
70,"Polyommatus bellargus","Adonis Blue",2021,207,2.08,18,"1976-2024","England"
70,"Polyommatus bellargus","Adonis Blue",2022,219,1.97,26,"1976-2024","England"
70,"Polyommatus bellargus","Adonis Blue",2023,210,1.92,31,"1976-2024","England"
70,"Polyommatus bellargus","Adonis Blue",2024,202,1.56,44,"1976-2024","England"
71,"Polyommatus coridon","Chalk Hill Blue",1976,12,2.26,2,"1976-2024","England"
71,"Polyommatus coridon","Chalk Hill Blue",1977,15,1.78,45,"1976-2024","England"
71,"Polyommatus coridon","Chalk Hill Blue",1978,15,1.98,30,"1976-2024","England"
71,"Polyommatus coridon","Chalk Hill Blue",1979,21,2.17,6,"1976-2024","England"
71,"Polyommatus coridon","Chalk Hill Blue",1980,24,2.07,15,"1976-2024","England"
71,"Polyommatus coridon","Chalk Hill Blue",1981,27,1.68,48,"1976-2024","England"
71,"Polyommatus coridon","Chalk Hill Blue",1982,29,1.92,35,"1976-2024","England"
71,"Polyommatus coridon","Chalk Hill Blue",1983,33,1.88,37,"1976-2024","England"
71,"Polyommatus coridon","Chalk Hill Blue",1984,35,2.07,15,"1976-2024","England"
71,"Polyommatus coridon","Chalk Hill Blue",1985,42,1.98,30,"1976-2024","England"
71,"Polyommatus coridon","Chalk Hill Blue",1986,46,2.16,9,"1976-2024","England"
71,"Polyommatus coridon","Chalk Hill Blue",1987,52,2.04,21,"1976-2024","England"
71,"Polyommatus coridon","Chalk Hill Blue",1988,59,1.96,33,"1976-2024","England"
71,"Polyommatus coridon","Chalk Hill Blue",1989,76,2,27,"1976-2024","England"
71,"Polyommatus coridon","Chalk Hill Blue",1990,89,2.05,20,"1976-2024","England"
71,"Polyommatus coridon","Chalk Hill Blue",1991,92,2.07,15,"1976-2024","England"
71,"Polyommatus coridon","Chalk Hill Blue",1992,100,2.13,12,"1976-2024","England"
71,"Polyommatus coridon","Chalk Hill Blue",1993,107,1.92,35,"1976-2024","England"
71,"Polyommatus coridon","Chalk Hill Blue",1994,115,2,27,"1976-2024","England"
71,"Polyommatus coridon","Chalk Hill Blue",1995,135,2.04,21,"1976-2024","England"
71,"Polyommatus coridon","Chalk Hill Blue",1996,145,2.19,5,"1976-2024","England"
71,"Polyommatus coridon","Chalk Hill Blue",1997,150,2.21,4,"1976-2024","England"
71,"Polyommatus coridon","Chalk Hill Blue",1998,153,2.02,24,"1976-2024","England"
71,"Polyommatus coridon","Chalk Hill Blue",1999,160,2.16,9,"1976-2024","England"
71,"Polyommatus coridon","Chalk Hill Blue",2000,173,1.98,30,"1976-2024","England"
71,"Polyommatus coridon","Chalk Hill Blue",2001,172,1.85,39,"1976-2024","England"
71,"Polyommatus coridon","Chalk Hill Blue",2002,166,1.8,43,"1976-2024","England"
71,"Polyommatus coridon","Chalk Hill Blue",2003,197,2,27,"1976-2024","England"
71,"Polyommatus coridon","Chalk Hill Blue",2004,191,2.01,26,"1976-2024","England"
71,"Polyommatus coridon","Chalk Hill Blue",2005,192,2.15,11,"1976-2024","England"
71,"Polyommatus coridon","Chalk Hill Blue",2006,198,2.17,6,"1976-2024","England"
71,"Polyommatus coridon","Chalk Hill Blue",2007,203,1.69,47,"1976-2024","England"
71,"Polyommatus coridon","Chalk Hill Blue",2008,217,1.79,44,"1976-2024","England"
71,"Polyommatus coridon","Chalk Hill Blue",2009,236,1.85,39,"1976-2024","England"
71,"Polyommatus coridon","Chalk Hill Blue",2010,227,2.12,14,"1976-2024","England"
71,"Polyommatus coridon","Chalk Hill Blue",2011,233,2.06,18,"1976-2024","England"
71,"Polyommatus coridon","Chalk Hill Blue",2012,230,2.13,12,"1976-2024","England"
71,"Polyommatus coridon","Chalk Hill Blue",2013,248,2.36,1,"1976-2024","England"
71,"Polyommatus coridon","Chalk Hill Blue",2014,251,2.02,24,"1976-2024","England"
71,"Polyommatus coridon","Chalk Hill Blue",2015,278,2.04,21,"1976-2024","England"
71,"Polyommatus coridon","Chalk Hill Blue",2016,282,1.74,46,"1976-2024","England"
71,"Polyommatus coridon","Chalk Hill Blue",2017,293,1.84,42,"1976-2024","England"
71,"Polyommatus coridon","Chalk Hill Blue",2018,314,1.85,39,"1976-2024","England"
71,"Polyommatus coridon","Chalk Hill Blue",2019,319,1.94,34,"1976-2024","England"
71,"Polyommatus coridon","Chalk Hill Blue",2020,286,2.06,18,"1976-2024","England"
71,"Polyommatus coridon","Chalk Hill Blue",2021,318,2.24,3,"1976-2024","England"
71,"Polyommatus coridon","Chalk Hill Blue",2022,334,2.17,6,"1976-2024","England"
71,"Polyommatus coridon","Chalk Hill Blue",2023,330,1.88,37,"1976-2024","England"
71,"Polyommatus coridon","Chalk Hill Blue",2024,326,1.5,49,"1976-2024","England"
106,"Polyommatus icarus","Common Blue",1976,32,2.4,1,"1976-2024","England"
106,"Polyommatus icarus","Common Blue",1977,45,1.76,43,"1976-2024","England"
106,"Polyommatus icarus","Common Blue",1978,48,1.65,46,"1976-2024","England"
106,"Polyommatus icarus","Common Blue",1979,59,2.06,18,"1976-2024","England"
106,"Polyommatus icarus","Common Blue",1980,68,2.05,21,"1976-2024","England"
106,"Polyommatus icarus","Common Blue",1981,70,1.86,40,"1976-2024","England"
106,"Polyommatus icarus","Common Blue",1982,76,2.11,13,"1976-2024","England"
106,"Polyommatus icarus","Common Blue",1983,85,2.25,5,"1976-2024","England"
106,"Polyommatus icarus","Common Blue",1984,96,2.3,4,"1976-2024","England"
106,"Polyommatus icarus","Common Blue",1985,106,1.91,34,"1976-2024","England"
106,"Polyommatus icarus","Common Blue",1986,115,1.87,38,"1976-2024","England"
106,"Polyommatus icarus","Common Blue",1987,139,1.92,33,"1976-2024","England"
106,"Polyommatus icarus","Common Blue",1988,161,1.96,28,"1976-2024","England"
106,"Polyommatus icarus","Common Blue",1989,189,2.16,10,"1976-2024","England"
106,"Polyommatus icarus","Common Blue",1990,219,2.24,7,"1976-2024","England"
106,"Polyommatus icarus","Common Blue",1991,246,2.04,22,"1976-2024","England"
106,"Polyommatus icarus","Common Blue",1992,269,2.06,18,"1976-2024","England"
106,"Polyommatus icarus","Common Blue",1993,297,1.88,37,"1976-2024","England"
106,"Polyommatus icarus","Common Blue",1994,327,2.07,16,"1976-2024","England"
106,"Polyommatus icarus","Common Blue",1995,383,2.14,12,"1976-2024","England"
106,"Polyommatus icarus","Common Blue",1996,419,2.24,7,"1976-2024","England"
106,"Polyommatus icarus","Common Blue",1997,445,2.22,9,"1976-2024","England"
106,"Polyommatus icarus","Common Blue",1998,455,1.84,42,"1976-2024","England"
106,"Polyommatus icarus","Common Blue",1999,480,1.94,31,"1976-2024","England"
106,"Polyommatus icarus","Common Blue",2000,512,1.96,28,"1976-2024","England"
106,"Polyommatus icarus","Common Blue",2001,489,1.87,38,"1976-2024","England"
106,"Polyommatus icarus","Common Blue",2002,559,1.96,28,"1976-2024","England"
106,"Polyommatus icarus","Common Blue",2003,619,2.25,5,"1976-2024","England"
106,"Polyommatus icarus","Common Blue",2004,610,2.1,14,"1976-2024","England"
106,"Polyommatus icarus","Common Blue",2005,637,2.04,22,"1976-2024","England"
106,"Polyommatus icarus","Common Blue",2006,686,2.16,10,"1976-2024","England"
106,"Polyommatus icarus","Common Blue",2007,831,1.6,47,"1976-2024","England"
106,"Polyommatus icarus","Common Blue",2008,841,1.76,43,"1976-2024","England"
106,"Polyommatus icarus","Common Blue",2009,1273,2,25,"1976-2024","England"
106,"Polyommatus icarus","Common Blue",2010,1280,2.38,2,"1976-2024","England"
106,"Polyommatus icarus","Common Blue",2011,1283,2,25,"1976-2024","England"
106,"Polyommatus icarus","Common Blue",2012,1325,1.56,49,"1976-2024","England"
106,"Polyommatus icarus","Common Blue",2013,1455,2.07,16,"1976-2024","England"
106,"Polyommatus icarus","Common Blue",2014,1549,2.08,15,"1976-2024","England"
106,"Polyommatus icarus","Common Blue",2015,1668,2.06,18,"1976-2024","England"
106,"Polyommatus icarus","Common Blue",2016,1736,1.72,45,"1976-2024","England"
106,"Polyommatus icarus","Common Blue",2017,1887,2.01,24,"1976-2024","England"
106,"Polyommatus icarus","Common Blue",2018,1998,2.33,3,"1976-2024","England"
106,"Polyommatus icarus","Common Blue",2019,2120,1.97,27,"1976-2024","England"
106,"Polyommatus icarus","Common Blue",2020,1803,1.91,34,"1976-2024","England"
106,"Polyommatus icarus","Common Blue",2021,2124,1.86,40,"1976-2024","England"
106,"Polyommatus icarus","Common Blue",2022,2290,1.94,31,"1976-2024","England"
106,"Polyommatus icarus","Common Blue",2023,2328,1.89,36,"1976-2024","England"
106,"Polyommatus icarus","Common Blue",2024,2408,1.59,48,"1976-2024","England"
110,"Pyrgus malvae","Grizzled Skipper",1976,16,2.6,1,"1976-2024","England"
110,"Pyrgus malvae","Grizzled Skipper",1977,20,2.33,3,"1976-2024","England"
110,"Pyrgus malvae","Grizzled Skipper",1978,21,2.03,15,"1976-2024","England"
110,"Pyrgus malvae","Grizzled Skipper",1979,28,1.99,22,"1976-2024","England"
110,"Pyrgus malvae","Grizzled Skipper",1980,31,2.13,8,"1976-2024","England"
110,"Pyrgus malvae","Grizzled Skipper",1981,33,1.87,38,"1976-2024","England"
110,"Pyrgus malvae","Grizzled Skipper",1982,35,1.9,35,"1976-2024","England"
110,"Pyrgus malvae","Grizzled Skipper",1983,39,2,20,"1976-2024","England"
110,"Pyrgus malvae","Grizzled Skipper",1984,45,1.98,24,"1976-2024","England"
110,"Pyrgus malvae","Grizzled Skipper",1985,51,2.22,4,"1976-2024","England"
110,"Pyrgus malvae","Grizzled Skipper",1986,58,2.06,14,"1976-2024","England"
110,"Pyrgus malvae","Grizzled Skipper",1987,73,2.12,10,"1976-2024","England"
110,"Pyrgus malvae","Grizzled Skipper",1988,89,2.02,18,"1976-2024","England"
110,"Pyrgus malvae","Grizzled Skipper",1989,106,1.86,40,"1976-2024","England"
110,"Pyrgus malvae","Grizzled Skipper",1990,118,2.13,8,"1976-2024","England"
110,"Pyrgus malvae","Grizzled Skipper",1991,132,2.17,6,"1976-2024","England"
110,"Pyrgus malvae","Grizzled Skipper",1992,139,2.03,15,"1976-2024","England"
110,"Pyrgus malvae","Grizzled Skipper",1993,150,1.99,22,"1976-2024","England"
110,"Pyrgus malvae","Grizzled Skipper",1994,162,1.91,34,"1976-2024","England"
110,"Pyrgus malvae","Grizzled Skipper",1995,186,2,20,"1976-2024","England"
110,"Pyrgus malvae","Grizzled Skipper",1996,202,2.15,7,"1976-2024","England"
110,"Pyrgus malvae","Grizzled Skipper",1997,210,2.44,2,"1976-2024","England"
110,"Pyrgus malvae","Grizzled Skipper",1998,224,2.09,11,"1976-2024","England"
110,"Pyrgus malvae","Grizzled Skipper",1999,230,1.98,24,"1976-2024","England"
110,"Pyrgus malvae","Grizzled Skipper",2000,241,1.94,30,"1976-2024","England"
110,"Pyrgus malvae","Grizzled Skipper",2001,230,1.9,35,"1976-2024","England"
110,"Pyrgus malvae","Grizzled Skipper",2002,255,2.09,11,"1976-2024","England"
110,"Pyrgus malvae","Grizzled Skipper",2003,270,1.86,40,"1976-2024","England"
110,"Pyrgus malvae","Grizzled Skipper",2004,263,1.95,27,"1976-2024","England"
110,"Pyrgus malvae","Grizzled Skipper",2005,264,1.97,26,"1976-2024","England"
110,"Pyrgus malvae","Grizzled Skipper",2006,274,1.85,42,"1976-2024","England"
110,"Pyrgus malvae","Grizzled Skipper",2007,284,1.94,30,"1976-2024","England"
110,"Pyrgus malvae","Grizzled Skipper",2008,303,1.82,45,"1976-2024","England"
110,"Pyrgus malvae","Grizzled Skipper",2009,312,1.95,27,"1976-2024","England"
110,"Pyrgus malvae","Grizzled Skipper",2010,305,2.01,19,"1976-2024","England"
110,"Pyrgus malvae","Grizzled Skipper",2011,316,2.22,4,"1976-2024","England"
110,"Pyrgus malvae","Grizzled Skipper",2012,298,2.08,13,"1976-2024","England"
110,"Pyrgus malvae","Grizzled Skipper",2013,317,1.84,44,"1976-2024","England"
110,"Pyrgus malvae","Grizzled Skipper",2014,331,1.92,33,"1976-2024","England"
110,"Pyrgus malvae","Grizzled Skipper",2015,376,1.85,42,"1976-2024","England"
110,"Pyrgus malvae","Grizzled Skipper",2016,384,1.81,46,"1976-2024","England"
110,"Pyrgus malvae","Grizzled Skipper",2017,393,1.77,48,"1976-2024","England"
110,"Pyrgus malvae","Grizzled Skipper",2018,417,1.89,37,"1976-2024","England"
110,"Pyrgus malvae","Grizzled Skipper",2019,432,1.93,32,"1976-2024","England"
110,"Pyrgus malvae","Grizzled Skipper",2020,384,2.03,15,"1976-2024","England"
110,"Pyrgus malvae","Grizzled Skipper",2021,425,1.95,27,"1976-2024","England"
110,"Pyrgus malvae","Grizzled Skipper",2022,435,1.87,38,"1976-2024","England"
110,"Pyrgus malvae","Grizzled Skipper",2023,434,1.81,46,"1976-2024","England"
110,"Pyrgus malvae","Grizzled Skipper",2024,431,1.72,49,"1976-2024","England"
76,"Pyronia tithonus","Gatekeeper",1976,31,2.24,5,"1976-2024","England"
76,"Pyronia tithonus","Gatekeeper",1977,42,2.08,13,"1976-2024","England"
76,"Pyronia tithonus","Gatekeeper",1978,46,2.04,20,"1976-2024","England"
76,"Pyronia tithonus","Gatekeeper",1979,55,2.11,11,"1976-2024","England"
76,"Pyronia tithonus","Gatekeeper",1980,64,1.94,30,"1976-2024","England"
76,"Pyronia tithonus","Gatekeeper",1981,65,2.05,18,"1976-2024","England"
76,"Pyronia tithonus","Gatekeeper",1982,69,2.25,4,"1976-2024","England"
76,"Pyronia tithonus","Gatekeeper",1983,80,2.23,6,"1976-2024","England"
76,"Pyronia tithonus","Gatekeeper",1984,91,2.38,1,"1976-2024","England"
76,"Pyronia tithonus","Gatekeeper",1985,101,2.05,18,"1976-2024","England"
76,"Pyronia tithonus","Gatekeeper",1986,110,1.9,37,"1976-2024","England"
76,"Pyronia tithonus","Gatekeeper",1987,133,1.65,49,"1976-2024","England"
76,"Pyronia tithonus","Gatekeeper",1988,154,1.7,47,"1976-2024","England"
76,"Pyronia tithonus","Gatekeeper",1989,185,1.88,40,"1976-2024","England"
76,"Pyronia tithonus","Gatekeeper",1990,212,2.08,13,"1976-2024","England"
76,"Pyronia tithonus","Gatekeeper",1991,236,2.26,3,"1976-2024","England"
76,"Pyronia tithonus","Gatekeeper",1992,260,2.29,2,"1976-2024","England"
76,"Pyronia tithonus","Gatekeeper",1993,288,1.99,26,"1976-2024","England"
76,"Pyronia tithonus","Gatekeeper",1994,319,2.04,20,"1976-2024","England"
76,"Pyronia tithonus","Gatekeeper",1995,375,2.08,13,"1976-2024","England"
76,"Pyronia tithonus","Gatekeeper",1996,415,2.22,7,"1976-2024","England"
76,"Pyronia tithonus","Gatekeeper",1997,438,2.13,10,"1976-2024","England"
76,"Pyronia tithonus","Gatekeeper",1998,455,1.95,29,"1976-2024","England"
76,"Pyronia tithonus","Gatekeeper",1999,476,2.03,22,"1976-2024","England"
76,"Pyronia tithonus","Gatekeeper",2000,512,2.06,16,"1976-2024","England"
76,"Pyronia tithonus","Gatekeeper",2001,493,1.99,26,"1976-2024","England"
76,"Pyronia tithonus","Gatekeeper",2002,551,1.96,28,"1976-2024","England"
76,"Pyronia tithonus","Gatekeeper",2003,602,2.06,16,"1976-2024","England"
76,"Pyronia tithonus","Gatekeeper",2004,590,2.16,8,"1976-2024","England"
76,"Pyronia tithonus","Gatekeeper",2005,613,2.11,11,"1976-2024","England"
76,"Pyronia tithonus","Gatekeeper",2006,666,2.01,23,"1976-2024","England"
76,"Pyronia tithonus","Gatekeeper",2007,875,1.81,45,"1976-2024","England"
76,"Pyronia tithonus","Gatekeeper",2008,853,1.89,38,"1976-2024","England"
76,"Pyronia tithonus","Gatekeeper",2009,1331,1.91,36,"1976-2024","England"
76,"Pyronia tithonus","Gatekeeper",2010,1311,1.89,38,"1976-2024","England"
76,"Pyronia tithonus","Gatekeeper",2011,1306,1.84,42,"1976-2024","England"
76,"Pyronia tithonus","Gatekeeper",2012,1381,1.7,47,"1976-2024","England"
76,"Pyronia tithonus","Gatekeeper",2013,1506,1.83,43,"1976-2024","England"
76,"Pyronia tithonus","Gatekeeper",2014,1608,1.93,32,"1976-2024","England"
76,"Pyronia tithonus","Gatekeeper",2015,1702,2,24,"1976-2024","England"
76,"Pyronia tithonus","Gatekeeper",2016,1765,1.71,46,"1976-2024","England"
76,"Pyronia tithonus","Gatekeeper",2017,1920,1.93,32,"1976-2024","England"
76,"Pyronia tithonus","Gatekeeper",2018,2029,1.82,44,"1976-2024","England"
76,"Pyronia tithonus","Gatekeeper",2019,2178,2,24,"1976-2024","England"
76,"Pyronia tithonus","Gatekeeper",2020,1862,1.93,32,"1976-2024","England"
76,"Pyronia tithonus","Gatekeeper",2021,2190,1.88,40,"1976-2024","England"
76,"Pyronia tithonus","Gatekeeper",2022,2368,1.94,30,"1976-2024","England"
76,"Pyronia tithonus","Gatekeeper",2023,2425,2.14,9,"1976-2024","England"
76,"Pyronia tithonus","Gatekeeper",2024,2600,1.92,35,"1976-2024","England"
112,"Satyrium pruni","Black Hairstreak",1995,10,2.02,16,"1976-2024","England"
112,"Satyrium pruni","Black Hairstreak",1996,10,2.02,16,"1976-2024","England"
112,"Satyrium pruni","Black Hairstreak",1997,11,1.49,26,"1976-2024","England"
112,"Satyrium pruni","Black Hairstreak",1998,10,1.34,28,"1976-2024","England"
112,"Satyrium pruni","Black Hairstreak",1999,11,1.32,29,"1976-2024","England"
112,"Satyrium pruni","Black Hairstreak",2000,10,1.78,22,"1976-2024","England"
112,"Satyrium pruni","Black Hairstreak",2001,9,1.75,24,"1976-2024","England"
112,"Satyrium pruni","Black Hairstreak",2002,11,1.92,19,"1976-2024","England"
112,"Satyrium pruni","Black Hairstreak",2003,12,1.65,25,"1976-2024","England"
112,"Satyrium pruni","Black Hairstreak",2004,13,2.07,13,"1976-2024","England"
112,"Satyrium pruni","Black Hairstreak",2005,13,1.78,22,"1976-2024","England"
112,"Satyrium pruni","Black Hairstreak",2006,13,2.2,8,"1976-2024","England"
112,"Satyrium pruni","Black Hairstreak",2007,15,2.13,10,"1976-2024","England"
112,"Satyrium pruni","Black Hairstreak",2008,15,1.85,20,"1976-2024","England"
112,"Satyrium pruni","Black Hairstreak",2009,16,2.01,18,"1976-2024","England"
112,"Satyrium pruni","Black Hairstreak",2010,16,2.4,6,"1976-2024","England"
112,"Satyrium pruni","Black Hairstreak",2011,16,2.05,15,"1976-2024","England"
112,"Satyrium pruni","Black Hairstreak",2012,15,0.81,30,"1976-2024","England"
112,"Satyrium pruni","Black Hairstreak",2013,16,1.39,27,"1976-2024","England"
112,"Satyrium pruni","Black Hairstreak",2014,16,1.79,21,"1976-2024","England"
112,"Satyrium pruni","Black Hairstreak",2015,15,2.1,11,"1976-2024","England"
112,"Satyrium pruni","Black Hairstreak",2016,16,2.06,14,"1976-2024","England"
112,"Satyrium pruni","Black Hairstreak",2017,17,2.08,12,"1976-2024","England"
112,"Satyrium pruni","Black Hairstreak",2018,16,3.07,1,"1976-2024","England"
112,"Satyrium pruni","Black Hairstreak",2019,17,2.78,2,"1976-2024","England"
112,"Satyrium pruni","Black Hairstreak",2020,15,2.2,8,"1976-2024","England"
112,"Satyrium pruni","Black Hairstreak",2021,16,2.41,5,"1976-2024","England"
112,"Satyrium pruni","Black Hairstreak",2022,17,2.25,7,"1976-2024","England"
112,"Satyrium pruni","Black Hairstreak",2023,17,2.66,3,"1976-2024","England"
112,"Satyrium pruni","Black Hairstreak",2024,18,2.63,4,"1976-2024","England"
113,"Satyrium w-album","White-letter Hairstreak",1976,16,3.41,1,"1976-2024","England"
113,"Satyrium w-album","White-letter Hairstreak",1977,21,1.77,36,"1976-2024","England"
113,"Satyrium w-album","White-letter Hairstreak",1978,21,2.31,8,"1976-2024","England"
113,"Satyrium w-album","White-letter Hairstreak",1979,26,2.53,4,"1976-2024","England"
113,"Satyrium w-album","White-letter Hairstreak",1980,26,2.04,18,"1976-2024","England"
113,"Satyrium w-album","White-letter Hairstreak",1981,28,1.51,47,"1976-2024","England"
113,"Satyrium w-album","White-letter Hairstreak",1982,30,1.75,37,"1976-2024","England"
113,"Satyrium w-album","White-letter Hairstreak",1983,30,2.45,6,"1976-2024","England"
113,"Satyrium w-album","White-letter Hairstreak",1984,33,2.9,2,"1976-2024","England"
113,"Satyrium w-album","White-letter Hairstreak",1985,34,2.48,5,"1976-2024","England"
113,"Satyrium w-album","White-letter Hairstreak",1986,38,2.57,3,"1976-2024","England"
113,"Satyrium w-album","White-letter Hairstreak",1987,41,2.24,12,"1976-2024","England"
113,"Satyrium w-album","White-letter Hairstreak",1988,47,2.05,17,"1976-2024","England"
113,"Satyrium w-album","White-letter Hairstreak",1989,54,2.22,13,"1976-2024","England"
113,"Satyrium w-album","White-letter Hairstreak",1990,65,1.8,33,"1976-2024","England"
113,"Satyrium w-album","White-letter Hairstreak",1991,70,2.22,13,"1976-2024","England"
113,"Satyrium w-album","White-letter Hairstreak",1992,74,2.3,9,"1976-2024","England"
113,"Satyrium w-album","White-letter Hairstreak",1993,85,2.29,10,"1976-2024","England"
113,"Satyrium w-album","White-letter Hairstreak",1994,95,2.1,16,"1976-2024","England"
113,"Satyrium w-album","White-letter Hairstreak",1995,104,2.25,11,"1976-2024","England"
113,"Satyrium w-album","White-letter Hairstreak",1996,120,2.45,6,"1976-2024","England"
113,"Satyrium w-album","White-letter Hairstreak",1997,125,1.86,27,"1976-2024","England"
113,"Satyrium w-album","White-letter Hairstreak",1998,128,1.74,38,"1976-2024","England"
113,"Satyrium w-album","White-letter Hairstreak",1999,135,1.48,48,"1976-2024","England"
113,"Satyrium w-album","White-letter Hairstreak",2000,146,1.8,33,"1976-2024","England"
113,"Satyrium w-album","White-letter Hairstreak",2001,141,1.83,30,"1976-2024","England"
113,"Satyrium w-album","White-letter Hairstreak",2002,157,1.68,42,"1976-2024","England"
113,"Satyrium w-album","White-letter Hairstreak",2003,170,1.65,44,"1976-2024","England"
113,"Satyrium w-album","White-letter Hairstreak",2004,174,1.85,28,"1976-2024","England"
113,"Satyrium w-album","White-letter Hairstreak",2005,180,1.94,22,"1976-2024","England"
113,"Satyrium w-album","White-letter Hairstreak",2006,176,2.04,18,"1976-2024","England"
113,"Satyrium w-album","White-letter Hairstreak",2007,183,1.88,25,"1976-2024","England"
113,"Satyrium w-album","White-letter Hairstreak",2008,191,1.68,42,"1976-2024","England"
113,"Satyrium w-album","White-letter Hairstreak",2009,225,1.83,30,"1976-2024","England"
113,"Satyrium w-album","White-letter Hairstreak",2010,229,2.03,20,"1976-2024","England"
113,"Satyrium w-album","White-letter Hairstreak",2011,229,1.98,21,"1976-2024","England"
113,"Satyrium w-album","White-letter Hairstreak",2012,232,1.45,49,"1976-2024","England"
113,"Satyrium w-album","White-letter Hairstreak",2013,254,1.72,39,"1976-2024","England"
113,"Satyrium w-album","White-letter Hairstreak",2014,279,1.71,41,"1976-2024","England"
113,"Satyrium w-album","White-letter Hairstreak",2015,305,1.72,39,"1976-2024","England"
113,"Satyrium w-album","White-letter Hairstreak",2016,313,1.56,45,"1976-2024","England"
113,"Satyrium w-album","White-letter Hairstreak",2017,341,1.88,25,"1976-2024","England"
113,"Satyrium w-album","White-letter Hairstreak",2018,345,2.15,15,"1976-2024","England"
113,"Satyrium w-album","White-letter Hairstreak",2019,355,1.93,24,"1976-2024","England"
113,"Satyrium w-album","White-letter Hairstreak",2020,304,1.94,22,"1976-2024","England"
113,"Satyrium w-album","White-letter Hairstreak",2021,357,1.84,29,"1976-2024","England"
113,"Satyrium w-album","White-letter Hairstreak",2022,357,1.81,32,"1976-2024","England"
113,"Satyrium w-album","White-letter Hairstreak",2023,360,1.78,35,"1976-2024","England"
113,"Satyrium w-album","White-letter Hairstreak",2024,359,1.56,45,"1976-2024","England"
12,"Speyeria aglaja","Dark Green Fritillary",1976,15,2.42,4,"1976-2024","England"
12,"Speyeria aglaja","Dark Green Fritillary",1977,23,1.79,36,"1976-2024","England"
12,"Speyeria aglaja","Dark Green Fritillary",1978,26,1.8,34,"1976-2024","England"
12,"Speyeria aglaja","Dark Green Fritillary",1979,34,1.45,46,"1976-2024","England"
12,"Speyeria aglaja","Dark Green Fritillary",1980,40,1.55,45,"1976-2024","England"
12,"Speyeria aglaja","Dark Green Fritillary",1981,42,1.26,49,"1976-2024","England"
12,"Speyeria aglaja","Dark Green Fritillary",1982,47,1.43,47,"1976-2024","England"
12,"Speyeria aglaja","Dark Green Fritillary",1983,50,1.33,48,"1976-2024","England"
12,"Speyeria aglaja","Dark Green Fritillary",1984,56,1.74,40,"1976-2024","England"
12,"Speyeria aglaja","Dark Green Fritillary",1985,63,1.7,41,"1976-2024","England"
12,"Speyeria aglaja","Dark Green Fritillary",1986,70,1.86,31,"1976-2024","England"
12,"Speyeria aglaja","Dark Green Fritillary",1987,77,1.96,28,"1976-2024","England"
12,"Speyeria aglaja","Dark Green Fritillary",1988,89,1.75,39,"1976-2024","England"
12,"Speyeria aglaja","Dark Green Fritillary",1989,112,1.63,43,"1976-2024","England"
12,"Speyeria aglaja","Dark Green Fritillary",1990,122,1.69,42,"1976-2024","England"
12,"Speyeria aglaja","Dark Green Fritillary",1991,131,1.8,34,"1976-2024","England"
12,"Speyeria aglaja","Dark Green Fritillary",1992,146,1.79,36,"1976-2024","England"
12,"Speyeria aglaja","Dark Green Fritillary",1993,158,1.62,44,"1976-2024","England"
12,"Speyeria aglaja","Dark Green Fritillary",1994,176,1.84,33,"1976-2024","England"
12,"Speyeria aglaja","Dark Green Fritillary",1995,199,2.11,23,"1976-2024","England"
12,"Speyeria aglaja","Dark Green Fritillary",1996,214,2.21,15,"1976-2024","England"
12,"Speyeria aglaja","Dark Green Fritillary",1997,230,2.29,9,"1976-2024","England"
12,"Speyeria aglaja","Dark Green Fritillary",1998,232,2.03,25,"1976-2024","England"
12,"Speyeria aglaja","Dark Green Fritillary",1999,242,2,27,"1976-2024","England"
12,"Speyeria aglaja","Dark Green Fritillary",2000,259,1.86,31,"1976-2024","England"
12,"Speyeria aglaja","Dark Green Fritillary",2001,241,1.93,29,"1976-2024","England"
12,"Speyeria aglaja","Dark Green Fritillary",2002,286,1.88,30,"1976-2024","England"
12,"Speyeria aglaja","Dark Green Fritillary",2003,304,2.19,18,"1976-2024","England"
12,"Speyeria aglaja","Dark Green Fritillary",2004,296,2.22,14,"1976-2024","England"
12,"Speyeria aglaja","Dark Green Fritillary",2005,309,2.19,18,"1976-2024","England"
12,"Speyeria aglaja","Dark Green Fritillary",2006,334,2.37,7,"1976-2024","England"
12,"Speyeria aglaja","Dark Green Fritillary",2007,369,2.23,12,"1976-2024","England"
12,"Speyeria aglaja","Dark Green Fritillary",2008,392,2.02,26,"1976-2024","England"
12,"Speyeria aglaja","Dark Green Fritillary",2009,450,2.14,22,"1976-2024","England"
12,"Speyeria aglaja","Dark Green Fritillary",2010,450,2.26,10,"1976-2024","England"
12,"Speyeria aglaja","Dark Green Fritillary",2011,451,2.34,8,"1976-2024","England"
12,"Speyeria aglaja","Dark Green Fritillary",2012,460,2.21,15,"1976-2024","England"
12,"Speyeria aglaja","Dark Green Fritillary",2013,501,2.39,6,"1976-2024","England"
12,"Speyeria aglaja","Dark Green Fritillary",2014,537,2.23,12,"1976-2024","England"
12,"Speyeria aglaja","Dark Green Fritillary",2015,607,2.26,10,"1976-2024","England"
12,"Speyeria aglaja","Dark Green Fritillary",2016,625,2.06,24,"1976-2024","England"
12,"Speyeria aglaja","Dark Green Fritillary",2017,645,2.16,21,"1976-2024","England"
12,"Speyeria aglaja","Dark Green Fritillary",2018,684,2.21,15,"1976-2024","England"
12,"Speyeria aglaja","Dark Green Fritillary",2019,722,2.4,5,"1976-2024","England"
12,"Speyeria aglaja","Dark Green Fritillary",2020,635,2.45,3,"1976-2024","England"
12,"Speyeria aglaja","Dark Green Fritillary",2021,726,2.49,1,"1976-2024","England"
12,"Speyeria aglaja","Dark Green Fritillary",2022,752,2.47,2,"1976-2024","England"
12,"Speyeria aglaja","Dark Green Fritillary",2023,746,2.18,20,"1976-2024","England"
12,"Speyeria aglaja","Dark Green Fritillary",2024,741,1.76,38,"1976-2024","England"
115,"Thecla betulae","Brown Hairstreak",1983,11,1.49,42,"1976-2024","England"
115,"Thecla betulae","Brown Hairstreak",1984,12,2.13,10,"1976-2024","England"
115,"Thecla betulae","Brown Hairstreak",1985,13,2.11,11,"1976-2024","England"
115,"Thecla betulae","Brown Hairstreak",1986,14,2.11,11,"1976-2024","England"
115,"Thecla betulae","Brown Hairstreak",1987,14,1.79,37,"1976-2024","England"
115,"Thecla betulae","Brown Hairstreak",1988,19,1.92,28,"1976-2024","England"
115,"Thecla betulae","Brown Hairstreak",1989,23,1.99,23,"1976-2024","England"
115,"Thecla betulae","Brown Hairstreak",1990,28,2.17,6,"1976-2024","England"
115,"Thecla betulae","Brown Hairstreak",1991,32,2.19,5,"1976-2024","England"
115,"Thecla betulae","Brown Hairstreak",1992,33,2,20,"1976-2024","England"
115,"Thecla betulae","Brown Hairstreak",1993,38,1.9,32,"1976-2024","England"
115,"Thecla betulae","Brown Hairstreak",1994,47,1.92,28,"1976-2024","England"
115,"Thecla betulae","Brown Hairstreak",1995,53,2.64,1,"1976-2024","England"
115,"Thecla betulae","Brown Hairstreak",1996,55,2.34,2,"1976-2024","England"
115,"Thecla betulae","Brown Hairstreak",1997,57,1.78,38,"1976-2024","England"
115,"Thecla betulae","Brown Hairstreak",1998,64,2.1,13,"1976-2024","England"
115,"Thecla betulae","Brown Hairstreak",1999,58,2.21,4,"1976-2024","England"
115,"Thecla betulae","Brown Hairstreak",2000,66,2.15,7,"1976-2024","England"
115,"Thecla betulae","Brown Hairstreak",2001,69,2.08,15,"1976-2024","England"
115,"Thecla betulae","Brown Hairstreak",2002,82,1.73,40,"1976-2024","England"
115,"Thecla betulae","Brown Hairstreak",2003,92,1.98,24,"1976-2024","England"
115,"Thecla betulae","Brown Hairstreak",2004,87,1.92,28,"1976-2024","England"
115,"Thecla betulae","Brown Hairstreak",2005,98,2.05,16,"1976-2024","England"
115,"Thecla betulae","Brown Hairstreak",2006,95,1.87,33,"1976-2024","England"
115,"Thecla betulae","Brown Hairstreak",2007,99,1.66,41,"1976-2024","England"
115,"Thecla betulae","Brown Hairstreak",2008,113,1.86,35,"1976-2024","England"
115,"Thecla betulae","Brown Hairstreak",2009,124,1.77,39,"1976-2024","England"
115,"Thecla betulae","Brown Hairstreak",2010,125,1.93,27,"1976-2024","England"
115,"Thecla betulae","Brown Hairstreak",2011,129,1.82,36,"1976-2024","England"
115,"Thecla betulae","Brown Hairstreak",2012,128,1.87,33,"1976-2024","England"
115,"Thecla betulae","Brown Hairstreak",2013,134,1.92,28,"1976-2024","England"
115,"Thecla betulae","Brown Hairstreak",2014,143,1.94,26,"1976-2024","England"
115,"Thecla betulae","Brown Hairstreak",2015,157,2.09,14,"1976-2024","England"
115,"Thecla betulae","Brown Hairstreak",2016,170,2,20,"1976-2024","England"
115,"Thecla betulae","Brown Hairstreak",2017,205,2.01,18,"1976-2024","England"
115,"Thecla betulae","Brown Hairstreak",2018,214,2.01,18,"1976-2024","England"
115,"Thecla betulae","Brown Hairstreak",2019,213,2.14,8,"1976-2024","England"
115,"Thecla betulae","Brown Hairstreak",2020,183,2,20,"1976-2024","England"
115,"Thecla betulae","Brown Hairstreak",2021,194,2.24,3,"1976-2024","England"
115,"Thecla betulae","Brown Hairstreak",2022,201,1.98,24,"1976-2024","England"
115,"Thecla betulae","Brown Hairstreak",2023,204,2.04,17,"1976-2024","England"
115,"Thecla betulae","Brown Hairstreak",2024,213,2.14,8,"1976-2024","England"
118,"Thymelicus acteon","Lulworth Skipper",1992,5,2.58,1,"1976-2024","England"
118,"Thymelicus acteon","Lulworth Skipper",1993,5,2.23,8,"1976-2024","England"
118,"Thymelicus acteon","Lulworth Skipper",1994,6,2.29,6,"1976-2024","England"
118,"Thymelicus acteon","Lulworth Skipper",1995,6,2.16,13,"1976-2024","England"
118,"Thymelicus acteon","Lulworth Skipper",1996,5,1.94,21,"1976-2024","England"
118,"Thymelicus acteon","Lulworth Skipper",1997,5,1.9,23,"1976-2024","England"
118,"Thymelicus acteon","Lulworth Skipper",1998,6,2.23,8,"1976-2024","England"
118,"Thymelicus acteon","Lulworth Skipper",1999,6,2.48,2,"1976-2024","England"
118,"Thymelicus acteon","Lulworth Skipper",2000,7,2.44,3,"1976-2024","England"
118,"Thymelicus acteon","Lulworth Skipper",2001,7,2.18,11,"1976-2024","England"
118,"Thymelicus acteon","Lulworth Skipper",2002,8,2.32,5,"1976-2024","England"
118,"Thymelicus acteon","Lulworth Skipper",2003,10,2.28,7,"1976-2024","England"
118,"Thymelicus acteon","Lulworth Skipper",2004,10,1.95,20,"1976-2024","England"
118,"Thymelicus acteon","Lulworth Skipper",2005,10,2.1,14,"1976-2024","England"
118,"Thymelicus acteon","Lulworth Skipper",2006,9,2,18,"1976-2024","England"
118,"Thymelicus acteon","Lulworth Skipper",2007,17,1.67,26,"1976-2024","England"
118,"Thymelicus acteon","Lulworth Skipper",2008,19,1.57,29,"1976-2024","England"
118,"Thymelicus acteon","Lulworth Skipper",2009,20,1.4,32,"1976-2024","England"
118,"Thymelicus acteon","Lulworth Skipper",2010,22,1.31,33,"1976-2024","England"
118,"Thymelicus acteon","Lulworth Skipper",2011,24,1.56,30,"1976-2024","England"
118,"Thymelicus acteon","Lulworth Skipper",2012,22,1.66,27,"1976-2024","England"
118,"Thymelicus acteon","Lulworth Skipper",2013,24,2.1,14,"1976-2024","England"
118,"Thymelicus acteon","Lulworth Skipper",2014,25,2.1,14,"1976-2024","England"
118,"Thymelicus acteon","Lulworth Skipper",2015,23,2.08,17,"1976-2024","England"
118,"Thymelicus acteon","Lulworth Skipper",2016,25,1.79,25,"1976-2024","England"
118,"Thymelicus acteon","Lulworth Skipper",2017,24,1.55,31,"1976-2024","England"
118,"Thymelicus acteon","Lulworth Skipper",2018,26,1.6,28,"1976-2024","England"
118,"Thymelicus acteon","Lulworth Skipper",2019,26,1.98,19,"1976-2024","England"
118,"Thymelicus acteon","Lulworth Skipper",2020,26,1.93,22,"1976-2024","England"
118,"Thymelicus acteon","Lulworth Skipper",2021,25,1.84,24,"1976-2024","England"
118,"Thymelicus acteon","Lulworth Skipper",2022,26,2.17,12,"1976-2024","England"
118,"Thymelicus acteon","Lulworth Skipper",2023,21,2.39,4,"1976-2024","England"
118,"Thymelicus acteon","Lulworth Skipper",2024,25,2.2,10,"1976-2024","England"
119,"Thymelicus lineola","Essex Skipper",1977,27,1.56,47,"1976-2024","England"
119,"Thymelicus lineola","Essex Skipper",1978,30,1.48,48,"1976-2024","England"
119,"Thymelicus lineola","Essex Skipper",1979,42,2.16,13,"1976-2024","England"
119,"Thymelicus lineola","Essex Skipper",1980,44,1.89,30,"1976-2024","England"
119,"Thymelicus lineola","Essex Skipper",1981,45,1.87,35,"1976-2024","England"
119,"Thymelicus lineola","Essex Skipper",1982,46,2.12,18,"1976-2024","England"
119,"Thymelicus lineola","Essex Skipper",1983,52,2.12,18,"1976-2024","England"
119,"Thymelicus lineola","Essex Skipper",1984,57,2.16,13,"1976-2024","England"
119,"Thymelicus lineola","Essex Skipper",1985,59,1.74,41,"1976-2024","England"
119,"Thymelicus lineola","Essex Skipper",1986,71,1.91,28,"1976-2024","England"
119,"Thymelicus lineola","Essex Skipper",1987,79,2.12,18,"1976-2024","England"
119,"Thymelicus lineola","Essex Skipper",1988,90,2.12,18,"1976-2024","England"
119,"Thymelicus lineola","Essex Skipper",1989,98,2.13,17,"1976-2024","England"
119,"Thymelicus lineola","Essex Skipper",1990,121,1.78,38,"1976-2024","England"
119,"Thymelicus lineola","Essex Skipper",1991,128,2.37,1,"1976-2024","England"
119,"Thymelicus lineola","Essex Skipper",1992,150,2.36,3,"1976-2024","England"
119,"Thymelicus lineola","Essex Skipper",1993,157,2.14,15,"1976-2024","England"
119,"Thymelicus lineola","Essex Skipper",1994,179,2.3,6,"1976-2024","England"
119,"Thymelicus lineola","Essex Skipper",1995,222,2.37,1,"1976-2024","England"
119,"Thymelicus lineola","Essex Skipper",1996,243,2.33,5,"1976-2024","England"
119,"Thymelicus lineola","Essex Skipper",1997,268,2.28,7,"1976-2024","England"
119,"Thymelicus lineola","Essex Skipper",1998,272,2.18,12,"1976-2024","England"
119,"Thymelicus lineola","Essex Skipper",1999,275,2.26,9,"1976-2024","England"
119,"Thymelicus lineola","Essex Skipper",2000,299,2.06,23,"1976-2024","England"
119,"Thymelicus lineola","Essex Skipper",2001,308,2.2,10,"1976-2024","England"
119,"Thymelicus lineola","Essex Skipper",2002,339,2.19,11,"1976-2024","England"
119,"Thymelicus lineola","Essex Skipper",2003,380,2.09,22,"1976-2024","England"
119,"Thymelicus lineola","Essex Skipper",2004,385,2.27,8,"1976-2024","England"
119,"Thymelicus lineola","Essex Skipper",2005,397,2.34,4,"1976-2024","England"
119,"Thymelicus lineola","Essex Skipper",2006,428,1.89,30,"1976-2024","England"
119,"Thymelicus lineola","Essex Skipper",2007,482,1.74,41,"1976-2024","England"
119,"Thymelicus lineola","Essex Skipper",2008,510,1.78,38,"1976-2024","England"
119,"Thymelicus lineola","Essex Skipper",2009,704,1.75,40,"1976-2024","England"
119,"Thymelicus lineola","Essex Skipper",2010,705,1.58,46,"1976-2024","England"
119,"Thymelicus lineola","Essex Skipper",2011,718,1.71,44,"1976-2024","England"
119,"Thymelicus lineola","Essex Skipper",2012,742,1.62,45,"1976-2024","England"
119,"Thymelicus lineola","Essex Skipper",2013,818,1.83,36,"1976-2024","England"
119,"Thymelicus lineola","Essex Skipper",2014,907,2.05,24,"1976-2024","England"
119,"Thymelicus lineola","Essex Skipper",2015,975,2.14,15,"1976-2024","England"
119,"Thymelicus lineola","Essex Skipper",2016,1000,1.88,33,"1976-2024","England"
119,"Thymelicus lineola","Essex Skipper",2017,1079,1.95,27,"1976-2024","England"
119,"Thymelicus lineola","Essex Skipper",2018,1136,1.8,37,"1976-2024","England"
119,"Thymelicus lineola","Essex Skipper",2019,1180,1.98,26,"1976-2024","England"
119,"Thymelicus lineola","Essex Skipper",2020,1044,1.89,30,"1976-2024","England"
119,"Thymelicus lineola","Essex Skipper",2021,1177,1.88,33,"1976-2024","England"
119,"Thymelicus lineola","Essex Skipper",2022,1254,1.9,29,"1976-2024","England"
119,"Thymelicus lineola","Essex Skipper",2023,1272,2.02,25,"1976-2024","England"
119,"Thymelicus lineola","Essex Skipper",2024,1270,1.74,41,"1976-2024","England"
120,"Thymelicus sylvestris","Small Skipper",1976,31,2.05,19,"1976-2024","England"
120,"Thymelicus sylvestris","Small Skipper",1977,43,2.03,22,"1976-2024","England"
120,"Thymelicus sylvestris","Small Skipper",1978,47,1.8,37,"1976-2024","England"
120,"Thymelicus sylvestris","Small Skipper",1979,56,2.11,16,"1976-2024","England"
120,"Thymelicus sylvestris","Small Skipper",1980,65,2.05,19,"1976-2024","England"
120,"Thymelicus sylvestris","Small Skipper",1981,67,2.3,7,"1976-2024","England"
120,"Thymelicus sylvestris","Small Skipper",1982,71,2.45,2,"1976-2024","England"
120,"Thymelicus sylvestris","Small Skipper",1983,81,2.38,3,"1976-2024","England"
120,"Thymelicus sylvestris","Small Skipper",1984,91,2.55,1,"1976-2024","England"
120,"Thymelicus sylvestris","Small Skipper",1985,101,2.24,11,"1976-2024","England"
120,"Thymelicus sylvestris","Small Skipper",1986,111,2.28,10,"1976-2024","England"
120,"Thymelicus sylvestris","Small Skipper",1987,133,2.08,17,"1976-2024","England"
120,"Thymelicus sylvestris","Small Skipper",1988,154,2.02,24,"1976-2024","England"
120,"Thymelicus sylvestris","Small Skipper",1989,182,2.2,12,"1976-2024","England"
120,"Thymelicus sylvestris","Small Skipper",1990,206,2.13,15,"1976-2024","England"
120,"Thymelicus sylvestris","Small Skipper",1991,229,2.38,3,"1976-2024","England"
120,"Thymelicus sylvestris","Small Skipper",1992,253,2.34,6,"1976-2024","England"
120,"Thymelicus sylvestris","Small Skipper",1993,276,2.18,13,"1976-2024","England"
120,"Thymelicus sylvestris","Small Skipper",1994,301,2.35,5,"1976-2024","England"
120,"Thymelicus sylvestris","Small Skipper",1995,352,2.29,9,"1976-2024","England"
120,"Thymelicus sylvestris","Small Skipper",1996,391,2.3,7,"1976-2024","England"
120,"Thymelicus sylvestris","Small Skipper",1997,418,2.17,14,"1976-2024","England"
120,"Thymelicus sylvestris","Small Skipper",1998,430,1.93,29,"1976-2024","England"
120,"Thymelicus sylvestris","Small Skipper",1999,460,2.06,18,"1976-2024","England"
120,"Thymelicus sylvestris","Small Skipper",2000,497,2.04,21,"1976-2024","England"
120,"Thymelicus sylvestris","Small Skipper",2001,477,2.01,25,"1976-2024","England"
120,"Thymelicus sylvestris","Small Skipper",2002,546,1.94,28,"1976-2024","England"
120,"Thymelicus sylvestris","Small Skipper",2003,607,2.01,25,"1976-2024","England"
120,"Thymelicus sylvestris","Small Skipper",2004,600,1.82,35,"1976-2024","England"
120,"Thymelicus sylvestris","Small Skipper",2005,609,1.86,32,"1976-2024","England"
120,"Thymelicus sylvestris","Small Skipper",2006,646,1.75,41,"1976-2024","England"
120,"Thymelicus sylvestris","Small Skipper",2007,789,1.63,47,"1976-2024","England"
120,"Thymelicus sylvestris","Small Skipper",2008,812,1.65,46,"1976-2024","England"
120,"Thymelicus sylvestris","Small Skipper",2009,1157,1.76,39,"1976-2024","England"
120,"Thymelicus sylvestris","Small Skipper",2010,1177,1.67,45,"1976-2024","England"
120,"Thymelicus sylvestris","Small Skipper",2011,1215,1.69,44,"1976-2024","England"
120,"Thymelicus sylvestris","Small Skipper",2012,1265,1.59,48,"1976-2024","England"
120,"Thymelicus sylvestris","Small Skipper",2013,1392,1.9,30,"1976-2024","England"
120,"Thymelicus sylvestris","Small Skipper",2014,1507,2.03,22,"1976-2024","England"
120,"Thymelicus sylvestris","Small Skipper",2015,1628,2,27,"1976-2024","England"
120,"Thymelicus sylvestris","Small Skipper",2016,1688,1.75,41,"1976-2024","England"
120,"Thymelicus sylvestris","Small Skipper",2017,1819,1.85,34,"1976-2024","England"
120,"Thymelicus sylvestris","Small Skipper",2018,1914,1.73,43,"1976-2024","England"
120,"Thymelicus sylvestris","Small Skipper",2019,2025,1.86,32,"1976-2024","England"
120,"Thymelicus sylvestris","Small Skipper",2020,1719,1.82,35,"1976-2024","England"
120,"Thymelicus sylvestris","Small Skipper",2021,2019,1.76,39,"1976-2024","England"
120,"Thymelicus sylvestris","Small Skipper",2022,2178,1.8,37,"1976-2024","England"
120,"Thymelicus sylvestris","Small Skipper",2023,2209,1.87,31,"1976-2024","England"
120,"Thymelicus sylvestris","Small Skipper",2024,2269,1.53,49,"1976-2024","England"
122,"Vanessa atalanta","Red Admiral",1976,32,2.04,25,"1976-2024","England"
122,"Vanessa atalanta","Red Admiral",1977,46,1.45,47,"1976-2024","England"
122,"Vanessa atalanta","Red Admiral",1978,49,1.24,49,"1976-2024","England"
122,"Vanessa atalanta","Red Admiral",1979,58,1.3,48,"1976-2024","England"
122,"Vanessa atalanta","Red Admiral",1980,67,1.54,46,"1976-2024","England"
122,"Vanessa atalanta","Red Admiral",1981,70,1.57,45,"1976-2024","England"
122,"Vanessa atalanta","Red Admiral",1982,76,2.33,6,"1976-2024","England"
122,"Vanessa atalanta","Red Admiral",1983,86,1.73,39,"1976-2024","England"
122,"Vanessa atalanta","Red Admiral",1984,97,1.61,42,"1976-2024","England"
122,"Vanessa atalanta","Red Admiral",1985,104,1.59,43,"1976-2024","England"
122,"Vanessa atalanta","Red Admiral",1986,115,1.69,41,"1976-2024","England"
122,"Vanessa atalanta","Red Admiral",1987,137,1.91,33,"1976-2024","England"
122,"Vanessa atalanta","Red Admiral",1988,159,1.58,44,"1976-2024","England"
122,"Vanessa atalanta","Red Admiral",1989,192,2.11,20,"1976-2024","England"
122,"Vanessa atalanta","Red Admiral",1990,219,2.03,27,"1976-2024","England"
122,"Vanessa atalanta","Red Admiral",1991,244,1.81,37,"1976-2024","England"
122,"Vanessa atalanta","Red Admiral",1992,273,2.25,10,"1976-2024","England"
122,"Vanessa atalanta","Red Admiral",1993,298,1.91,33,"1976-2024","England"
122,"Vanessa atalanta","Red Admiral",1994,330,2.06,23,"1976-2024","England"
122,"Vanessa atalanta","Red Admiral",1995,383,2.18,15,"1976-2024","England"
122,"Vanessa atalanta","Red Admiral",1996,420,2.58,2,"1976-2024","England"
122,"Vanessa atalanta","Red Admiral",1997,449,1.97,29,"1976-2024","England"
122,"Vanessa atalanta","Red Admiral",1998,466,2.04,25,"1976-2024","England"
122,"Vanessa atalanta","Red Admiral",1999,482,2.08,21,"1976-2024","England"
122,"Vanessa atalanta","Red Admiral",2000,527,2.2,14,"1976-2024","England"
122,"Vanessa atalanta","Red Admiral",2001,492,2.08,21,"1976-2024","England"
122,"Vanessa atalanta","Red Admiral",2002,571,2,28,"1976-2024","England"
122,"Vanessa atalanta","Red Admiral",2003,631,2.45,4,"1976-2024","England"
122,"Vanessa atalanta","Red Admiral",2004,616,1.79,38,"1976-2024","England"
122,"Vanessa atalanta","Red Admiral",2005,639,2.14,17,"1976-2024","England"
122,"Vanessa atalanta","Red Admiral",2006,705,2.29,8,"1976-2024","England"
122,"Vanessa atalanta","Red Admiral",2007,900,2.25,10,"1976-2024","England"
122,"Vanessa atalanta","Red Admiral",2008,883,1.97,29,"1976-2024","England"
122,"Vanessa atalanta","Red Admiral",2009,1360,1.9,35,"1976-2024","England"
122,"Vanessa atalanta","Red Admiral",2010,1356,1.92,31,"1976-2024","England"
122,"Vanessa atalanta","Red Admiral",2011,1376,2.26,9,"1976-2024","England"
122,"Vanessa atalanta","Red Admiral",2012,1440,2.14,17,"1976-2024","England"
122,"Vanessa atalanta","Red Admiral",2013,1577,1.7,40,"1976-2024","England"
122,"Vanessa atalanta","Red Admiral",2014,1679,2.15,16,"1976-2024","England"
122,"Vanessa atalanta","Red Admiral",2015,1802,1.92,31,"1976-2024","England"
122,"Vanessa atalanta","Red Admiral",2016,1878,2.21,13,"1976-2024","England"
122,"Vanessa atalanta","Red Admiral",2017,2033,2.46,3,"1976-2024","England"
122,"Vanessa atalanta","Red Admiral",2018,2139,1.84,36,"1976-2024","England"
122,"Vanessa atalanta","Red Admiral",2019,2291,2.32,7,"1976-2024","England"
122,"Vanessa atalanta","Red Admiral",2020,1942,2.22,12,"1976-2024","England"
122,"Vanessa atalanta","Red Admiral",2021,2303,2.35,5,"1976-2024","England"
122,"Vanessa atalanta","Red Admiral",2022,2488,2.05,24,"1976-2024","England"
122,"Vanessa atalanta","Red Admiral",2023,2550,2.66,1,"1976-2024","England"
122,"Vanessa atalanta","Red Admiral",2024,2702,2.13,19,"1976-2024","England"
123,"Vanessa cardui","Painted Lady",1976,31,1.7,34,"1976-2024","England"
123,"Vanessa cardui","Painted Lady",1977,42,1.72,33,"1976-2024","England"
123,"Vanessa cardui","Painted Lady",1978,44,0.87,48,"1976-2024","England"
123,"Vanessa cardui","Painted Lady",1979,56,1.59,37,"1976-2024","England"
123,"Vanessa cardui","Painted Lady",1980,64,2.65,6,"1976-2024","England"
123,"Vanessa cardui","Painted Lady",1981,68,1.38,42,"1976-2024","England"
123,"Vanessa cardui","Painted Lady",1982,73,2.61,8,"1976-2024","England"
123,"Vanessa cardui","Painted Lady",1983,84,2.06,20,"1976-2024","England"
123,"Vanessa cardui","Painted Lady",1984,94,0.8,49,"1976-2024","England"
123,"Vanessa cardui","Painted Lady",1985,104,2.39,11,"1976-2024","England"
123,"Vanessa cardui","Painted Lady",1986,114,1.74,30,"1976-2024","England"
123,"Vanessa cardui","Painted Lady",1987,136,1.34,43,"1976-2024","England"
123,"Vanessa cardui","Painted Lady",1988,158,2.64,7,"1976-2024","England"
123,"Vanessa cardui","Painted Lady",1989,189,1.87,27,"1976-2024","England"
123,"Vanessa cardui","Painted Lady",1990,215,2.25,15,"1976-2024","England"
123,"Vanessa cardui","Painted Lady",1991,238,1.98,23,"1976-2024","England"
123,"Vanessa cardui","Painted Lady",1992,265,2.31,13,"1976-2024","England"
123,"Vanessa cardui","Painted Lady",1993,292,1,47,"1976-2024","England"
123,"Vanessa cardui","Painted Lady",1994,320,2.35,12,"1976-2024","England"
123,"Vanessa cardui","Painted Lady",1995,373,1.95,24,"1976-2024","England"
123,"Vanessa cardui","Painted Lady",1996,420,3.82,1,"1976-2024","England"
123,"Vanessa cardui","Painted Lady",1997,429,1.34,43,"1976-2024","England"
123,"Vanessa cardui","Painted Lady",1998,448,2,22,"1976-2024","England"
123,"Vanessa cardui","Painted Lady",1999,464,1.73,32,"1976-2024","England"
123,"Vanessa cardui","Painted Lady",2000,511,2.55,9,"1976-2024","England"
123,"Vanessa cardui","Painted Lady",2001,485,1.85,29,"1976-2024","England"
123,"Vanessa cardui","Painted Lady",2002,562,2.41,10,"1976-2024","England"
123,"Vanessa cardui","Painted Lady",2003,632,3.2,3,"1976-2024","England"
123,"Vanessa cardui","Painted Lady",2004,612,2.3,14,"1976-2024","England"
123,"Vanessa cardui","Painted Lady",2005,631,1.62,36,"1976-2024","England"
123,"Vanessa cardui","Painted Lady",2006,693,2.84,5,"1976-2024","England"
123,"Vanessa cardui","Painted Lady",2007,828,2.18,16,"1976-2024","England"
123,"Vanessa cardui","Painted Lady",2008,848,1.33,45,"1976-2024","England"
123,"Vanessa cardui","Painted Lady",2009,1377,3.53,2,"1976-2024","England"
123,"Vanessa cardui","Painted Lady",2010,1285,1.64,35,"1976-2024","England"
123,"Vanessa cardui","Painted Lady",2011,1293,1.59,37,"1976-2024","England"
123,"Vanessa cardui","Painted Lady",2012,1321,1.27,46,"1976-2024","England"
123,"Vanessa cardui","Painted Lady",2013,1446,1.74,30,"1976-2024","England"
123,"Vanessa cardui","Painted Lady",2014,1547,1.59,37,"1976-2024","England"
123,"Vanessa cardui","Painted Lady",2015,1692,2.1,19,"1976-2024","England"
123,"Vanessa cardui","Painted Lady",2016,1768,2.04,21,"1976-2024","England"
123,"Vanessa cardui","Painted Lady",2017,1906,1.95,24,"1976-2024","England"
123,"Vanessa cardui","Painted Lady",2018,2022,1.86,28,"1976-2024","England"
123,"Vanessa cardui","Painted Lady",2019,2204,3.15,4,"1976-2024","England"
123,"Vanessa cardui","Painted Lady",2020,1821,1.42,41,"1976-2024","England"
123,"Vanessa cardui","Painted Lady",2021,2106,2.13,18,"1976-2024","England"
123,"Vanessa cardui","Painted Lady",2022,2251,2.16,17,"1976-2024","England"
123,"Vanessa cardui","Painted Lady",2023,2215,1.88,26,"1976-2024","England"
123,"Vanessa cardui","Painted Lady",2024,2233,1.58,40,"1976-2024","England"
84,"Aglais io","Peacock",2006,8,2.56,2,"2004-2024","Northern Ireland"
84,"Aglais io","Peacock",2007,11,2.29,4,"2004-2024","Northern Ireland"
84,"Aglais io","Peacock",2008,13,2.02,10,"2004-2024","Northern Ireland"
84,"Aglais io","Peacock",2009,18,1.89,11,"2004-2024","Northern Ireland"
84,"Aglais io","Peacock",2010,27,1.68,17,"2004-2024","Northern Ireland"
84,"Aglais io","Peacock",2011,29,1.73,15,"2004-2024","Northern Ireland"
84,"Aglais io","Peacock",2012,24,1.23,19,"2004-2024","Northern Ireland"
84,"Aglais io","Peacock",2013,30,1.8,14,"2004-2024","Northern Ireland"
84,"Aglais io","Peacock",2014,37,2.11,8,"2004-2024","Northern Ireland"
84,"Aglais io","Peacock",2015,33,1.64,18,"2004-2024","Northern Ireland"
84,"Aglais io","Peacock",2016,35,1.7,16,"2004-2024","Northern Ireland"
84,"Aglais io","Peacock",2017,41,1.83,13,"2004-2024","Northern Ireland"
84,"Aglais io","Peacock",2018,39,2.17,6,"2004-2024","Northern Ireland"
84,"Aglais io","Peacock",2019,45,2.61,1,"2004-2024","Northern Ireland"
84,"Aglais io","Peacock",2020,30,2.26,5,"2004-2024","Northern Ireland"
84,"Aglais io","Peacock",2021,41,2.15,7,"2004-2024","Northern Ireland"
84,"Aglais io","Peacock",2022,47,2.05,9,"2004-2024","Northern Ireland"
84,"Aglais io","Peacock",2023,52,2.41,3,"2004-2024","Northern Ireland"
84,"Aglais io","Peacock",2024,50,1.88,12,"2004-2024","Northern Ireland"
2,"Aglais urticae","Small Tortoiseshell",2010,34,2.22,5,"2004-2024","Northern Ireland"
2,"Aglais urticae","Small Tortoiseshell",2011,38,2.05,6,"2004-2024","Northern Ireland"
2,"Aglais urticae","Small Tortoiseshell",2012,28,1.85,12,"2004-2024","Northern Ireland"
2,"Aglais urticae","Small Tortoiseshell",2013,37,1.92,10,"2004-2024","Northern Ireland"
2,"Aglais urticae","Small Tortoiseshell",2014,48,1.96,8,"2004-2024","Northern Ireland"
2,"Aglais urticae","Small Tortoiseshell",2015,41,1.96,8,"2004-2024","Northern Ireland"
2,"Aglais urticae","Small Tortoiseshell",2016,43,1.74,13,"2004-2024","Northern Ireland"
2,"Aglais urticae","Small Tortoiseshell",2017,45,1.64,14,"2004-2024","Northern Ireland"
2,"Aglais urticae","Small Tortoiseshell",2018,43,1.87,11,"2004-2024","Northern Ireland"
2,"Aglais urticae","Small Tortoiseshell",2019,49,1.97,7,"2004-2024","Northern Ireland"
2,"Aglais urticae","Small Tortoiseshell",2020,31,2.55,1,"2004-2024","Northern Ireland"
2,"Aglais urticae","Small Tortoiseshell",2021,43,2.23,4,"2004-2024","Northern Ireland"
2,"Aglais urticae","Small Tortoiseshell",2022,47,2.24,3,"2004-2024","Northern Ireland"
2,"Aglais urticae","Small Tortoiseshell",2023,53,2.3,2,"2004-2024","Northern Ireland"
2,"Aglais urticae","Small Tortoiseshell",2024,51,1.51,15,"2004-2024","Northern Ireland"
4,"Anthocharis cardamines","Orange-tip",2007,11,2.13,4,"2004-2024","Northern Ireland"
4,"Anthocharis cardamines","Orange-tip",2008,13,1.88,15,"2004-2024","Northern Ireland"
4,"Anthocharis cardamines","Orange-tip",2009,14,2.1,5,"2004-2024","Northern Ireland"
4,"Anthocharis cardamines","Orange-tip",2010,23,2.09,7,"2004-2024","Northern Ireland"
4,"Anthocharis cardamines","Orange-tip",2011,24,2.18,2,"2004-2024","Northern Ireland"
4,"Anthocharis cardamines","Orange-tip",2012,18,1.81,17,"2004-2024","Northern Ireland"
4,"Anthocharis cardamines","Orange-tip",2013,19,1.67,18,"2004-2024","Northern Ireland"
4,"Anthocharis cardamines","Orange-tip",2014,23,2.16,3,"2004-2024","Northern Ireland"
4,"Anthocharis cardamines","Orange-tip",2015,22,1.95,11,"2004-2024","Northern Ireland"
4,"Anthocharis cardamines","Orange-tip",2016,27,1.91,12,"2004-2024","Northern Ireland"
4,"Anthocharis cardamines","Orange-tip",2017,29,1.89,14,"2004-2024","Northern Ireland"
4,"Anthocharis cardamines","Orange-tip",2018,32,1.91,12,"2004-2024","Northern Ireland"
4,"Anthocharis cardamines","Orange-tip",2019,35,2.26,1,"2004-2024","Northern Ireland"
4,"Anthocharis cardamines","Orange-tip",2020,24,2.09,7,"2004-2024","Northern Ireland"
4,"Anthocharis cardamines","Orange-tip",2021,30,1.83,16,"2004-2024","Northern Ireland"
4,"Anthocharis cardamines","Orange-tip",2022,34,2.07,9,"2004-2024","Northern Ireland"
4,"Anthocharis cardamines","Orange-tip",2023,38,1.97,10,"2004-2024","Northern Ireland"
4,"Anthocharis cardamines","Orange-tip",2024,40,2.1,5,"2004-2024","Northern Ireland"
8,"Aphantopus hyperantus","Ringlet",2006,8,1.92,15,"2004-2024","Northern Ireland"
8,"Aphantopus hyperantus","Ringlet",2007,11,1.75,18,"2004-2024","Northern Ireland"
8,"Aphantopus hyperantus","Ringlet",2008,13,1.61,19,"2004-2024","Northern Ireland"
8,"Aphantopus hyperantus","Ringlet",2009,19,1.95,12,"2004-2024","Northern Ireland"
8,"Aphantopus hyperantus","Ringlet",2010,31,1.93,13,"2004-2024","Northern Ireland"
8,"Aphantopus hyperantus","Ringlet",2011,36,2.24,2,"2004-2024","Northern Ireland"
8,"Aphantopus hyperantus","Ringlet",2012,28,2.03,8,"2004-2024","Northern Ireland"
8,"Aphantopus hyperantus","Ringlet",2013,37,2.21,3,"2004-2024","Northern Ireland"
8,"Aphantopus hyperantus","Ringlet",2014,45,2.35,1,"2004-2024","Northern Ireland"
8,"Aphantopus hyperantus","Ringlet",2015,40,2.12,4,"2004-2024","Northern Ireland"
8,"Aphantopus hyperantus","Ringlet",2016,42,2.01,9,"2004-2024","Northern Ireland"
8,"Aphantopus hyperantus","Ringlet",2017,45,2.1,5,"2004-2024","Northern Ireland"
8,"Aphantopus hyperantus","Ringlet",2018,42,2.01,9,"2004-2024","Northern Ireland"
8,"Aphantopus hyperantus","Ringlet",2019,48,2.08,6,"2004-2024","Northern Ireland"
8,"Aphantopus hyperantus","Ringlet",2020,30,1.81,17,"2004-2024","Northern Ireland"
8,"Aphantopus hyperantus","Ringlet",2021,43,1.97,11,"2004-2024","Northern Ireland"
8,"Aphantopus hyperantus","Ringlet",2022,48,2.08,6,"2004-2024","Northern Ireland"
8,"Aphantopus hyperantus","Ringlet",2023,53,1.93,13,"2004-2024","Northern Ireland"
8,"Aphantopus hyperantus","Ringlet",2024,55,1.9,16,"2004-2024","Northern Ireland"
29,"Coenonympha pamphilus","Small Heath",2004,4,1.75,21,"2004-2024","Northern Ireland"
29,"Coenonympha pamphilus","Small Heath",2005,5,2.11,6,"2004-2024","Northern Ireland"
29,"Coenonympha pamphilus","Small Heath",2006,6,2.24,3,"2004-2024","Northern Ireland"
29,"Coenonympha pamphilus","Small Heath",2007,7,2.13,5,"2004-2024","Northern Ireland"
29,"Coenonympha pamphilus","Small Heath",2008,7,2.16,4,"2004-2024","Northern Ireland"
29,"Coenonympha pamphilus","Small Heath",2009,11,1.98,10,"2004-2024","Northern Ireland"
29,"Coenonympha pamphilus","Small Heath",2010,14,2.37,2,"2004-2024","Northern Ireland"
29,"Coenonympha pamphilus","Small Heath",2011,19,2.38,1,"2004-2024","Northern Ireland"
29,"Coenonympha pamphilus","Small Heath",2012,15,1.97,11,"2004-2024","Northern Ireland"
29,"Coenonympha pamphilus","Small Heath",2013,18,1.82,19,"2004-2024","Northern Ireland"
29,"Coenonympha pamphilus","Small Heath",2014,22,1.89,15,"2004-2024","Northern Ireland"
29,"Coenonympha pamphilus","Small Heath",2015,19,1.9,14,"2004-2024","Northern Ireland"
29,"Coenonympha pamphilus","Small Heath",2016,22,1.91,12,"2004-2024","Northern Ireland"
29,"Coenonympha pamphilus","Small Heath",2017,20,1.87,18,"2004-2024","Northern Ireland"
29,"Coenonympha pamphilus","Small Heath",2018,22,2.04,8,"2004-2024","Northern Ireland"
29,"Coenonympha pamphilus","Small Heath",2019,23,2.06,7,"2004-2024","Northern Ireland"
29,"Coenonympha pamphilus","Small Heath",2020,16,1.88,16,"2004-2024","Northern Ireland"
29,"Coenonympha pamphilus","Small Heath",2021,20,1.99,9,"2004-2024","Northern Ireland"
29,"Coenonympha pamphilus","Small Heath",2022,21,1.91,12,"2004-2024","Northern Ireland"
29,"Coenonympha pamphilus","Small Heath",2023,23,1.88,16,"2004-2024","Northern Ireland"
29,"Coenonympha pamphilus","Small Heath",2024,22,1.76,20,"2004-2024","Northern Ireland"
50,"Euphydryas aurinia","Marsh Fritillary",2004,11,1.6,20,"2004-2024","Northern Ireland"
50,"Euphydryas aurinia","Marsh Fritillary",2005,12,1.9,14,"2004-2024","Northern Ireland"
50,"Euphydryas aurinia","Marsh Fritillary",2006,12,2.14,7,"2004-2024","Northern Ireland"
50,"Euphydryas aurinia","Marsh Fritillary",2007,10,2.3,4,"2004-2024","Northern Ireland"
50,"Euphydryas aurinia","Marsh Fritillary",2008,9,1.83,16,"2004-2024","Northern Ireland"
50,"Euphydryas aurinia","Marsh Fritillary",2009,10,2.03,10,"2004-2024","Northern Ireland"
50,"Euphydryas aurinia","Marsh Fritillary",2010,10,2.01,11,"2004-2024","Northern Ireland"
50,"Euphydryas aurinia","Marsh Fritillary",2011,9,1.91,12,"2004-2024","Northern Ireland"
50,"Euphydryas aurinia","Marsh Fritillary",2012,10,1.61,19,"2004-2024","Northern Ireland"
50,"Euphydryas aurinia","Marsh Fritillary",2013,8,2.14,7,"2004-2024","Northern Ireland"
50,"Euphydryas aurinia","Marsh Fritillary",2014,12,2.18,5,"2004-2024","Northern Ireland"
50,"Euphydryas aurinia","Marsh Fritillary",2015,12,1.67,18,"2004-2024","Northern Ireland"
50,"Euphydryas aurinia","Marsh Fritillary",2016,10,1.59,21,"2004-2024","Northern Ireland"
50,"Euphydryas aurinia","Marsh Fritillary",2017,9,1.8,17,"2004-2024","Northern Ireland"
50,"Euphydryas aurinia","Marsh Fritillary",2018,10,2.39,2,"2004-2024","Northern Ireland"
50,"Euphydryas aurinia","Marsh Fritillary",2019,9,2.57,1,"2004-2024","Northern Ireland"
50,"Euphydryas aurinia","Marsh Fritillary",2020,9,2.15,6,"2004-2024","Northern Ireland"
50,"Euphydryas aurinia","Marsh Fritillary",2021,15,2.06,9,"2004-2024","Northern Ireland"
50,"Euphydryas aurinia","Marsh Fritillary",2022,16,1.88,15,"2004-2024","Northern Ireland"
50,"Euphydryas aurinia","Marsh Fritillary",2023,19,1.91,12,"2004-2024","Northern Ireland"
50,"Euphydryas aurinia","Marsh Fritillary",2024,12,2.33,3,"2004-2024","Northern Ireland"
63,"Leptidea juvernica","Cryptic Wood White",2009,9,1.97,11,"2004-2024","Northern Ireland"
63,"Leptidea juvernica","Cryptic Wood White",2010,10,2.04,8,"2004-2024","Northern Ireland"
63,"Leptidea juvernica","Cryptic Wood White",2011,9,1.89,12,"2004-2024","Northern Ireland"
63,"Leptidea juvernica","Cryptic Wood White",2012,9,1.88,13,"2004-2024","Northern Ireland"
63,"Leptidea juvernica","Cryptic Wood White",2013,7,2.01,9,"2004-2024","Northern Ireland"
63,"Leptidea juvernica","Cryptic Wood White",2014,20,2.08,6,"2004-2024","Northern Ireland"
63,"Leptidea juvernica","Cryptic Wood White",2015,11,2.28,1,"2004-2024","Northern Ireland"
63,"Leptidea juvernica","Cryptic Wood White",2016,12,2.1,4,"2004-2024","Northern Ireland"
63,"Leptidea juvernica","Cryptic Wood White",2017,13,2.16,3,"2004-2024","Northern Ireland"
63,"Leptidea juvernica","Cryptic Wood White",2018,16,1.98,10,"2004-2024","Northern Ireland"
63,"Leptidea juvernica","Cryptic Wood White",2019,18,2.09,5,"2004-2024","Northern Ireland"
63,"Leptidea juvernica","Cryptic Wood White",2020,12,2.18,2,"2004-2024","Northern Ireland"
63,"Leptidea juvernica","Cryptic Wood White",2021,17,1.81,15,"2004-2024","Northern Ireland"
63,"Leptidea juvernica","Cryptic Wood White",2022,16,2.08,6,"2004-2024","Northern Ireland"
63,"Leptidea juvernica","Cryptic Wood White",2023,21,1.85,14,"2004-2024","Northern Ireland"
63,"Leptidea juvernica","Cryptic Wood White",2024,20,1.59,16,"2004-2024","Northern Ireland"
68,"Lycaena phlaeas","Small Copper",2005,5,2.19,8,"2004-2024","Northern Ireland"
68,"Lycaena phlaeas","Small Copper",2006,7,2.25,4,"2004-2024","Northern Ireland"
68,"Lycaena phlaeas","Small Copper",2007,9,2.03,11,"2004-2024","Northern Ireland"
68,"Lycaena phlaeas","Small Copper",2008,9,1.79,15,"2004-2024","Northern Ireland"
68,"Lycaena phlaeas","Small Copper",2009,13,2.24,5,"2004-2024","Northern Ireland"
68,"Lycaena phlaeas","Small Copper",2010,16,2.35,2,"2004-2024","Northern Ireland"
68,"Lycaena phlaeas","Small Copper",2011,18,2.51,1,"2004-2024","Northern Ireland"
68,"Lycaena phlaeas","Small Copper",2012,14,2.02,12,"2004-2024","Northern Ireland"
68,"Lycaena phlaeas","Small Copper",2013,15,2.09,10,"2004-2024","Northern Ireland"
68,"Lycaena phlaeas","Small Copper",2014,22,1.99,13,"2004-2024","Northern Ireland"
68,"Lycaena phlaeas","Small Copper",2015,22,1.54,19,"2004-2024","Northern Ireland"
68,"Lycaena phlaeas","Small Copper",2016,23,1.39,20,"2004-2024","Northern Ireland"
68,"Lycaena phlaeas","Small Copper",2017,21,1.59,18,"2004-2024","Northern Ireland"
68,"Lycaena phlaeas","Small Copper",2018,22,2.33,3,"2004-2024","Northern Ireland"
68,"Lycaena phlaeas","Small Copper",2019,26,2.22,7,"2004-2024","Northern Ireland"
68,"Lycaena phlaeas","Small Copper",2020,20,2.24,5,"2004-2024","Northern Ireland"
68,"Lycaena phlaeas","Small Copper",2021,29,2.11,9,"2004-2024","Northern Ireland"
68,"Lycaena phlaeas","Small Copper",2022,33,1.65,16,"2004-2024","Northern Ireland"
68,"Lycaena phlaeas","Small Copper",2023,35,1.84,14,"2004-2024","Northern Ireland"
68,"Lycaena phlaeas","Small Copper",2024,30,1.62,17,"2004-2024","Northern Ireland"
75,"Maniola jurtina","Meadow Brown",2009,19,2.14,3,"2004-2024","Northern Ireland"
75,"Maniola jurtina","Meadow Brown",2010,31,2.15,2,"2004-2024","Northern Ireland"
75,"Maniola jurtina","Meadow Brown",2011,36,2.06,6,"2004-2024","Northern Ireland"
75,"Maniola jurtina","Meadow Brown",2012,28,1.9,12,"2004-2024","Northern Ireland"
75,"Maniola jurtina","Meadow Brown",2013,38,2.03,7,"2004-2024","Northern Ireland"
75,"Maniola jurtina","Meadow Brown",2014,47,2.1,5,"2004-2024","Northern Ireland"
75,"Maniola jurtina","Meadow Brown",2015,42,2.02,8,"2004-2024","Northern Ireland"
75,"Maniola jurtina","Meadow Brown",2016,41,1.99,9,"2004-2024","Northern Ireland"
75,"Maniola jurtina","Meadow Brown",2017,44,1.8,16,"2004-2024","Northern Ireland"
75,"Maniola jurtina","Meadow Brown",2018,42,1.84,15,"2004-2024","Northern Ireland"
75,"Maniola jurtina","Meadow Brown",2019,48,2.12,4,"2004-2024","Northern Ireland"
75,"Maniola jurtina","Meadow Brown",2020,30,1.94,10,"2004-2024","Northern Ireland"
75,"Maniola jurtina","Meadow Brown",2021,43,1.94,10,"2004-2024","Northern Ireland"
75,"Maniola jurtina","Meadow Brown",2022,48,1.9,12,"2004-2024","Northern Ireland"
75,"Maniola jurtina","Meadow Brown",2023,54,2.17,1,"2004-2024","Northern Ireland"
75,"Maniola jurtina","Meadow Brown",2024,55,1.89,14,"2004-2024","Northern Ireland"
93,"Pararge aegeria","Speckled Wood",2007,12,1.91,14,"2004-2024","Northern Ireland"
93,"Pararge aegeria","Speckled Wood",2008,13,1.89,16,"2004-2024","Northern Ireland"
93,"Pararge aegeria","Speckled Wood",2009,20,2.01,9,"2004-2024","Northern Ireland"
93,"Pararge aegeria","Speckled Wood",2010,34,1.99,11,"2004-2024","Northern Ireland"
93,"Pararge aegeria","Speckled Wood",2011,36,1.87,17,"2004-2024","Northern Ireland"
93,"Pararge aegeria","Speckled Wood",2012,28,1.92,13,"2004-2024","Northern Ireland"
93,"Pararge aegeria","Speckled Wood",2013,34,2.02,8,"2004-2024","Northern Ireland"
93,"Pararge aegeria","Speckled Wood",2014,45,2.22,1,"2004-2024","Northern Ireland"
93,"Pararge aegeria","Speckled Wood",2015,39,1.77,18,"2004-2024","Northern Ireland"
93,"Pararge aegeria","Speckled Wood",2016,42,1.91,14,"2004-2024","Northern Ireland"
93,"Pararge aegeria","Speckled Wood",2017,44,2.09,5,"2004-2024","Northern Ireland"
93,"Pararge aegeria","Speckled Wood",2018,43,2.07,6,"2004-2024","Northern Ireland"
93,"Pararge aegeria","Speckled Wood",2019,48,2.1,4,"2004-2024","Northern Ireland"
93,"Pararge aegeria","Speckled Wood",2020,30,2.01,9,"2004-2024","Northern Ireland"
93,"Pararge aegeria","Speckled Wood",2021,42,2.11,2,"2004-2024","Northern Ireland"
93,"Pararge aegeria","Speckled Wood",2022,47,2.07,6,"2004-2024","Northern Ireland"
93,"Pararge aegeria","Speckled Wood",2023,53,2.11,2,"2004-2024","Northern Ireland"
93,"Pararge aegeria","Speckled Wood",2024,53,1.93,12,"2004-2024","Northern Ireland"
98,"Pieris brassicae","Large White",2006,8,2.18,4,"2004-2024","Northern Ireland"
98,"Pieris brassicae","Large White",2007,12,2.02,11,"2004-2024","Northern Ireland"
98,"Pieris brassicae","Large White",2008,13,2.19,3,"2004-2024","Northern Ireland"
98,"Pieris brassicae","Large White",2009,18,2.34,1,"2004-2024","Northern Ireland"
98,"Pieris brassicae","Large White",2010,33,2.1,8,"2004-2024","Northern Ireland"
98,"Pieris brassicae","Large White",2011,34,1.97,12,"2004-2024","Northern Ireland"
98,"Pieris brassicae","Large White",2012,26,2.11,7,"2004-2024","Northern Ireland"
98,"Pieris brassicae","Large White",2013,34,2.17,5,"2004-2024","Northern Ireland"
98,"Pieris brassicae","Large White",2014,43,2.24,2,"2004-2024","Northern Ireland"
98,"Pieris brassicae","Large White",2015,39,1.83,14,"2004-2024","Northern Ireland"
98,"Pieris brassicae","Large White",2016,39,1.78,15,"2004-2024","Northern Ireland"
98,"Pieris brassicae","Large White",2017,44,2.03,10,"2004-2024","Northern Ireland"
98,"Pieris brassicae","Large White",2018,41,2.15,6,"2004-2024","Northern Ireland"
98,"Pieris brassicae","Large White",2019,46,1.73,17,"2004-2024","Northern Ireland"
98,"Pieris brassicae","Large White",2020,30,1.69,19,"2004-2024","Northern Ireland"
98,"Pieris brassicae","Large White",2021,40,2.09,9,"2004-2024","Northern Ireland"
98,"Pieris brassicae","Large White",2022,45,1.72,18,"2004-2024","Northern Ireland"
98,"Pieris brassicae","Large White",2023,49,1.89,13,"2004-2024","Northern Ireland"
98,"Pieris brassicae","Large White",2024,49,1.77,16,"2004-2024","Northern Ireland"
99,"Pieris napi","Green-veined White",2005,5,1.78,17,"2004-2024","Northern Ireland"
99,"Pieris napi","Green-veined White",2006,8,1.97,11,"2004-2024","Northern Ireland"
99,"Pieris napi","Green-veined White",2007,12,1.93,13,"2004-2024","Northern Ireland"
99,"Pieris napi","Green-veined White",2008,13,2.02,8,"2004-2024","Northern Ireland"
99,"Pieris napi","Green-veined White",2009,19,2.09,6,"2004-2024","Northern Ireland"
99,"Pieris napi","Green-veined White",2010,35,2.11,5,"2004-2024","Northern Ireland"
99,"Pieris napi","Green-veined White",2011,36,2.09,6,"2004-2024","Northern Ireland"
99,"Pieris napi","Green-veined White",2012,28,2.02,8,"2004-2024","Northern Ireland"
99,"Pieris napi","Green-veined White",2013,38,2.35,1,"2004-2024","Northern Ireland"
99,"Pieris napi","Green-veined White",2014,47,2.28,2,"2004-2024","Northern Ireland"
99,"Pieris napi","Green-veined White",2015,41,1.87,15,"2004-2024","Northern Ireland"
99,"Pieris napi","Green-veined White",2016,42,2.01,10,"2004-2024","Northern Ireland"
99,"Pieris napi","Green-veined White",2017,45,2.26,3,"2004-2024","Northern Ireland"
99,"Pieris napi","Green-veined White",2018,42,2.25,4,"2004-2024","Northern Ireland"
99,"Pieris napi","Green-veined White",2019,48,1.77,19,"2004-2024","Northern Ireland"
99,"Pieris napi","Green-veined White",2020,31,1.78,17,"2004-2024","Northern Ireland"
99,"Pieris napi","Green-veined White",2021,43,1.97,11,"2004-2024","Northern Ireland"
99,"Pieris napi","Green-veined White",2022,48,1.89,14,"2004-2024","Northern Ireland"
99,"Pieris napi","Green-veined White",2023,53,1.76,20,"2004-2024","Northern Ireland"
99,"Pieris napi","Green-veined White",2024,56,1.8,16,"2004-2024","Northern Ireland"
100,"Pieris rapae","Small White",2006,8,2.33,1,"2004-2024","Northern Ireland"
100,"Pieris rapae","Small White",2007,12,2.26,3,"2004-2024","Northern Ireland"
100,"Pieris rapae","Small White",2008,12,2.19,4,"2004-2024","Northern Ireland"
100,"Pieris rapae","Small White",2009,17,2.19,4,"2004-2024","Northern Ireland"
100,"Pieris rapae","Small White",2010,33,2.33,1,"2004-2024","Northern Ireland"
100,"Pieris rapae","Small White",2011,34,2.07,8,"2004-2024","Northern Ireland"
100,"Pieris rapae","Small White",2012,25,1.96,11,"2004-2024","Northern Ireland"
100,"Pieris rapae","Small White",2013,33,2.05,9,"2004-2024","Northern Ireland"
100,"Pieris rapae","Small White",2014,42,2.13,6,"2004-2024","Northern Ireland"
100,"Pieris rapae","Small White",2015,39,1.63,18,"2004-2024","Northern Ireland"
100,"Pieris rapae","Small White",2016,39,1.86,15,"2004-2024","Northern Ireland"
100,"Pieris rapae","Small White",2017,42,1.88,13,"2004-2024","Northern Ireland"
100,"Pieris rapae","Small White",2018,38,2.13,6,"2004-2024","Northern Ireland"
100,"Pieris rapae","Small White",2019,44,1.81,16,"2004-2024","Northern Ireland"
100,"Pieris rapae","Small White",2020,27,1.6,19,"2004-2024","Northern Ireland"
100,"Pieris rapae","Small White",2021,40,1.93,12,"2004-2024","Northern Ireland"
100,"Pieris rapae","Small White",2022,44,1.87,14,"2004-2024","Northern Ireland"
100,"Pieris rapae","Small White",2023,51,2.05,9,"2004-2024","Northern Ireland"
100,"Pieris rapae","Small White",2024,50,1.74,17,"2004-2024","Northern Ireland"
106,"Polyommatus icarus","Common Blue",2005,4,2.41,1,"2004-2024","Northern Ireland"
106,"Polyommatus icarus","Common Blue",2006,7,2.2,5,"2004-2024","Northern Ireland"
106,"Polyommatus icarus","Common Blue",2007,8,1.75,18,"2004-2024","Northern Ireland"
106,"Polyommatus icarus","Common Blue",2008,8,1.88,13,"2004-2024","Northern Ireland"
106,"Polyommatus icarus","Common Blue",2009,10,2.28,4,"2004-2024","Northern Ireland"
106,"Polyommatus icarus","Common Blue",2010,15,1.86,14,"2004-2024","Northern Ireland"
106,"Polyommatus icarus","Common Blue",2011,15,1.9,11,"2004-2024","Northern Ireland"
106,"Polyommatus icarus","Common Blue",2012,13,1.68,20,"2004-2024","Northern Ireland"
106,"Polyommatus icarus","Common Blue",2013,11,2.18,6,"2004-2024","Northern Ireland"
106,"Polyommatus icarus","Common Blue",2014,16,2.35,3,"2004-2024","Northern Ireland"
106,"Polyommatus icarus","Common Blue",2015,18,2.37,2,"2004-2024","Northern Ireland"
106,"Polyommatus icarus","Common Blue",2016,17,1.9,11,"2004-2024","Northern Ireland"
106,"Polyommatus icarus","Common Blue",2017,18,1.76,17,"2004-2024","Northern Ireland"
106,"Polyommatus icarus","Common Blue",2018,21,2.06,8,"2004-2024","Northern Ireland"
106,"Polyommatus icarus","Common Blue",2019,24,2.16,7,"2004-2024","Northern Ireland"
106,"Polyommatus icarus","Common Blue",2020,17,1.97,9,"2004-2024","Northern Ireland"
106,"Polyommatus icarus","Common Blue",2021,25,1.97,9,"2004-2024","Northern Ireland"
106,"Polyommatus icarus","Common Blue",2022,28,1.71,19,"2004-2024","Northern Ireland"
106,"Polyommatus icarus","Common Blue",2023,30,1.79,16,"2004-2024","Northern Ireland"
106,"Polyommatus icarus","Common Blue",2024,30,1.83,15,"2004-2024","Northern Ireland"
84,"Aglais io","Peacock",1995,16,1.52,29,"1979-2024","Scotland"
84,"Aglais io","Peacock",1996,18,1.83,22,"1979-2024","Scotland"
84,"Aglais io","Peacock",1997,18,2.01,19,"1979-2024","Scotland"
84,"Aglais io","Peacock",1998,19,1.77,26,"1979-2024","Scotland"
84,"Aglais io","Peacock",1999,23,1.56,28,"1979-2024","Scotland"
84,"Aglais io","Peacock",2000,25,1.8,24,"1979-2024","Scotland"
84,"Aglais io","Peacock",2001,28,1.8,24,"1979-2024","Scotland"
84,"Aglais io","Peacock",2002,36,1.42,30,"1979-2024","Scotland"
84,"Aglais io","Peacock",2003,48,1.91,21,"1979-2024","Scotland"
84,"Aglais io","Peacock",2004,60,2.12,11,"1979-2024","Scotland"
84,"Aglais io","Peacock",2005,60,2.18,7,"1979-2024","Scotland"
84,"Aglais io","Peacock",2006,69,2.17,9,"1979-2024","Scotland"
84,"Aglais io","Peacock",2007,76,2.1,13,"1979-2024","Scotland"
84,"Aglais io","Peacock",2008,71,2.05,15,"1979-2024","Scotland"
84,"Aglais io","Peacock",2009,123,2.2,5,"1979-2024","Scotland"
84,"Aglais io","Peacock",2010,114,2.19,6,"1979-2024","Scotland"
84,"Aglais io","Peacock",2011,140,2.05,15,"1979-2024","Scotland"
84,"Aglais io","Peacock",2012,112,1.74,27,"1979-2024","Scotland"
84,"Aglais io","Peacock",2013,139,2.02,17,"1979-2024","Scotland"
84,"Aglais io","Peacock",2014,143,2.25,4,"1979-2024","Scotland"
84,"Aglais io","Peacock",2015,138,2,20,"1979-2024","Scotland"
84,"Aglais io","Peacock",2016,149,1.82,23,"1979-2024","Scotland"
84,"Aglais io","Peacock",2017,140,2.09,14,"1979-2024","Scotland"
84,"Aglais io","Peacock",2018,163,2.11,12,"1979-2024","Scotland"
84,"Aglais io","Peacock",2019,153,2.39,1,"1979-2024","Scotland"
84,"Aglais io","Peacock",2020,122,2.3,2,"1979-2024","Scotland"
84,"Aglais io","Peacock",2021,173,2.02,17,"1979-2024","Scotland"
84,"Aglais io","Peacock",2022,193,2.18,7,"1979-2024","Scotland"
84,"Aglais io","Peacock",2023,192,2.27,3,"1979-2024","Scotland"
84,"Aglais io","Peacock",2024,176,2.13,10,"1979-2024","Scotland"
2,"Aglais urticae","Small Tortoiseshell",1979,12,2.13,14,"1979-2024","Scotland"
2,"Aglais urticae","Small Tortoiseshell",1980,10,2.13,14,"1979-2024","Scotland"
2,"Aglais urticae","Small Tortoiseshell",1981,11,1.9,31,"1979-2024","Scotland"
2,"Aglais urticae","Small Tortoiseshell",1982,11,2.23,9,"1979-2024","Scotland"
2,"Aglais urticae","Small Tortoiseshell",1983,11,2.46,3,"1979-2024","Scotland"
2,"Aglais urticae","Small Tortoiseshell",1984,11,2.57,1,"1979-2024","Scotland"
2,"Aglais urticae","Small Tortoiseshell",1985,13,2.43,4,"1979-2024","Scotland"
2,"Aglais urticae","Small Tortoiseshell",1986,13,1.72,39,"1979-2024","Scotland"
2,"Aglais urticae","Small Tortoiseshell",1987,13,1.65,42,"1979-2024","Scotland"
2,"Aglais urticae","Small Tortoiseshell",1988,14,1.9,31,"1979-2024","Scotland"
2,"Aglais urticae","Small Tortoiseshell",1989,15,2.14,13,"1979-2024","Scotland"
2,"Aglais urticae","Small Tortoiseshell",1990,13,2.25,8,"1979-2024","Scotland"
2,"Aglais urticae","Small Tortoiseshell",1991,14,2.18,11,"1979-2024","Scotland"
2,"Aglais urticae","Small Tortoiseshell",1992,17,2.42,5,"1979-2024","Scotland"
2,"Aglais urticae","Small Tortoiseshell",1993,16,1.94,28,"1979-2024","Scotland"
2,"Aglais urticae","Small Tortoiseshell",1994,19,1.88,33,"1979-2024","Scotland"
2,"Aglais urticae","Small Tortoiseshell",1995,20,2.26,7,"1979-2024","Scotland"
2,"Aglais urticae","Small Tortoiseshell",1996,23,2.51,2,"1979-2024","Scotland"
2,"Aglais urticae","Small Tortoiseshell",1997,23,2.41,6,"1979-2024","Scotland"
2,"Aglais urticae","Small Tortoiseshell",1998,22,2,20,"1979-2024","Scotland"
2,"Aglais urticae","Small Tortoiseshell",1999,27,1.8,36,"1979-2024","Scotland"
2,"Aglais urticae","Small Tortoiseshell",2000,29,1.75,38,"1979-2024","Scotland"
2,"Aglais urticae","Small Tortoiseshell",2001,31,1.95,25,"1979-2024","Scotland"
2,"Aglais urticae","Small Tortoiseshell",2002,38,1.95,25,"1979-2024","Scotland"
2,"Aglais urticae","Small Tortoiseshell",2003,52,2,20,"1979-2024","Scotland"
2,"Aglais urticae","Small Tortoiseshell",2004,58,1.93,29,"1979-2024","Scotland"
2,"Aglais urticae","Small Tortoiseshell",2005,60,2,20,"1979-2024","Scotland"
2,"Aglais urticae","Small Tortoiseshell",2006,70,2.03,18,"1979-2024","Scotland"
2,"Aglais urticae","Small Tortoiseshell",2007,80,1.99,23,"1979-2024","Scotland"
2,"Aglais urticae","Small Tortoiseshell",2008,75,1.77,37,"1979-2024","Scotland"
2,"Aglais urticae","Small Tortoiseshell",2009,125,1.88,33,"1979-2024","Scotland"
2,"Aglais urticae","Small Tortoiseshell",2010,117,2.05,17,"1979-2024","Scotland"
2,"Aglais urticae","Small Tortoiseshell",2011,151,1.91,30,"1979-2024","Scotland"
2,"Aglais urticae","Small Tortoiseshell",2012,124,2.01,19,"1979-2024","Scotland"
2,"Aglais urticae","Small Tortoiseshell",2013,140,2.22,10,"1979-2024","Scotland"
2,"Aglais urticae","Small Tortoiseshell",2014,143,2.12,16,"1979-2024","Scotland"
2,"Aglais urticae","Small Tortoiseshell",2015,138,1.95,25,"1979-2024","Scotland"
2,"Aglais urticae","Small Tortoiseshell",2016,142,1.63,43,"1979-2024","Scotland"
2,"Aglais urticae","Small Tortoiseshell",2017,139,1.54,45,"1979-2024","Scotland"
2,"Aglais urticae","Small Tortoiseshell",2018,165,1.58,44,"1979-2024","Scotland"
2,"Aglais urticae","Small Tortoiseshell",2019,156,1.96,24,"1979-2024","Scotland"
2,"Aglais urticae","Small Tortoiseshell",2020,126,2.17,12,"1979-2024","Scotland"
2,"Aglais urticae","Small Tortoiseshell",2021,180,1.88,33,"1979-2024","Scotland"
2,"Aglais urticae","Small Tortoiseshell",2022,199,1.72,39,"1979-2024","Scotland"
2,"Aglais urticae","Small Tortoiseshell",2023,192,1.72,39,"1979-2024","Scotland"
2,"Aglais urticae","Small Tortoiseshell",2024,172,1.36,46,"1979-2024","Scotland"
4,"Anthocharis cardamines","Orange-tip",1999,24,1.37,26,"1979-2024","Scotland"
4,"Anthocharis cardamines","Orange-tip",2000,26,1.75,21,"1979-2024","Scotland"
4,"Anthocharis cardamines","Orange-tip",2001,26,1.69,24,"1979-2024","Scotland"
4,"Anthocharis cardamines","Orange-tip",2002,33,1.86,19,"1979-2024","Scotland"
4,"Anthocharis cardamines","Orange-tip",2003,46,1.66,25,"1979-2024","Scotland"
4,"Anthocharis cardamines","Orange-tip",2004,55,1.75,21,"1979-2024","Scotland"
4,"Anthocharis cardamines","Orange-tip",2005,55,1.7,23,"1979-2024","Scotland"
4,"Anthocharis cardamines","Orange-tip",2006,65,1.85,20,"1979-2024","Scotland"
4,"Anthocharis cardamines","Orange-tip",2007,69,2.02,14,"1979-2024","Scotland"
4,"Anthocharis cardamines","Orange-tip",2008,68,1.87,18,"1979-2024","Scotland"
4,"Anthocharis cardamines","Orange-tip",2009,89,2.05,13,"1979-2024","Scotland"
4,"Anthocharis cardamines","Orange-tip",2010,84,2.21,5,"1979-2024","Scotland"
4,"Anthocharis cardamines","Orange-tip",2011,91,2.31,2,"1979-2024","Scotland"
4,"Anthocharis cardamines","Orange-tip",2012,84,1.91,17,"1979-2024","Scotland"
4,"Anthocharis cardamines","Orange-tip",2013,106,1.94,16,"1979-2024","Scotland"
4,"Anthocharis cardamines","Orange-tip",2014,118,2.23,4,"1979-2024","Scotland"
4,"Anthocharis cardamines","Orange-tip",2015,118,2.09,12,"1979-2024","Scotland"
4,"Anthocharis cardamines","Orange-tip",2016,123,1.98,15,"1979-2024","Scotland"
4,"Anthocharis cardamines","Orange-tip",2017,121,2.11,11,"1979-2024","Scotland"
4,"Anthocharis cardamines","Orange-tip",2018,146,2.18,8,"1979-2024","Scotland"
4,"Anthocharis cardamines","Orange-tip",2019,124,2.51,1,"1979-2024","Scotland"
4,"Anthocharis cardamines","Orange-tip",2020,98,2.19,7,"1979-2024","Scotland"
4,"Anthocharis cardamines","Orange-tip",2021,143,2.15,10,"1979-2024","Scotland"
4,"Anthocharis cardamines","Orange-tip",2022,157,2.21,5,"1979-2024","Scotland"
4,"Anthocharis cardamines","Orange-tip",2023,159,2.18,8,"1979-2024","Scotland"
4,"Anthocharis cardamines","Orange-tip",2024,149,2.24,3,"1979-2024","Scotland"
8,"Aphantopus hyperantus","Ringlet",1996,15,0.99,29,"1979-2024","Scotland"
8,"Aphantopus hyperantus","Ringlet",1997,17,1.76,26,"1979-2024","Scotland"
8,"Aphantopus hyperantus","Ringlet",1998,17,1.69,28,"1979-2024","Scotland"
8,"Aphantopus hyperantus","Ringlet",1999,22,1.74,27,"1979-2024","Scotland"
8,"Aphantopus hyperantus","Ringlet",2000,24,1.8,24,"1979-2024","Scotland"
8,"Aphantopus hyperantus","Ringlet",2001,27,1.8,24,"1979-2024","Scotland"
8,"Aphantopus hyperantus","Ringlet",2002,31,1.81,23,"1979-2024","Scotland"
8,"Aphantopus hyperantus","Ringlet",2003,43,2.13,10,"1979-2024","Scotland"
8,"Aphantopus hyperantus","Ringlet",2004,51,2.06,15,"1979-2024","Scotland"
8,"Aphantopus hyperantus","Ringlet",2005,50,2.17,7,"1979-2024","Scotland"
8,"Aphantopus hyperantus","Ringlet",2006,61,2.07,14,"1979-2024","Scotland"
8,"Aphantopus hyperantus","Ringlet",2007,70,2.04,17,"1979-2024","Scotland"
8,"Aphantopus hyperantus","Ringlet",2008,66,2.19,5,"1979-2024","Scotland"
8,"Aphantopus hyperantus","Ringlet",2009,115,2.21,2,"1979-2024","Scotland"
8,"Aphantopus hyperantus","Ringlet",2010,103,2.11,11,"1979-2024","Scotland"
8,"Aphantopus hyperantus","Ringlet",2011,144,2.06,15,"1979-2024","Scotland"
8,"Aphantopus hyperantus","Ringlet",2012,111,1.99,20,"1979-2024","Scotland"
8,"Aphantopus hyperantus","Ringlet",2013,126,2.11,11,"1979-2024","Scotland"
8,"Aphantopus hyperantus","Ringlet",2014,131,2.28,1,"1979-2024","Scotland"
8,"Aphantopus hyperantus","Ringlet",2015,128,2.16,9,"1979-2024","Scotland"
8,"Aphantopus hyperantus","Ringlet",2016,130,1.97,21,"1979-2024","Scotland"
8,"Aphantopus hyperantus","Ringlet",2017,130,1.91,22,"1979-2024","Scotland"
8,"Aphantopus hyperantus","Ringlet",2018,158,2.09,13,"1979-2024","Scotland"
8,"Aphantopus hyperantus","Ringlet",2019,145,2.21,2,"1979-2024","Scotland"
8,"Aphantopus hyperantus","Ringlet",2020,123,2.21,2,"1979-2024","Scotland"
8,"Aphantopus hyperantus","Ringlet",2021,168,2.19,5,"1979-2024","Scotland"
8,"Aphantopus hyperantus","Ringlet",2022,193,2.17,7,"1979-2024","Scotland"
8,"Aphantopus hyperantus","Ringlet",2023,184,2.04,17,"1979-2024","Scotland"
8,"Aphantopus hyperantus","Ringlet",2024,171,2.04,17,"1979-2024","Scotland"
21,"Aricia artaxerxes","Northern Brown Argus",1981,4,1.02,44,"1979-2024","Scotland"
21,"Aricia artaxerxes","Northern Brown Argus",1982,4,2.29,12,"1979-2024","Scotland"
21,"Aricia artaxerxes","Northern Brown Argus",1983,5,2.31,8,"1979-2024","Scotland"
21,"Aricia artaxerxes","Northern Brown Argus",1984,4,2.6,2,"1979-2024","Scotland"
21,"Aricia artaxerxes","Northern Brown Argus",1985,5,1.68,36,"1979-2024","Scotland"
21,"Aricia artaxerxes","Northern Brown Argus",1986,5,2.16,15,"1979-2024","Scotland"
21,"Aricia artaxerxes","Northern Brown Argus",1987,5,1.16,42,"1979-2024","Scotland"
21,"Aricia artaxerxes","Northern Brown Argus",1988,5,2.01,26,"1979-2024","Scotland"
21,"Aricia artaxerxes","Northern Brown Argus",1989,5,2.31,8,"1979-2024","Scotland"
21,"Aricia artaxerxes","Northern Brown Argus",1990,5,2.5,3,"1979-2024","Scotland"
21,"Aricia artaxerxes","Northern Brown Argus",1991,4,2.31,8,"1979-2024","Scotland"
21,"Aricia artaxerxes","Northern Brown Argus",1992,6,1.15,43,"1979-2024","Scotland"
21,"Aricia artaxerxes","Northern Brown Argus",1993,5,2.38,5,"1979-2024","Scotland"
21,"Aricia artaxerxes","Northern Brown Argus",1994,6,1.56,40,"1979-2024","Scotland"
21,"Aricia artaxerxes","Northern Brown Argus",1995,6,2.31,8,"1979-2024","Scotland"
21,"Aricia artaxerxes","Northern Brown Argus",1996,6,1.98,28,"1979-2024","Scotland"
21,"Aricia artaxerxes","Northern Brown Argus",1997,6,1.8,33,"1979-2024","Scotland"
21,"Aricia artaxerxes","Northern Brown Argus",1998,5,2.78,1,"1979-2024","Scotland"
21,"Aricia artaxerxes","Northern Brown Argus",1999,7,2.17,14,"1979-2024","Scotland"
21,"Aricia artaxerxes","Northern Brown Argus",2000,7,1.67,37,"1979-2024","Scotland"
21,"Aricia artaxerxes","Northern Brown Argus",2001,7,1.58,39,"1979-2024","Scotland"
21,"Aricia artaxerxes","Northern Brown Argus",2002,8,1.74,35,"1979-2024","Scotland"
21,"Aricia artaxerxes","Northern Brown Argus",2003,9,2.06,21,"1979-2024","Scotland"
21,"Aricia artaxerxes","Northern Brown Argus",2004,12,1.37,41,"1979-2024","Scotland"
21,"Aricia artaxerxes","Northern Brown Argus",2005,12,2.14,17,"1979-2024","Scotland"
21,"Aricia artaxerxes","Northern Brown Argus",2006,12,2.16,15,"1979-2024","Scotland"
21,"Aricia artaxerxes","Northern Brown Argus",2007,12,1.62,38,"1979-2024","Scotland"
21,"Aricia artaxerxes","Northern Brown Argus",2008,13,2.03,24,"1979-2024","Scotland"
21,"Aricia artaxerxes","Northern Brown Argus",2009,14,2.02,25,"1979-2024","Scotland"
21,"Aricia artaxerxes","Northern Brown Argus",2010,15,1.76,34,"1979-2024","Scotland"
21,"Aricia artaxerxes","Northern Brown Argus",2011,14,1.98,28,"1979-2024","Scotland"
21,"Aricia artaxerxes","Northern Brown Argus",2012,12,2.01,26,"1979-2024","Scotland"
21,"Aricia artaxerxes","Northern Brown Argus",2013,17,1.91,31,"1979-2024","Scotland"
21,"Aricia artaxerxes","Northern Brown Argus",2014,14,2.08,20,"1979-2024","Scotland"
21,"Aricia artaxerxes","Northern Brown Argus",2015,17,1.88,32,"1979-2024","Scotland"
21,"Aricia artaxerxes","Northern Brown Argus",2016,16,2.1,18,"1979-2024","Scotland"
21,"Aricia artaxerxes","Northern Brown Argus",2017,16,1.94,30,"1979-2024","Scotland"
21,"Aricia artaxerxes","Northern Brown Argus",2018,20,2.05,23,"1979-2024","Scotland"
21,"Aricia artaxerxes","Northern Brown Argus",2019,18,2.23,13,"1979-2024","Scotland"
21,"Aricia artaxerxes","Northern Brown Argus",2020,17,2.4,4,"1979-2024","Scotland"
21,"Aricia artaxerxes","Northern Brown Argus",2021,21,2.35,6,"1979-2024","Scotland"
21,"Aricia artaxerxes","Northern Brown Argus",2022,21,2.09,19,"1979-2024","Scotland"
21,"Aricia artaxerxes","Northern Brown Argus",2023,22,2.06,21,"1979-2024","Scotland"
21,"Aricia artaxerxes","Northern Brown Argus",2024,20,2.32,7,"1979-2024","Scotland"
14,"Boloria euphrosyne","Pearl-bordered Fritillary",2002,14,1.83,19,"1979-2024","Scotland"
14,"Boloria euphrosyne","Pearl-bordered Fritillary",2003,13,1.54,23,"1979-2024","Scotland"
14,"Boloria euphrosyne","Pearl-bordered Fritillary",2004,18,1.65,22,"1979-2024","Scotland"
14,"Boloria euphrosyne","Pearl-bordered Fritillary",2005,19,1.82,20,"1979-2024","Scotland"
14,"Boloria euphrosyne","Pearl-bordered Fritillary",2006,18,1.92,15,"1979-2024","Scotland"
14,"Boloria euphrosyne","Pearl-bordered Fritillary",2007,20,2.14,5,"1979-2024","Scotland"
14,"Boloria euphrosyne","Pearl-bordered Fritillary",2008,17,1.9,18,"1979-2024","Scotland"
14,"Boloria euphrosyne","Pearl-bordered Fritillary",2009,17,2,11,"1979-2024","Scotland"
14,"Boloria euphrosyne","Pearl-bordered Fritillary",2010,16,1.92,15,"1979-2024","Scotland"
14,"Boloria euphrosyne","Pearl-bordered Fritillary",2011,14,2.04,10,"1979-2024","Scotland"
14,"Boloria euphrosyne","Pearl-bordered Fritillary",2012,32,1.98,14,"1979-2024","Scotland"
14,"Boloria euphrosyne","Pearl-bordered Fritillary",2013,63,1.91,17,"1979-2024","Scotland"
14,"Boloria euphrosyne","Pearl-bordered Fritillary",2014,63,2.12,7,"1979-2024","Scotland"
14,"Boloria euphrosyne","Pearl-bordered Fritillary",2015,47,2,11,"1979-2024","Scotland"
14,"Boloria euphrosyne","Pearl-bordered Fritillary",2016,65,1.78,21,"1979-2024","Scotland"
14,"Boloria euphrosyne","Pearl-bordered Fritillary",2017,51,2.19,4,"1979-2024","Scotland"
14,"Boloria euphrosyne","Pearl-bordered Fritillary",2018,59,2.13,6,"1979-2024","Scotland"
14,"Boloria euphrosyne","Pearl-bordered Fritillary",2019,33,2.39,1,"1979-2024","Scotland"
14,"Boloria euphrosyne","Pearl-bordered Fritillary",2020,17,2.22,3,"1979-2024","Scotland"
14,"Boloria euphrosyne","Pearl-bordered Fritillary",2021,17,2.31,2,"1979-2024","Scotland"
14,"Boloria euphrosyne","Pearl-bordered Fritillary",2022,16,1.99,13,"1979-2024","Scotland"
14,"Boloria euphrosyne","Pearl-bordered Fritillary",2023,20,2.12,7,"1979-2024","Scotland"
14,"Boloria euphrosyne","Pearl-bordered Fritillary",2024,24,2.11,9,"1979-2024","Scotland"
18,"Boloria selene","Small Pearl-bordered Fritillary",1979,9,2.05,21,"1979-2024","Scotland"
18,"Boloria selene","Small Pearl-bordered Fritillary",1980,8,1.61,45,"1979-2024","Scotland"
18,"Boloria selene","Small Pearl-bordered Fritillary",1981,9,1.55,46,"1979-2024","Scotland"
18,"Boloria selene","Small Pearl-bordered Fritillary",1982,9,1.9,34,"1979-2024","Scotland"
18,"Boloria selene","Small Pearl-bordered Fritillary",1983,9,1.72,41,"1979-2024","Scotland"
18,"Boloria selene","Small Pearl-bordered Fritillary",1984,9,2.11,14,"1979-2024","Scotland"
18,"Boloria selene","Small Pearl-bordered Fritillary",1985,10,2.14,12,"1979-2024","Scotland"
18,"Boloria selene","Small Pearl-bordered Fritillary",1986,9,1.64,42,"1979-2024","Scotland"
18,"Boloria selene","Small Pearl-bordered Fritillary",1987,9,1.63,43,"1979-2024","Scotland"
18,"Boloria selene","Small Pearl-bordered Fritillary",1988,11,1.82,37,"1979-2024","Scotland"
18,"Boloria selene","Small Pearl-bordered Fritillary",1989,13,1.91,32,"1979-2024","Scotland"
18,"Boloria selene","Small Pearl-bordered Fritillary",1990,12,2.26,2,"1979-2024","Scotland"
18,"Boloria selene","Small Pearl-bordered Fritillary",1991,12,2.04,23,"1979-2024","Scotland"
18,"Boloria selene","Small Pearl-bordered Fritillary",1992,14,2.11,14,"1979-2024","Scotland"
18,"Boloria selene","Small Pearl-bordered Fritillary",1993,14,2.02,26,"1979-2024","Scotland"
18,"Boloria selene","Small Pearl-bordered Fritillary",1994,15,1.63,43,"1979-2024","Scotland"
18,"Boloria selene","Small Pearl-bordered Fritillary",1995,18,1.97,31,"1979-2024","Scotland"
18,"Boloria selene","Small Pearl-bordered Fritillary",1996,20,2.01,28,"1979-2024","Scotland"
18,"Boloria selene","Small Pearl-bordered Fritillary",1997,17,2.2,6,"1979-2024","Scotland"
18,"Boloria selene","Small Pearl-bordered Fritillary",1998,17,2.08,16,"1979-2024","Scotland"
18,"Boloria selene","Small Pearl-bordered Fritillary",1999,20,1.75,40,"1979-2024","Scotland"
18,"Boloria selene","Small Pearl-bordered Fritillary",2000,21,1.82,37,"1979-2024","Scotland"
18,"Boloria selene","Small Pearl-bordered Fritillary",2001,23,2.03,25,"1979-2024","Scotland"
18,"Boloria selene","Small Pearl-bordered Fritillary",2002,30,2,30,"1979-2024","Scotland"
18,"Boloria selene","Small Pearl-bordered Fritillary",2003,38,1.91,32,"1979-2024","Scotland"
18,"Boloria selene","Small Pearl-bordered Fritillary",2004,42,2.12,13,"1979-2024","Scotland"
18,"Boloria selene","Small Pearl-bordered Fritillary",2005,41,2.16,9,"1979-2024","Scotland"
18,"Boloria selene","Small Pearl-bordered Fritillary",2006,43,2.22,5,"1979-2024","Scotland"
18,"Boloria selene","Small Pearl-bordered Fritillary",2007,54,2.26,2,"1979-2024","Scotland"
18,"Boloria selene","Small Pearl-bordered Fritillary",2008,45,2.25,4,"1979-2024","Scotland"
18,"Boloria selene","Small Pearl-bordered Fritillary",2009,55,2.07,19,"1979-2024","Scotland"
18,"Boloria selene","Small Pearl-bordered Fritillary",2010,58,2.16,9,"1979-2024","Scotland"
18,"Boloria selene","Small Pearl-bordered Fritillary",2011,63,1.77,39,"1979-2024","Scotland"
18,"Boloria selene","Small Pearl-bordered Fritillary",2012,47,1.9,34,"1979-2024","Scotland"
18,"Boloria selene","Small Pearl-bordered Fritillary",2013,73,1.88,36,"1979-2024","Scotland"
18,"Boloria selene","Small Pearl-bordered Fritillary",2014,74,2.05,21,"1979-2024","Scotland"
18,"Boloria selene","Small Pearl-bordered Fritillary",2015,74,2.02,26,"1979-2024","Scotland"
18,"Boloria selene","Small Pearl-bordered Fritillary",2016,77,2.18,8,"1979-2024","Scotland"
18,"Boloria selene","Small Pearl-bordered Fritillary",2017,69,2.08,16,"1979-2024","Scotland"
18,"Boloria selene","Small Pearl-bordered Fritillary",2018,76,2.07,19,"1979-2024","Scotland"
18,"Boloria selene","Small Pearl-bordered Fritillary",2019,57,2.2,6,"1979-2024","Scotland"
18,"Boloria selene","Small Pearl-bordered Fritillary",2020,49,2.16,9,"1979-2024","Scotland"
18,"Boloria selene","Small Pearl-bordered Fritillary",2021,60,2.38,1,"1979-2024","Scotland"
18,"Boloria selene","Small Pearl-bordered Fritillary",2022,61,2.01,28,"1979-2024","Scotland"
18,"Boloria selene","Small Pearl-bordered Fritillary",2023,59,2.04,23,"1979-2024","Scotland"
18,"Boloria selene","Small Pearl-bordered Fritillary",2024,46,2.08,16,"1979-2024","Scotland"
23,"Callophrys rubi","Green Hairstreak",1990,8,1.76,29,"1979-2024","Scotland"
23,"Callophrys rubi","Green Hairstreak",1991,7,1.57,32,"1979-2024","Scotland"
23,"Callophrys rubi","Green Hairstreak",1992,8,2.16,9,"1979-2024","Scotland"
23,"Callophrys rubi","Green Hairstreak",1993,8,2.35,2,"1979-2024","Scotland"
23,"Callophrys rubi","Green Hairstreak",1994,8,2.27,5,"1979-2024","Scotland"
23,"Callophrys rubi","Green Hairstreak",1995,10,2.02,20,"1979-2024","Scotland"
23,"Callophrys rubi","Green Hairstreak",1996,12,2.17,7,"1979-2024","Scotland"
23,"Callophrys rubi","Green Hairstreak",1997,10,2.17,7,"1979-2024","Scotland"
23,"Callophrys rubi","Green Hairstreak",1998,11,2.14,11,"1979-2024","Scotland"
23,"Callophrys rubi","Green Hairstreak",1999,12,1.43,34,"1979-2024","Scotland"
23,"Callophrys rubi","Green Hairstreak",2000,13,1.71,30,"1979-2024","Scotland"
23,"Callophrys rubi","Green Hairstreak",2001,13,2.1,14,"1979-2024","Scotland"
23,"Callophrys rubi","Green Hairstreak",2002,16,2.12,12,"1979-2024","Scotland"
23,"Callophrys rubi","Green Hairstreak",2003,20,1.56,33,"1979-2024","Scotland"
23,"Callophrys rubi","Green Hairstreak",2004,23,1.96,23,"1979-2024","Scotland"
23,"Callophrys rubi","Green Hairstreak",2005,26,2.15,10,"1979-2024","Scotland"
23,"Callophrys rubi","Green Hairstreak",2006,27,2.12,12,"1979-2024","Scotland"
23,"Callophrys rubi","Green Hairstreak",2007,28,2.28,4,"1979-2024","Scotland"
23,"Callophrys rubi","Green Hairstreak",2008,23,1.99,21,"1979-2024","Scotland"
23,"Callophrys rubi","Green Hairstreak",2009,28,1.95,24,"1979-2024","Scotland"
23,"Callophrys rubi","Green Hairstreak",2010,27,2.07,16,"1979-2024","Scotland"
23,"Callophrys rubi","Green Hairstreak",2011,27,1.92,27,"1979-2024","Scotland"
23,"Callophrys rubi","Green Hairstreak",2012,21,1.9,28,"1979-2024","Scotland"
23,"Callophrys rubi","Green Hairstreak",2013,34,1.94,25,"1979-2024","Scotland"
23,"Callophrys rubi","Green Hairstreak",2014,34,2.47,1,"1979-2024","Scotland"
23,"Callophrys rubi","Green Hairstreak",2015,37,1.99,21,"1979-2024","Scotland"
23,"Callophrys rubi","Green Hairstreak",2016,42,1.39,35,"1979-2024","Scotland"
23,"Callophrys rubi","Green Hairstreak",2017,37,1.94,25,"1979-2024","Scotland"
23,"Callophrys rubi","Green Hairstreak",2018,45,2.08,15,"1979-2024","Scotland"
23,"Callophrys rubi","Green Hairstreak",2019,35,2.23,6,"1979-2024","Scotland"
23,"Callophrys rubi","Green Hairstreak",2020,29,2.04,17,"1979-2024","Scotland"
23,"Callophrys rubi","Green Hairstreak",2021,32,2.03,19,"1979-2024","Scotland"
23,"Callophrys rubi","Green Hairstreak",2022,33,2.04,17,"1979-2024","Scotland"
23,"Callophrys rubi","Green Hairstreak",2023,35,2.29,3,"1979-2024","Scotland"
23,"Callophrys rubi","Green Hairstreak",2024,25,1.67,31,"1979-2024","Scotland"
25,"Carterocephalus palaemon","Chequered Skipper",2003,7,2.06,8,"1979-2024","Scotland"
25,"Carterocephalus palaemon","Chequered Skipper",2004,8,1.88,14,"1979-2024","Scotland"
25,"Carterocephalus palaemon","Chequered Skipper",2005,8,1.96,11,"1979-2024","Scotland"
25,"Carterocephalus palaemon","Chequered Skipper",2006,7,1.88,14,"1979-2024","Scotland"
25,"Carterocephalus palaemon","Chequered Skipper",2007,7,1.83,16,"1979-2024","Scotland"
25,"Carterocephalus palaemon","Chequered Skipper",2008,6,1.79,17,"1979-2024","Scotland"
25,"Carterocephalus palaemon","Chequered Skipper",2009,7,1.89,13,"1979-2024","Scotland"
25,"Carterocephalus palaemon","Chequered Skipper",2010,7,2.15,6,"1979-2024","Scotland"
25,"Carterocephalus palaemon","Chequered Skipper",2011,6,1.7,20,"1979-2024","Scotland"
25,"Carterocephalus palaemon","Chequered Skipper",2012,18,2.22,5,"1979-2024","Scotland"
25,"Carterocephalus palaemon","Chequered Skipper",2013,35,1.78,18,"1979-2024","Scotland"
25,"Carterocephalus palaemon","Chequered Skipper",2014,35,1.7,20,"1979-2024","Scotland"
25,"Carterocephalus palaemon","Chequered Skipper",2015,31,1.68,22,"1979-2024","Scotland"
25,"Carterocephalus palaemon","Chequered Skipper",2016,36,1.71,19,"1979-2024","Scotland"
25,"Carterocephalus palaemon","Chequered Skipper",2017,34,2.06,8,"1979-2024","Scotland"
25,"Carterocephalus palaemon","Chequered Skipper",2018,42,1.92,12,"1979-2024","Scotland"
25,"Carterocephalus palaemon","Chequered Skipper",2019,14,2.38,4,"1979-2024","Scotland"
25,"Carterocephalus palaemon","Chequered Skipper",2020,10,1.98,10,"1979-2024","Scotland"
25,"Carterocephalus palaemon","Chequered Skipper",2021,10,2.45,2,"1979-2024","Scotland"
25,"Carterocephalus palaemon","Chequered Skipper",2022,10,2.39,3,"1979-2024","Scotland"
25,"Carterocephalus palaemon","Chequered Skipper",2023,12,2.48,1,"1979-2024","Scotland"
25,"Carterocephalus palaemon","Chequered Skipper",2024,11,2.12,7,"1979-2024","Scotland"
29,"Coenonympha pamphilus","Small Heath",1979,11,1.53,45,"1979-2024","Scotland"
29,"Coenonympha pamphilus","Small Heath",1980,10,1.44,46,"1979-2024","Scotland"
29,"Coenonympha pamphilus","Small Heath",1981,12,1.62,41,"1979-2024","Scotland"
29,"Coenonympha pamphilus","Small Heath",1982,11,2.1,18,"1979-2024","Scotland"
29,"Coenonympha pamphilus","Small Heath",1983,12,2.06,21,"1979-2024","Scotland"
29,"Coenonympha pamphilus","Small Heath",1984,11,2.22,9,"1979-2024","Scotland"
29,"Coenonympha pamphilus","Small Heath",1985,13,1.98,28,"1979-2024","Scotland"
29,"Coenonympha pamphilus","Small Heath",1986,13,1.56,44,"1979-2024","Scotland"
29,"Coenonympha pamphilus","Small Heath",1987,13,1.61,43,"1979-2024","Scotland"
29,"Coenonympha pamphilus","Small Heath",1988,14,1.83,37,"1979-2024","Scotland"
29,"Coenonympha pamphilus","Small Heath",1989,16,2.11,16,"1979-2024","Scotland"
29,"Coenonympha pamphilus","Small Heath",1990,14,2.18,11,"1979-2024","Scotland"
29,"Coenonympha pamphilus","Small Heath",1991,15,2.34,1,"1979-2024","Scotland"
29,"Coenonympha pamphilus","Small Heath",1992,18,2.29,4,"1979-2024","Scotland"
29,"Coenonympha pamphilus","Small Heath",1993,18,2,26,"1979-2024","Scotland"
29,"Coenonympha pamphilus","Small Heath",1994,20,1.62,41,"1979-2024","Scotland"
29,"Coenonympha pamphilus","Small Heath",1995,21,1.75,40,"1979-2024","Scotland"
29,"Coenonympha pamphilus","Small Heath",1996,24,1.81,38,"1979-2024","Scotland"
29,"Coenonympha pamphilus","Small Heath",1997,23,1.97,30,"1979-2024","Scotland"
29,"Coenonympha pamphilus","Small Heath",1998,24,2.13,13,"1979-2024","Scotland"
29,"Coenonympha pamphilus","Small Heath",1999,27,1.88,35,"1979-2024","Scotland"
29,"Coenonympha pamphilus","Small Heath",2000,29,1.92,33,"1979-2024","Scotland"
29,"Coenonympha pamphilus","Small Heath",2001,32,1.85,36,"1979-2024","Scotland"
29,"Coenonympha pamphilus","Small Heath",2002,39,1.78,39,"1979-2024","Scotland"
29,"Coenonympha pamphilus","Small Heath",2003,49,1.99,27,"1979-2024","Scotland"
29,"Coenonympha pamphilus","Small Heath",2004,57,2.3,3,"1979-2024","Scotland"
29,"Coenonympha pamphilus","Small Heath",2005,59,2.27,5,"1979-2024","Scotland"
29,"Coenonympha pamphilus","Small Heath",2006,68,2.23,8,"1979-2024","Scotland"
29,"Coenonympha pamphilus","Small Heath",2007,73,2.08,19,"1979-2024","Scotland"
29,"Coenonympha pamphilus","Small Heath",2008,67,2.05,22,"1979-2024","Scotland"
29,"Coenonympha pamphilus","Small Heath",2009,103,2.12,15,"1979-2024","Scotland"
29,"Coenonympha pamphilus","Small Heath",2010,100,2.24,7,"1979-2024","Scotland"
29,"Coenonympha pamphilus","Small Heath",2011,128,2.08,19,"1979-2024","Scotland"
29,"Coenonympha pamphilus","Small Heath",2012,93,2.03,24,"1979-2024","Scotland"
29,"Coenonympha pamphilus","Small Heath",2013,110,2.03,24,"1979-2024","Scotland"
29,"Coenonympha pamphilus","Small Heath",2014,117,2.13,13,"1979-2024","Scotland"
29,"Coenonympha pamphilus","Small Heath",2015,119,2.14,12,"1979-2024","Scotland"
29,"Coenonympha pamphilus","Small Heath",2016,119,1.95,32,"1979-2024","Scotland"
29,"Coenonympha pamphilus","Small Heath",2017,110,1.97,30,"1979-2024","Scotland"
29,"Coenonympha pamphilus","Small Heath",2018,134,2.11,16,"1979-2024","Scotland"
29,"Coenonympha pamphilus","Small Heath",2019,114,2.21,10,"1979-2024","Scotland"
29,"Coenonympha pamphilus","Small Heath",2020,94,2.31,2,"1979-2024","Scotland"
29,"Coenonympha pamphilus","Small Heath",2021,128,2.27,5,"1979-2024","Scotland"
29,"Coenonympha pamphilus","Small Heath",2022,140,2.04,23,"1979-2024","Scotland"
29,"Coenonympha pamphilus","Small Heath",2023,139,1.98,28,"1979-2024","Scotland"
29,"Coenonympha pamphilus","Small Heath",2024,118,1.89,34,"1979-2024","Scotland"
30,"Coenonympha tullia","Large Heath",2003,14,1.95,16,"1979-2024","Scotland"
30,"Coenonympha tullia","Large Heath",2004,15,2.06,7,"1979-2024","Scotland"
30,"Coenonympha tullia","Large Heath",2005,17,2.05,8,"1979-2024","Scotland"
30,"Coenonympha tullia","Large Heath",2006,17,1.51,21,"1979-2024","Scotland"
30,"Coenonympha tullia","Large Heath",2007,21,2.03,11,"1979-2024","Scotland"
30,"Coenonympha tullia","Large Heath",2008,17,2.42,1,"1979-2024","Scotland"
30,"Coenonympha tullia","Large Heath",2009,23,2.41,3,"1979-2024","Scotland"
30,"Coenonympha tullia","Large Heath",2010,21,2.16,5,"1979-2024","Scotland"
30,"Coenonympha tullia","Large Heath",2011,24,2,13,"1979-2024","Scotland"
30,"Coenonympha tullia","Large Heath",2012,19,1.93,17,"1979-2024","Scotland"
30,"Coenonympha tullia","Large Heath",2013,25,2.14,6,"1979-2024","Scotland"
30,"Coenonympha tullia","Large Heath",2014,24,2,13,"1979-2024","Scotland"
30,"Coenonympha tullia","Large Heath",2015,23,2.19,4,"1979-2024","Scotland"
30,"Coenonympha tullia","Large Heath",2016,32,1.98,15,"1979-2024","Scotland"
30,"Coenonympha tullia","Large Heath",2017,27,1.5,22,"1979-2024","Scotland"
30,"Coenonympha tullia","Large Heath",2018,29,2.04,10,"1979-2024","Scotland"
30,"Coenonympha tullia","Large Heath",2019,24,2.01,12,"1979-2024","Scotland"
30,"Coenonympha tullia","Large Heath",2020,22,1.61,20,"1979-2024","Scotland"
30,"Coenonympha tullia","Large Heath",2021,26,1.81,18,"1979-2024","Scotland"
30,"Coenonympha tullia","Large Heath",2022,21,2.05,8,"1979-2024","Scotland"
30,"Coenonympha tullia","Large Heath",2023,22,2.42,1,"1979-2024","Scotland"
30,"Coenonympha tullia","Large Heath",2024,15,1.7,19,"1979-2024","Scotland"
36,"Cupido minimus","Small Blue",2005,6,1.88,13,"1979-2024","Scotland"
36,"Cupido minimus","Small Blue",2006,7,1.83,15,"1979-2024","Scotland"
36,"Cupido minimus","Small Blue",2007,7,1.82,16,"1979-2024","Scotland"
36,"Cupido minimus","Small Blue",2008,6,1.96,11,"1979-2024","Scotland"
36,"Cupido minimus","Small Blue",2009,7,2.21,6,"1979-2024","Scotland"
36,"Cupido minimus","Small Blue",2010,7,2.35,1,"1979-2024","Scotland"
36,"Cupido minimus","Small Blue",2011,6,2.31,3,"1979-2024","Scotland"
36,"Cupido minimus","Small Blue",2012,6,2.23,4,"1979-2024","Scotland"
36,"Cupido minimus","Small Blue",2013,9,2.32,2,"1979-2024","Scotland"
36,"Cupido minimus","Small Blue",2014,8,2.17,7,"1979-2024","Scotland"
36,"Cupido minimus","Small Blue",2015,6,1.63,19,"1979-2024","Scotland"
36,"Cupido minimus","Small Blue",2016,4,2,10,"1979-2024","Scotland"
36,"Cupido minimus","Small Blue",2017,5,2.16,8,"1979-2024","Scotland"
36,"Cupido minimus","Small Blue",2018,8,2.22,5,"1979-2024","Scotland"
36,"Cupido minimus","Small Blue",2019,8,1.77,17,"1979-2024","Scotland"
36,"Cupido minimus","Small Blue",2020,3,2.03,9,"1979-2024","Scotland"
36,"Cupido minimus","Small Blue",2021,13,1.7,18,"1979-2024","Scotland"
36,"Cupido minimus","Small Blue",2022,11,1.6,20,"1979-2024","Scotland"
36,"Cupido minimus","Small Blue",2023,25,1.96,11,"1979-2024","Scotland"
36,"Cupido minimus","Small Blue",2024,21,1.84,14,"1979-2024","Scotland"
42,"Erebia aethiops","Scotch Argus",1990,7,1.83,30,"1979-2024","Scotland"
42,"Erebia aethiops","Scotch Argus",1991,7,2.02,18,"1979-2024","Scotland"
42,"Erebia aethiops","Scotch Argus",1992,9,2.08,12,"1979-2024","Scotland"
42,"Erebia aethiops","Scotch Argus",1993,8,1.82,31,"1979-2024","Scotland"
42,"Erebia aethiops","Scotch Argus",1994,10,2.18,3,"1979-2024","Scotland"
42,"Erebia aethiops","Scotch Argus",1995,11,2.04,17,"1979-2024","Scotland"
42,"Erebia aethiops","Scotch Argus",1996,12,2.05,14,"1979-2024","Scotland"
42,"Erebia aethiops","Scotch Argus",1997,10,1.95,24,"1979-2024","Scotland"
42,"Erebia aethiops","Scotch Argus",1998,10,1.84,29,"1979-2024","Scotland"
42,"Erebia aethiops","Scotch Argus",1999,11,1.93,27,"1979-2024","Scotland"
42,"Erebia aethiops","Scotch Argus",2000,12,2.05,14,"1979-2024","Scotland"
42,"Erebia aethiops","Scotch Argus",2001,12,2.09,9,"1979-2024","Scotland"
42,"Erebia aethiops","Scotch Argus",2002,16,2.14,5,"1979-2024","Scotland"
42,"Erebia aethiops","Scotch Argus",2003,17,2.23,2,"1979-2024","Scotland"
42,"Erebia aethiops","Scotch Argus",2004,23,2.1,8,"1979-2024","Scotland"
42,"Erebia aethiops","Scotch Argus",2005,24,2.09,9,"1979-2024","Scotland"
42,"Erebia aethiops","Scotch Argus",2006,23,2.09,9,"1979-2024","Scotland"
42,"Erebia aethiops","Scotch Argus",2007,36,1.88,28,"1979-2024","Scotland"
42,"Erebia aethiops","Scotch Argus",2008,27,1.97,21,"1979-2024","Scotland"
42,"Erebia aethiops","Scotch Argus",2009,39,1.98,20,"1979-2024","Scotland"
42,"Erebia aethiops","Scotch Argus",2010,36,2.12,7,"1979-2024","Scotland"
42,"Erebia aethiops","Scotch Argus",2011,47,2.13,6,"1979-2024","Scotland"
42,"Erebia aethiops","Scotch Argus",2012,34,2.32,1,"1979-2024","Scotland"
42,"Erebia aethiops","Scotch Argus",2013,37,2.15,4,"1979-2024","Scotland"
42,"Erebia aethiops","Scotch Argus",2014,34,2.05,14,"1979-2024","Scotland"
42,"Erebia aethiops","Scotch Argus",2015,31,2.07,13,"1979-2024","Scotland"
42,"Erebia aethiops","Scotch Argus",2016,37,1.82,31,"1979-2024","Scotland"
42,"Erebia aethiops","Scotch Argus",2017,31,1.95,24,"1979-2024","Scotland"
42,"Erebia aethiops","Scotch Argus",2018,32,1.96,23,"1979-2024","Scotland"
42,"Erebia aethiops","Scotch Argus",2019,26,1.95,24,"1979-2024","Scotland"
42,"Erebia aethiops","Scotch Argus",2020,26,1.99,19,"1979-2024","Scotland"
42,"Erebia aethiops","Scotch Argus",2021,26,1.97,21,"1979-2024","Scotland"
42,"Erebia aethiops","Scotch Argus",2022,24,1.65,35,"1979-2024","Scotland"
42,"Erebia aethiops","Scotch Argus",2023,28,1.81,33,"1979-2024","Scotland"
42,"Erebia aethiops","Scotch Argus",2024,19,1.7,34,"1979-2024","Scotland"
50,"Euphydryas aurinia","Marsh Fritillary",2006,14,2.76,1,"1979-2024","Scotland"
50,"Euphydryas aurinia","Marsh Fritillary",2007,19,2.72,2,"1979-2024","Scotland"
50,"Euphydryas aurinia","Marsh Fritillary",2008,18,2.62,3,"1979-2024","Scotland"
50,"Euphydryas aurinia","Marsh Fritillary",2009,15,2.17,8,"1979-2024","Scotland"
50,"Euphydryas aurinia","Marsh Fritillary",2010,14,2.06,10,"1979-2024","Scotland"
50,"Euphydryas aurinia","Marsh Fritillary",2011,16,0.79,19,"1979-2024","Scotland"
50,"Euphydryas aurinia","Marsh Fritillary",2012,13,1.42,18,"1979-2024","Scotland"
50,"Euphydryas aurinia","Marsh Fritillary",2013,19,2.21,7,"1979-2024","Scotland"
50,"Euphydryas aurinia","Marsh Fritillary",2014,22,2.48,5,"1979-2024","Scotland"
50,"Euphydryas aurinia","Marsh Fritillary",2015,30,2.46,6,"1979-2024","Scotland"
50,"Euphydryas aurinia","Marsh Fritillary",2016,27,1.75,14,"1979-2024","Scotland"
50,"Euphydryas aurinia","Marsh Fritillary",2017,22,1.76,13,"1979-2024","Scotland"
50,"Euphydryas aurinia","Marsh Fritillary",2018,24,1.5,16,"1979-2024","Scotland"
50,"Euphydryas aurinia","Marsh Fritillary",2019,28,1.62,15,"1979-2024","Scotland"
50,"Euphydryas aurinia","Marsh Fritillary",2020,48,1.45,17,"1979-2024","Scotland"
50,"Euphydryas aurinia","Marsh Fritillary",2021,41,1.79,11,"1979-2024","Scotland"
50,"Euphydryas aurinia","Marsh Fritillary",2022,45,1.78,12,"1979-2024","Scotland"
50,"Euphydryas aurinia","Marsh Fritillary",2023,55,2.54,4,"1979-2024","Scotland"
50,"Euphydryas aurinia","Marsh Fritillary",2024,51,2.14,9,"1979-2024","Scotland"
48,"Hipparchia semele","Grayling",1990,11,2.63,3,"1979-2024","Scotland"
48,"Hipparchia semele","Grayling",1991,11,2.66,2,"1979-2024","Scotland"
48,"Hipparchia semele","Grayling",1992,11,2.72,1,"1979-2024","Scotland"
48,"Hipparchia semele","Grayling",1993,10,2.37,4,"1979-2024","Scotland"
48,"Hipparchia semele","Grayling",1994,10,2.35,6,"1979-2024","Scotland"
48,"Hipparchia semele","Grayling",1995,10,2.31,8,"1979-2024","Scotland"
48,"Hipparchia semele","Grayling",1996,11,2.02,20,"1979-2024","Scotland"
48,"Hipparchia semele","Grayling",1997,6,2.34,7,"1979-2024","Scotland"
48,"Hipparchia semele","Grayling",1998,7,2.18,13,"1979-2024","Scotland"
48,"Hipparchia semele","Grayling",1999,9,2.12,16,"1979-2024","Scotland"
48,"Hipparchia semele","Grayling",2000,9,2.14,14,"1979-2024","Scotland"
48,"Hipparchia semele","Grayling",2001,10,2.03,19,"1979-2024","Scotland"
48,"Hipparchia semele","Grayling",2002,13,1.9,22,"1979-2024","Scotland"
48,"Hipparchia semele","Grayling",2003,14,2.13,15,"1979-2024","Scotland"
48,"Hipparchia semele","Grayling",2004,15,2.23,11,"1979-2024","Scotland"
48,"Hipparchia semele","Grayling",2005,16,2.24,10,"1979-2024","Scotland"
48,"Hipparchia semele","Grayling",2006,17,2.37,4,"1979-2024","Scotland"
48,"Hipparchia semele","Grayling",2007,16,1.89,23,"1979-2024","Scotland"
48,"Hipparchia semele","Grayling",2008,15,2.02,20,"1979-2024","Scotland"
48,"Hipparchia semele","Grayling",2009,19,2.23,11,"1979-2024","Scotland"
48,"Hipparchia semele","Grayling",2010,17,2.31,8,"1979-2024","Scotland"
48,"Hipparchia semele","Grayling",2011,23,2.05,17,"1979-2024","Scotland"
48,"Hipparchia semele","Grayling",2012,13,1.84,24,"1979-2024","Scotland"
48,"Hipparchia semele","Grayling",2013,16,2.05,17,"1979-2024","Scotland"
48,"Hipparchia semele","Grayling",2014,18,1.83,25,"1979-2024","Scotland"
48,"Hipparchia semele","Grayling",2015,15,1.61,28,"1979-2024","Scotland"
48,"Hipparchia semele","Grayling",2016,18,1.42,32,"1979-2024","Scotland"
48,"Hipparchia semele","Grayling",2017,18,1.23,35,"1979-2024","Scotland"
48,"Hipparchia semele","Grayling",2018,20,1.56,30,"1979-2024","Scotland"
48,"Hipparchia semele","Grayling",2019,21,1.59,29,"1979-2024","Scotland"
48,"Hipparchia semele","Grayling",2020,19,1.42,32,"1979-2024","Scotland"
48,"Hipparchia semele","Grayling",2021,21,1.7,27,"1979-2024","Scotland"
48,"Hipparchia semele","Grayling",2022,25,1.73,26,"1979-2024","Scotland"
48,"Hipparchia semele","Grayling",2023,25,1.53,31,"1979-2024","Scotland"
48,"Hipparchia semele","Grayling",2024,20,1.24,34,"1979-2024","Scotland"
94,"Lasiommata megera","Wall",1999,4,1.92,16,"1979-2024","Scotland"
94,"Lasiommata megera","Wall",2000,5,1.74,20,"1979-2024","Scotland"
94,"Lasiommata megera","Wall",2001,4,1.64,22,"1979-2024","Scotland"
94,"Lasiommata megera","Wall",2002,5,1.24,25,"1979-2024","Scotland"
94,"Lasiommata megera","Wall",2003,8,1.61,23,"1979-2024","Scotland"
94,"Lasiommata megera","Wall",2004,11,2.06,12,"1979-2024","Scotland"
94,"Lasiommata megera","Wall",2005,8,2.2,7,"1979-2024","Scotland"
94,"Lasiommata megera","Wall",2006,10,1.82,18,"1979-2024","Scotland"
94,"Lasiommata megera","Wall",2007,10,1.96,14,"1979-2024","Scotland"
94,"Lasiommata megera","Wall",2008,8,1.09,26,"1979-2024","Scotland"
94,"Lasiommata megera","Wall",2009,18,1.67,21,"1979-2024","Scotland"
94,"Lasiommata megera","Wall",2010,17,1.58,24,"1979-2024","Scotland"
94,"Lasiommata megera","Wall",2011,28,1.96,14,"1979-2024","Scotland"
94,"Lasiommata megera","Wall",2012,20,1.87,17,"1979-2024","Scotland"
94,"Lasiommata megera","Wall",2013,19,2.07,11,"1979-2024","Scotland"
94,"Lasiommata megera","Wall",2014,27,2.18,8,"1979-2024","Scotland"
94,"Lasiommata megera","Wall",2015,28,1.81,19,"1979-2024","Scotland"
94,"Lasiommata megera","Wall",2016,24,2.06,12,"1979-2024","Scotland"
94,"Lasiommata megera","Wall",2017,27,2.14,10,"1979-2024","Scotland"
94,"Lasiommata megera","Wall",2018,32,2.66,2,"1979-2024","Scotland"
94,"Lasiommata megera","Wall",2019,34,2.54,3,"1979-2024","Scotland"
94,"Lasiommata megera","Wall",2020,22,2.45,4,"1979-2024","Scotland"
94,"Lasiommata megera","Wall",2021,32,2.87,1,"1979-2024","Scotland"
94,"Lasiommata megera","Wall",2022,41,2.4,5,"1979-2024","Scotland"
94,"Lasiommata megera","Wall",2023,45,2.28,6,"1979-2024","Scotland"
94,"Lasiommata megera","Wall",2024,40,2.18,8,"1979-2024","Scotland"
68,"Lycaena phlaeas","Small Copper",1979,9,2.39,4,"1979-2024","Scotland"
68,"Lycaena phlaeas","Small Copper",1980,9,1.92,32,"1979-2024","Scotland"
68,"Lycaena phlaeas","Small Copper",1981,9,2.17,10,"1979-2024","Scotland"
68,"Lycaena phlaeas","Small Copper",1982,9,2,26,"1979-2024","Scotland"
68,"Lycaena phlaeas","Small Copper",1983,9,2.07,20,"1979-2024","Scotland"
68,"Lycaena phlaeas","Small Copper",1984,9,2.44,2,"1979-2024","Scotland"
68,"Lycaena phlaeas","Small Copper",1985,10,2.21,9,"1979-2024","Scotland"
68,"Lycaena phlaeas","Small Copper",1986,11,2.38,5,"1979-2024","Scotland"
68,"Lycaena phlaeas","Small Copper",1987,11,1.82,35,"1979-2024","Scotland"
68,"Lycaena phlaeas","Small Copper",1988,11,1.81,36,"1979-2024","Scotland"
68,"Lycaena phlaeas","Small Copper",1989,10,1.96,30,"1979-2024","Scotland"
68,"Lycaena phlaeas","Small Copper",1990,8,2.06,21,"1979-2024","Scotland"
68,"Lycaena phlaeas","Small Copper",1991,9,2.11,16,"1979-2024","Scotland"
68,"Lycaena phlaeas","Small Copper",1992,12,2.08,18,"1979-2024","Scotland"
68,"Lycaena phlaeas","Small Copper",1993,11,2.01,24,"1979-2024","Scotland"
68,"Lycaena phlaeas","Small Copper",1994,13,2,26,"1979-2024","Scotland"
68,"Lycaena phlaeas","Small Copper",1995,13,2.1,17,"1979-2024","Scotland"
68,"Lycaena phlaeas","Small Copper",1996,16,2.44,2,"1979-2024","Scotland"
68,"Lycaena phlaeas","Small Copper",1997,17,2.59,1,"1979-2024","Scotland"
68,"Lycaena phlaeas","Small Copper",1998,17,1.86,33,"1979-2024","Scotland"
68,"Lycaena phlaeas","Small Copper",1999,21,1.64,43,"1979-2024","Scotland"
68,"Lycaena phlaeas","Small Copper",2000,23,1.67,41,"1979-2024","Scotland"
68,"Lycaena phlaeas","Small Copper",2001,24,1.49,44,"1979-2024","Scotland"
68,"Lycaena phlaeas","Small Copper",2002,29,1.26,46,"1979-2024","Scotland"
68,"Lycaena phlaeas","Small Copper",2003,41,2.08,18,"1979-2024","Scotland"
68,"Lycaena phlaeas","Small Copper",2004,46,2.02,23,"1979-2024","Scotland"
68,"Lycaena phlaeas","Small Copper",2005,47,2.16,11,"1979-2024","Scotland"
68,"Lycaena phlaeas","Small Copper",2006,57,2.22,8,"1979-2024","Scotland"
68,"Lycaena phlaeas","Small Copper",2007,60,2.03,22,"1979-2024","Scotland"
68,"Lycaena phlaeas","Small Copper",2008,61,2.01,24,"1979-2024","Scotland"
68,"Lycaena phlaeas","Small Copper",2009,88,2.16,11,"1979-2024","Scotland"
68,"Lycaena phlaeas","Small Copper",2010,87,2.14,14,"1979-2024","Scotland"
68,"Lycaena phlaeas","Small Copper",2011,96,2.3,6,"1979-2024","Scotland"
68,"Lycaena phlaeas","Small Copper",2012,88,2.23,7,"1979-2024","Scotland"
68,"Lycaena phlaeas","Small Copper",2013,94,1.98,29,"1979-2024","Scotland"
68,"Lycaena phlaeas","Small Copper",2014,106,1.8,37,"1979-2024","Scotland"
68,"Lycaena phlaeas","Small Copper",2015,103,1.93,31,"1979-2024","Scotland"
68,"Lycaena phlaeas","Small Copper",2016,105,2,26,"1979-2024","Scotland"
68,"Lycaena phlaeas","Small Copper",2017,103,1.69,40,"1979-2024","Scotland"
68,"Lycaena phlaeas","Small Copper",2018,129,2.14,14,"1979-2024","Scotland"
68,"Lycaena phlaeas","Small Copper",2019,121,2.15,13,"1979-2024","Scotland"
68,"Lycaena phlaeas","Small Copper",2020,98,1.76,38,"1979-2024","Scotland"
68,"Lycaena phlaeas","Small Copper",2021,137,1.86,33,"1979-2024","Scotland"
68,"Lycaena phlaeas","Small Copper",2022,156,1.65,42,"1979-2024","Scotland"
68,"Lycaena phlaeas","Small Copper",2023,159,1.71,39,"1979-2024","Scotland"
68,"Lycaena phlaeas","Small Copper",2024,130,1.49,44,"1979-2024","Scotland"
75,"Maniola jurtina","Meadow Brown",1979,11,1.51,46,"1979-2024","Scotland"
75,"Maniola jurtina","Meadow Brown",1980,10,1.53,45,"1979-2024","Scotland"
75,"Maniola jurtina","Meadow Brown",1981,11,1.67,43,"1979-2024","Scotland"
75,"Maniola jurtina","Meadow Brown",1982,10,2.06,20,"1979-2024","Scotland"
75,"Maniola jurtina","Meadow Brown",1983,11,2.34,2,"1979-2024","Scotland"
75,"Maniola jurtina","Meadow Brown",1984,10,2.17,11,"1979-2024","Scotland"
75,"Maniola jurtina","Meadow Brown",1985,11,2.02,27,"1979-2024","Scotland"
75,"Maniola jurtina","Meadow Brown",1986,12,2.05,21,"1979-2024","Scotland"
75,"Maniola jurtina","Meadow Brown",1987,12,1.71,42,"1979-2024","Scotland"
75,"Maniola jurtina","Meadow Brown",1988,13,1.75,40,"1979-2024","Scotland"
75,"Maniola jurtina","Meadow Brown",1989,15,1.91,32,"1979-2024","Scotland"
75,"Maniola jurtina","Meadow Brown",1990,14,2.19,10,"1979-2024","Scotland"
75,"Maniola jurtina","Meadow Brown",1991,15,2.37,1,"1979-2024","Scotland"
75,"Maniola jurtina","Meadow Brown",1992,17,2.23,9,"1979-2024","Scotland"
75,"Maniola jurtina","Meadow Brown",1993,17,2.09,17,"1979-2024","Scotland"
75,"Maniola jurtina","Meadow Brown",1994,18,1.8,37,"1979-2024","Scotland"
75,"Maniola jurtina","Meadow Brown",1995,19,2.1,15,"1979-2024","Scotland"
75,"Maniola jurtina","Meadow Brown",1996,22,2.25,4,"1979-2024","Scotland"
75,"Maniola jurtina","Meadow Brown",1997,21,2.25,4,"1979-2024","Scotland"
75,"Maniola jurtina","Meadow Brown",1998,23,2.24,7,"1979-2024","Scotland"
75,"Maniola jurtina","Meadow Brown",1999,26,1.86,33,"1979-2024","Scotland"
75,"Maniola jurtina","Meadow Brown",2000,28,2,28,"1979-2024","Scotland"
75,"Maniola jurtina","Meadow Brown",2001,30,1.82,35,"1979-2024","Scotland"
75,"Maniola jurtina","Meadow Brown",2002,38,1.85,34,"1979-2024","Scotland"
75,"Maniola jurtina","Meadow Brown",2003,50,2.08,18,"1979-2024","Scotland"
75,"Maniola jurtina","Meadow Brown",2004,58,2.17,11,"1979-2024","Scotland"
75,"Maniola jurtina","Meadow Brown",2005,58,2.3,3,"1979-2024","Scotland"
75,"Maniola jurtina","Meadow Brown",2006,69,2.25,4,"1979-2024","Scotland"
75,"Maniola jurtina","Meadow Brown",2007,79,2.05,21,"1979-2024","Scotland"
75,"Maniola jurtina","Meadow Brown",2008,75,2.07,19,"1979-2024","Scotland"
75,"Maniola jurtina","Meadow Brown",2009,127,1.97,29,"1979-2024","Scotland"
75,"Maniola jurtina","Meadow Brown",2010,115,2.03,23,"1979-2024","Scotland"
75,"Maniola jurtina","Meadow Brown",2011,152,1.76,39,"1979-2024","Scotland"
75,"Maniola jurtina","Meadow Brown",2012,121,1.8,37,"1979-2024","Scotland"
75,"Maniola jurtina","Meadow Brown",2013,141,1.96,30,"1979-2024","Scotland"
75,"Maniola jurtina","Meadow Brown",2014,147,2.1,15,"1979-2024","Scotland"
75,"Maniola jurtina","Meadow Brown",2015,140,2.03,23,"1979-2024","Scotland"
75,"Maniola jurtina","Meadow Brown",2016,144,1.81,36,"1979-2024","Scotland"
75,"Maniola jurtina","Meadow Brown",2017,139,1.59,44,"1979-2024","Scotland"
75,"Maniola jurtina","Meadow Brown",2018,161,1.75,40,"1979-2024","Scotland"
75,"Maniola jurtina","Meadow Brown",2019,153,2.03,23,"1979-2024","Scotland"
75,"Maniola jurtina","Meadow Brown",2020,119,2.03,23,"1979-2024","Scotland"
75,"Maniola jurtina","Meadow Brown",2021,173,2.13,14,"1979-2024","Scotland"
75,"Maniola jurtina","Meadow Brown",2022,192,2.14,13,"1979-2024","Scotland"
75,"Maniola jurtina","Meadow Brown",2023,190,2.24,7,"1979-2024","Scotland"
75,"Maniola jurtina","Meadow Brown",2024,179,1.94,31,"1979-2024","Scotland"
93,"Pararge aegeria","Speckled Wood",2001,19,1.85,18,"1979-2024","Scotland"
93,"Pararge aegeria","Speckled Wood",2002,22,1.62,24,"1979-2024","Scotland"
93,"Pararge aegeria","Speckled Wood",2003,26,2.02,9,"1979-2024","Scotland"
93,"Pararge aegeria","Speckled Wood",2004,32,1.84,19,"1979-2024","Scotland"
93,"Pararge aegeria","Speckled Wood",2005,31,1.67,23,"1979-2024","Scotland"
93,"Pararge aegeria","Speckled Wood",2006,38,1.79,20,"1979-2024","Scotland"
93,"Pararge aegeria","Speckled Wood",2007,46,1.97,10,"1979-2024","Scotland"
93,"Pararge aegeria","Speckled Wood",2008,42,1.87,16,"1979-2024","Scotland"
93,"Pararge aegeria","Speckled Wood",2009,60,1.94,11,"1979-2024","Scotland"
93,"Pararge aegeria","Speckled Wood",2010,62,1.87,16,"1979-2024","Scotland"
93,"Pararge aegeria","Speckled Wood",2011,66,1.93,14,"1979-2024","Scotland"
93,"Pararge aegeria","Speckled Wood",2012,57,1.79,20,"1979-2024","Scotland"
93,"Pararge aegeria","Speckled Wood",2013,79,1.94,11,"1979-2024","Scotland"
93,"Pararge aegeria","Speckled Wood",2014,89,1.94,11,"1979-2024","Scotland"
93,"Pararge aegeria","Speckled Wood",2015,85,1.7,22,"1979-2024","Scotland"
93,"Pararge aegeria","Speckled Wood",2016,85,1.92,15,"1979-2024","Scotland"
93,"Pararge aegeria","Speckled Wood",2017,81,2.05,8,"1979-2024","Scotland"
93,"Pararge aegeria","Speckled Wood",2018,89,2.13,6,"1979-2024","Scotland"
93,"Pararge aegeria","Speckled Wood",2019,87,2.22,4,"1979-2024","Scotland"
93,"Pararge aegeria","Speckled Wood",2020,67,2.07,7,"1979-2024","Scotland"
93,"Pararge aegeria","Speckled Wood",2021,94,2.14,5,"1979-2024","Scotland"
93,"Pararge aegeria","Speckled Wood",2022,112,2.38,3,"1979-2024","Scotland"
93,"Pararge aegeria","Speckled Wood",2023,116,2.72,1,"1979-2024","Scotland"
93,"Pararge aegeria","Speckled Wood",2024,122,2.65,2,"1979-2024","Scotland"
98,"Pieris brassicae","Large White",1979,11,2.33,5,"1979-2024","Scotland"
98,"Pieris brassicae","Large White",1980,10,2.03,26,"1979-2024","Scotland"
98,"Pieris brassicae","Large White",1981,10,1.93,31,"1979-2024","Scotland"
98,"Pieris brassicae","Large White",1982,10,2.11,19,"1979-2024","Scotland"
98,"Pieris brassicae","Large White",1983,11,2.14,16,"1979-2024","Scotland"
98,"Pieris brassicae","Large White",1984,10,1.68,40,"1979-2024","Scotland"
98,"Pieris brassicae","Large White",1985,11,1.77,35,"1979-2024","Scotland"
98,"Pieris brassicae","Large White",1986,12,1.31,46,"1979-2024","Scotland"
98,"Pieris brassicae","Large White",1987,12,1.49,43,"1979-2024","Scotland"
98,"Pieris brassicae","Large White",1988,13,1.47,44,"1979-2024","Scotland"
98,"Pieris brassicae","Large White",1989,14,1.98,29,"1979-2024","Scotland"
98,"Pieris brassicae","Large White",1990,11,1.74,36,"1979-2024","Scotland"
98,"Pieris brassicae","Large White",1991,13,1.99,28,"1979-2024","Scotland"
98,"Pieris brassicae","Large White",1992,15,1.69,39,"1979-2024","Scotland"
98,"Pieris brassicae","Large White",1993,16,1.39,45,"1979-2024","Scotland"
98,"Pieris brassicae","Large White",1994,16,1.7,38,"1979-2024","Scotland"
98,"Pieris brassicae","Large White",1995,17,2.24,10,"1979-2024","Scotland"
98,"Pieris brassicae","Large White",1996,20,2.14,16,"1979-2024","Scotland"
98,"Pieris brassicae","Large White",1997,20,2.42,1,"1979-2024","Scotland"
98,"Pieris brassicae","Large White",1998,21,2.33,5,"1979-2024","Scotland"
98,"Pieris brassicae","Large White",1999,25,2.08,22,"1979-2024","Scotland"
98,"Pieris brassicae","Large White",2000,27,2.04,25,"1979-2024","Scotland"
98,"Pieris brassicae","Large White",2001,27,2.16,14,"1979-2024","Scotland"
98,"Pieris brassicae","Large White",2002,32,2,27,"1979-2024","Scotland"
98,"Pieris brassicae","Large White",2003,46,2.24,10,"1979-2024","Scotland"
98,"Pieris brassicae","Large White",2004,51,2.14,16,"1979-2024","Scotland"
98,"Pieris brassicae","Large White",2005,52,2.07,23,"1979-2024","Scotland"
98,"Pieris brassicae","Large White",2006,63,2.34,4,"1979-2024","Scotland"
98,"Pieris brassicae","Large White",2007,71,2.06,24,"1979-2024","Scotland"
98,"Pieris brassicae","Large White",2008,69,1.93,31,"1979-2024","Scotland"
98,"Pieris brassicae","Large White",2009,111,2.31,7,"1979-2024","Scotland"
98,"Pieris brassicae","Large White",2010,105,2.35,3,"1979-2024","Scotland"
98,"Pieris brassicae","Large White",2011,119,1.86,33,"1979-2024","Scotland"
98,"Pieris brassicae","Large White",2012,96,1.74,36,"1979-2024","Scotland"
98,"Pieris brassicae","Large White",2013,117,2.24,10,"1979-2024","Scotland"
98,"Pieris brassicae","Large White",2014,129,2.22,13,"1979-2024","Scotland"
98,"Pieris brassicae","Large White",2015,123,1.67,41,"1979-2024","Scotland"
98,"Pieris brassicae","Large White",2016,123,1.57,42,"1979-2024","Scotland"
98,"Pieris brassicae","Large White",2017,119,1.86,33,"1979-2024","Scotland"
98,"Pieris brassicae","Large White",2018,145,2.42,1,"1979-2024","Scotland"
98,"Pieris brassicae","Large White",2019,140,2.25,9,"1979-2024","Scotland"
98,"Pieris brassicae","Large White",2020,108,1.94,30,"1979-2024","Scotland"
98,"Pieris brassicae","Large White",2021,154,2.16,14,"1979-2024","Scotland"
98,"Pieris brassicae","Large White",2022,174,2.11,19,"1979-2024","Scotland"
98,"Pieris brassicae","Large White",2023,173,2.27,8,"1979-2024","Scotland"
98,"Pieris brassicae","Large White",2024,163,2.11,19,"1979-2024","Scotland"
99,"Pieris napi","Green-veined White",1979,12,1.95,27,"1979-2024","Scotland"
99,"Pieris napi","Green-veined White",1980,10,1.89,34,"1979-2024","Scotland"
99,"Pieris napi","Green-veined White",1981,12,2.01,20,"1979-2024","Scotland"
99,"Pieris napi","Green-veined White",1982,11,2.22,4,"1979-2024","Scotland"
99,"Pieris napi","Green-veined White",1983,11,2.08,17,"1979-2024","Scotland"
99,"Pieris napi","Green-veined White",1984,11,2.07,18,"1979-2024","Scotland"
99,"Pieris napi","Green-veined White",1985,12,1.86,37,"1979-2024","Scotland"
99,"Pieris napi","Green-veined White",1986,13,2.24,3,"1979-2024","Scotland"
99,"Pieris napi","Green-veined White",1987,13,2.17,8,"1979-2024","Scotland"
99,"Pieris napi","Green-veined White",1988,14,2.18,7,"1979-2024","Scotland"
99,"Pieris napi","Green-veined White",1989,16,2.12,11,"1979-2024","Scotland"
99,"Pieris napi","Green-veined White",1990,13,2.01,20,"1979-2024","Scotland"
99,"Pieris napi","Green-veined White",1991,15,1.92,29,"1979-2024","Scotland"
99,"Pieris napi","Green-veined White",1992,18,1.94,28,"1979-2024","Scotland"
99,"Pieris napi","Green-veined White",1993,17,1.77,43,"1979-2024","Scotland"
99,"Pieris napi","Green-veined White",1994,19,1.81,40,"1979-2024","Scotland"
99,"Pieris napi","Green-veined White",1995,20,2.11,14,"1979-2024","Scotland"
99,"Pieris napi","Green-veined White",1996,23,1.99,23,"1979-2024","Scotland"
99,"Pieris napi","Green-veined White",1997,22,1.87,36,"1979-2024","Scotland"
99,"Pieris napi","Green-veined White",1998,23,1.81,40,"1979-2024","Scotland"
99,"Pieris napi","Green-veined White",1999,27,1.99,23,"1979-2024","Scotland"
99,"Pieris napi","Green-veined White",2000,29,2.13,9,"1979-2024","Scotland"
99,"Pieris napi","Green-veined White",2001,31,2.13,9,"1979-2024","Scotland"
99,"Pieris napi","Green-veined White",2002,38,2.02,19,"1979-2024","Scotland"
99,"Pieris napi","Green-veined White",2003,49,2.11,14,"1979-2024","Scotland"
99,"Pieris napi","Green-veined White",2004,60,1.99,23,"1979-2024","Scotland"
99,"Pieris napi","Green-veined White",2005,59,1.92,29,"1979-2024","Scotland"
99,"Pieris napi","Green-veined White",2006,70,1.97,26,"1979-2024","Scotland"
99,"Pieris napi","Green-veined White",2007,80,1.83,39,"1979-2024","Scotland"
99,"Pieris napi","Green-veined White",2008,77,1.78,42,"1979-2024","Scotland"
99,"Pieris napi","Green-veined White",2009,131,2.2,6,"1979-2024","Scotland"
99,"Pieris napi","Green-veined White",2010,125,2.11,14,"1979-2024","Scotland"
99,"Pieris napi","Green-veined White",2011,167,2.01,20,"1979-2024","Scotland"
99,"Pieris napi","Green-veined White",2012,132,1.91,33,"1979-2024","Scotland"
99,"Pieris napi","Green-veined White",2013,159,2.29,1,"1979-2024","Scotland"
99,"Pieris napi","Green-veined White",2014,164,2.26,2,"1979-2024","Scotland"
99,"Pieris napi","Green-veined White",2015,153,1.77,43,"1979-2024","Scotland"
99,"Pieris napi","Green-veined White",2016,169,1.92,29,"1979-2024","Scotland"
99,"Pieris napi","Green-veined White",2017,160,2.12,11,"1979-2024","Scotland"
99,"Pieris napi","Green-veined White",2018,185,2.21,5,"1979-2024","Scotland"
99,"Pieris napi","Green-veined White",2019,165,2.12,11,"1979-2024","Scotland"
99,"Pieris napi","Green-veined White",2020,129,1.89,34,"1979-2024","Scotland"
99,"Pieris napi","Green-veined White",2021,189,1.92,29,"1979-2024","Scotland"
99,"Pieris napi","Green-veined White",2022,202,1.85,38,"1979-2024","Scotland"
99,"Pieris napi","Green-veined White",2023,198,1.76,45,"1979-2024","Scotland"
99,"Pieris napi","Green-veined White",2024,184,1.75,46,"1979-2024","Scotland"
100,"Pieris rapae","Small White",1979,10,2.13,17,"1979-2024","Scotland"
100,"Pieris rapae","Small White",1980,9,1.7,40,"1979-2024","Scotland"
100,"Pieris rapae","Small White",1981,9,1.63,42,"1979-2024","Scotland"
100,"Pieris rapae","Small White",1982,9,2.13,17,"1979-2024","Scotland"
100,"Pieris rapae","Small White",1983,10,2.34,6,"1979-2024","Scotland"
100,"Pieris rapae","Small White",1984,9,1.84,33,"1979-2024","Scotland"
100,"Pieris rapae","Small White",1985,10,1.74,39,"1979-2024","Scotland"
100,"Pieris rapae","Small White",1986,11,1.53,43,"1979-2024","Scotland"
100,"Pieris rapae","Small White",1987,11,1.68,41,"1979-2024","Scotland"
100,"Pieris rapae","Small White",1988,11,1.76,37,"1979-2024","Scotland"
100,"Pieris rapae","Small White",1989,12,1.95,26,"1979-2024","Scotland"
100,"Pieris rapae","Small White",1990,9,2.46,1,"1979-2024","Scotland"
100,"Pieris rapae","Small White",1991,10,1.93,28,"1979-2024","Scotland"
100,"Pieris rapae","Small White",1992,12,2.26,11,"1979-2024","Scotland"
100,"Pieris rapae","Small White",1993,12,1.24,46,"1979-2024","Scotland"
100,"Pieris rapae","Small White",1994,14,1.85,32,"1979-2024","Scotland"
100,"Pieris rapae","Small White",1995,14,2.29,10,"1979-2024","Scotland"
100,"Pieris rapae","Small White",1996,17,2.02,22,"1979-2024","Scotland"
100,"Pieris rapae","Small White",1997,17,1.83,34,"1979-2024","Scotland"
100,"Pieris rapae","Small White",1998,18,1.97,25,"1979-2024","Scotland"
100,"Pieris rapae","Small White",1999,22,1.4,45,"1979-2024","Scotland"
100,"Pieris rapae","Small White",2000,24,1.53,43,"1979-2024","Scotland"
100,"Pieris rapae","Small White",2001,26,2.08,19,"1979-2024","Scotland"
100,"Pieris rapae","Small White",2002,29,2.04,21,"1979-2024","Scotland"
100,"Pieris rapae","Small White",2003,42,2.42,3,"1979-2024","Scotland"
100,"Pieris rapae","Small White",2004,48,2.33,7,"1979-2024","Scotland"
100,"Pieris rapae","Small White",2005,47,2.33,7,"1979-2024","Scotland"
100,"Pieris rapae","Small White",2006,58,2.37,4,"1979-2024","Scotland"
100,"Pieris rapae","Small White",2007,66,1.9,30,"1979-2024","Scotland"
100,"Pieris rapae","Small White",2008,65,1.91,29,"1979-2024","Scotland"
100,"Pieris rapae","Small White",2009,106,2.32,9,"1979-2024","Scotland"
100,"Pieris rapae","Small White",2010,97,2.36,5,"1979-2024","Scotland"
100,"Pieris rapae","Small White",2011,111,1.95,26,"1979-2024","Scotland"
100,"Pieris rapae","Small White",2012,99,1.9,30,"1979-2024","Scotland"
100,"Pieris rapae","Small White",2013,111,2.24,12,"1979-2024","Scotland"
100,"Pieris rapae","Small White",2014,118,2.2,13,"1979-2024","Scotland"
100,"Pieris rapae","Small White",2015,116,1.82,35,"1979-2024","Scotland"
100,"Pieris rapae","Small White",2016,115,1.76,37,"1979-2024","Scotland"
100,"Pieris rapae","Small White",2017,114,1.82,35,"1979-2024","Scotland"
100,"Pieris rapae","Small White",2018,139,2.45,2,"1979-2024","Scotland"
100,"Pieris rapae","Small White",2019,135,2.15,16,"1979-2024","Scotland"
100,"Pieris rapae","Small White",2020,113,2.01,24,"1979-2024","Scotland"
100,"Pieris rapae","Small White",2021,165,2.05,20,"1979-2024","Scotland"
100,"Pieris rapae","Small White",2022,184,2.19,14,"1979-2024","Scotland"
100,"Pieris rapae","Small White",2023,177,2.17,15,"1979-2024","Scotland"
100,"Pieris rapae","Small White",2024,167,2.02,22,"1979-2024","Scotland"
104,"Polygonia c-album","Comma",2006,24,1.24,18,"1979-2024","Scotland"
104,"Polygonia c-album","Comma",2007,30,1.77,17,"1979-2024","Scotland"
104,"Polygonia c-album","Comma",2008,31,2,13,"1979-2024","Scotland"
104,"Polygonia c-album","Comma",2009,46,2.05,10,"1979-2024","Scotland"
104,"Polygonia c-album","Comma",2010,45,2.22,5,"1979-2024","Scotland"
104,"Polygonia c-album","Comma",2011,48,2.29,4,"1979-2024","Scotland"
104,"Polygonia c-album","Comma",2012,42,1.13,19,"1979-2024","Scotland"
104,"Polygonia c-album","Comma",2013,46,2.13,8,"1979-2024","Scotland"
104,"Polygonia c-album","Comma",2014,48,2.31,2,"1979-2024","Scotland"
104,"Polygonia c-album","Comma",2015,53,2.16,7,"1979-2024","Scotland"
104,"Polygonia c-album","Comma",2016,49,1.89,16,"1979-2024","Scotland"
104,"Polygonia c-album","Comma",2017,55,2.03,11,"1979-2024","Scotland"
104,"Polygonia c-album","Comma",2018,66,2.31,2,"1979-2024","Scotland"
104,"Polygonia c-album","Comma",2019,64,2.1,9,"1979-2024","Scotland"
104,"Polygonia c-album","Comma",2020,52,2.01,12,"1979-2024","Scotland"
104,"Polygonia c-album","Comma",2021,74,1.9,15,"1979-2024","Scotland"
104,"Polygonia c-album","Comma",2022,84,1.91,14,"1979-2024","Scotland"
104,"Polygonia c-album","Comma",2023,87,2.36,1,"1979-2024","Scotland"
104,"Polygonia c-album","Comma",2024,79,2.19,6,"1979-2024","Scotland"
106,"Polyommatus icarus","Common Blue",1979,11,1.85,32,"1979-2024","Scotland"
106,"Polyommatus icarus","Common Blue",1980,10,1.65,43,"1979-2024","Scotland"
106,"Polyommatus icarus","Common Blue",1981,11,1.32,46,"1979-2024","Scotland"
106,"Polyommatus icarus","Common Blue",1982,11,2.02,21,"1979-2024","Scotland"
106,"Polyommatus icarus","Common Blue",1983,12,2.13,13,"1979-2024","Scotland"
106,"Polyommatus icarus","Common Blue",1984,11,2.43,4,"1979-2024","Scotland"
106,"Polyommatus icarus","Common Blue",1985,13,1.93,27,"1979-2024","Scotland"
106,"Polyommatus icarus","Common Blue",1986,13,1.79,36,"1979-2024","Scotland"
106,"Polyommatus icarus","Common Blue",1987,13,1.48,45,"1979-2024","Scotland"
106,"Polyommatus icarus","Common Blue",1988,14,1.52,44,"1979-2024","Scotland"
106,"Polyommatus icarus","Common Blue",1989,17,2.2,10,"1979-2024","Scotland"
106,"Polyommatus icarus","Common Blue",1990,14,2.24,8,"1979-2024","Scotland"
106,"Polyommatus icarus","Common Blue",1991,15,2.54,2,"1979-2024","Scotland"
106,"Polyommatus icarus","Common Blue",1992,18,2.66,1,"1979-2024","Scotland"
106,"Polyommatus icarus","Common Blue",1993,17,2.01,25,"1979-2024","Scotland"
106,"Polyommatus icarus","Common Blue",1994,18,1.7,42,"1979-2024","Scotland"
106,"Polyommatus icarus","Common Blue",1995,19,1.85,32,"1979-2024","Scotland"
106,"Polyommatus icarus","Common Blue",1996,22,1.71,41,"1979-2024","Scotland"
106,"Polyommatus icarus","Common Blue",1997,20,2.09,18,"1979-2024","Scotland"
106,"Polyommatus icarus","Common Blue",1998,21,2.48,3,"1979-2024","Scotland"
106,"Polyommatus icarus","Common Blue",1999,25,2.27,7,"1979-2024","Scotland"
106,"Polyommatus icarus","Common Blue",2000,26,1.77,37,"1979-2024","Scotland"
106,"Polyommatus icarus","Common Blue",2001,29,1.76,38,"1979-2024","Scotland"
106,"Polyommatus icarus","Common Blue",2002,35,1.75,39,"1979-2024","Scotland"
106,"Polyommatus icarus","Common Blue",2003,46,2.18,11,"1979-2024","Scotland"
106,"Polyommatus icarus","Common Blue",2004,52,2.31,6,"1979-2024","Scotland"
106,"Polyommatus icarus","Common Blue",2005,51,2.36,5,"1979-2024","Scotland"
106,"Polyommatus icarus","Common Blue",2006,60,2.16,12,"1979-2024","Scotland"
106,"Polyommatus icarus","Common Blue",2007,69,1.75,39,"1979-2024","Scotland"
106,"Polyommatus icarus","Common Blue",2008,64,1.89,30,"1979-2024","Scotland"
106,"Polyommatus icarus","Common Blue",2009,88,2.13,13,"1979-2024","Scotland"
106,"Polyommatus icarus","Common Blue",2010,83,2.06,19,"1979-2024","Scotland"
106,"Polyommatus icarus","Common Blue",2011,91,2.02,21,"1979-2024","Scotland"
106,"Polyommatus icarus","Common Blue",2012,75,2.02,21,"1979-2024","Scotland"
106,"Polyommatus icarus","Common Blue",2013,92,2.24,8,"1979-2024","Scotland"
106,"Polyommatus icarus","Common Blue",2014,100,2.01,25,"1979-2024","Scotland"
106,"Polyommatus icarus","Common Blue",2015,102,2.05,20,"1979-2024","Scotland"
106,"Polyommatus icarus","Common Blue",2016,96,1.91,28,"1979-2024","Scotland"
106,"Polyommatus icarus","Common Blue",2017,89,1.9,29,"1979-2024","Scotland"
106,"Polyommatus icarus","Common Blue",2018,111,2.02,21,"1979-2024","Scotland"
106,"Polyommatus icarus","Common Blue",2019,103,2.11,15,"1979-2024","Scotland"
106,"Polyommatus icarus","Common Blue",2020,84,2.11,15,"1979-2024","Scotland"
106,"Polyommatus icarus","Common Blue",2021,115,2.1,17,"1979-2024","Scotland"
106,"Polyommatus icarus","Common Blue",2022,130,1.82,35,"1979-2024","Scotland"
106,"Polyommatus icarus","Common Blue",2023,129,1.85,32,"1979-2024","Scotland"
106,"Polyommatus icarus","Common Blue",2024,110,1.89,30,"1979-2024","Scotland"
12,"Speyeria aglaja","Dark Green Fritillary",1979,9,2.23,6,"1979-2024","Scotland"
12,"Speyeria aglaja","Dark Green Fritillary",1980,8,2.13,13,"1979-2024","Scotland"
12,"Speyeria aglaja","Dark Green Fritillary",1981,10,1.78,41,"1979-2024","Scotland"
12,"Speyeria aglaja","Dark Green Fritillary",1982,9,2.18,7,"1979-2024","Scotland"
12,"Speyeria aglaja","Dark Green Fritillary",1983,10,2.03,21,"1979-2024","Scotland"
12,"Speyeria aglaja","Dark Green Fritillary",1984,9,2.45,1,"1979-2024","Scotland"
12,"Speyeria aglaja","Dark Green Fritillary",1985,10,2.26,5,"1979-2024","Scotland"
12,"Speyeria aglaja","Dark Green Fritillary",1986,12,1.91,31,"1979-2024","Scotland"
12,"Speyeria aglaja","Dark Green Fritillary",1987,12,1.88,35,"1979-2024","Scotland"
12,"Speyeria aglaja","Dark Green Fritillary",1988,13,1.45,46,"1979-2024","Scotland"
12,"Speyeria aglaja","Dark Green Fritillary",1989,15,1.62,45,"1979-2024","Scotland"
12,"Speyeria aglaja","Dark Green Fritillary",1990,13,1.84,39,"1979-2024","Scotland"
12,"Speyeria aglaja","Dark Green Fritillary",1991,14,1.99,24,"1979-2024","Scotland"
12,"Speyeria aglaja","Dark Green Fritillary",1992,17,2.1,16,"1979-2024","Scotland"
12,"Speyeria aglaja","Dark Green Fritillary",1993,17,1.74,42,"1979-2024","Scotland"
12,"Speyeria aglaja","Dark Green Fritillary",1994,18,1.68,43,"1979-2024","Scotland"
12,"Speyeria aglaja","Dark Green Fritillary",1995,20,1.89,33,"1979-2024","Scotland"
12,"Speyeria aglaja","Dark Green Fritillary",1996,23,1.95,28,"1979-2024","Scotland"
12,"Speyeria aglaja","Dark Green Fritillary",1997,21,2.18,7,"1979-2024","Scotland"
12,"Speyeria aglaja","Dark Green Fritillary",1998,21,2.06,18,"1979-2024","Scotland"
12,"Speyeria aglaja","Dark Green Fritillary",1999,22,1.67,44,"1979-2024","Scotland"
12,"Speyeria aglaja","Dark Green Fritillary",2000,23,1.95,28,"1979-2024","Scotland"
12,"Speyeria aglaja","Dark Green Fritillary",2001,24,1.98,25,"1979-2024","Scotland"
12,"Speyeria aglaja","Dark Green Fritillary",2002,30,1.89,33,"1979-2024","Scotland"
12,"Speyeria aglaja","Dark Green Fritillary",2003,35,1.88,35,"1979-2024","Scotland"
12,"Speyeria aglaja","Dark Green Fritillary",2004,38,1.87,37,"1979-2024","Scotland"
12,"Speyeria aglaja","Dark Green Fritillary",2005,43,2.07,17,"1979-2024","Scotland"
12,"Speyeria aglaja","Dark Green Fritillary",2006,44,2.13,13,"1979-2024","Scotland"
12,"Speyeria aglaja","Dark Green Fritillary",2007,55,2.14,11,"1979-2024","Scotland"
12,"Speyeria aglaja","Dark Green Fritillary",2008,49,2.16,10,"1979-2024","Scotland"
12,"Speyeria aglaja","Dark Green Fritillary",2009,77,2.28,4,"1979-2024","Scotland"
12,"Speyeria aglaja","Dark Green Fritillary",2010,68,2.3,3,"1979-2024","Scotland"
12,"Speyeria aglaja","Dark Green Fritillary",2011,78,2.17,9,"1979-2024","Scotland"
12,"Speyeria aglaja","Dark Green Fritillary",2012,62,2.04,20,"1979-2024","Scotland"
12,"Speyeria aglaja","Dark Green Fritillary",2013,69,2.35,2,"1979-2024","Scotland"
12,"Speyeria aglaja","Dark Green Fritillary",2014,75,1.96,26,"1979-2024","Scotland"
12,"Speyeria aglaja","Dark Green Fritillary",2015,70,1.87,37,"1979-2024","Scotland"
12,"Speyeria aglaja","Dark Green Fritillary",2016,76,1.93,30,"1979-2024","Scotland"
12,"Speyeria aglaja","Dark Green Fritillary",2017,75,1.82,40,"1979-2024","Scotland"
12,"Speyeria aglaja","Dark Green Fritillary",2018,83,2,23,"1979-2024","Scotland"
12,"Speyeria aglaja","Dark Green Fritillary",2019,74,2.13,13,"1979-2024","Scotland"
12,"Speyeria aglaja","Dark Green Fritillary",2020,64,2.06,18,"1979-2024","Scotland"
12,"Speyeria aglaja","Dark Green Fritillary",2021,79,2.14,11,"1979-2024","Scotland"
12,"Speyeria aglaja","Dark Green Fritillary",2022,86,2.01,22,"1979-2024","Scotland"
12,"Speyeria aglaja","Dark Green Fritillary",2023,86,1.9,32,"1979-2024","Scotland"
12,"Speyeria aglaja","Dark Green Fritillary",2024,69,1.96,26,"1979-2024","Scotland"
122,"Vanessa atalanta","Red Admiral",1980,9,1.79,32,"1979-2024","Scotland"
122,"Vanessa atalanta","Red Admiral",1982,10,1.97,28,"1979-2024","Scotland"
122,"Vanessa atalanta","Red Admiral",1983,11,1.21,40,"1979-2024","Scotland"
122,"Vanessa atalanta","Red Admiral",1984,10,1.48,38,"1979-2024","Scotland"
122,"Vanessa atalanta","Red Admiral",1985,12,0.95,42,"1979-2024","Scotland"
122,"Vanessa atalanta","Red Admiral",1986,12,0.65,44,"1979-2024","Scotland"
122,"Vanessa atalanta","Red Admiral",1987,12,1.05,41,"1979-2024","Scotland"
122,"Vanessa atalanta","Red Admiral",1988,13,0.91,43,"1979-2024","Scotland"
122,"Vanessa atalanta","Red Admiral",1989,16,2.17,16,"1979-2024","Scotland"
122,"Vanessa atalanta","Red Admiral",1990,13,1.64,36,"1979-2024","Scotland"
122,"Vanessa atalanta","Red Admiral",1991,15,1.73,35,"1979-2024","Scotland"
122,"Vanessa atalanta","Red Admiral",1992,18,2.51,7,"1979-2024","Scotland"
122,"Vanessa atalanta","Red Admiral",1993,18,1.97,28,"1979-2024","Scotland"
122,"Vanessa atalanta","Red Admiral",1994,19,1.76,34,"1979-2024","Scotland"
122,"Vanessa atalanta","Red Admiral",1995,20,2.45,8,"1979-2024","Scotland"
122,"Vanessa atalanta","Red Admiral",1996,23,2.06,22,"1979-2024","Scotland"
122,"Vanessa atalanta","Red Admiral",1997,21,2.45,8,"1979-2024","Scotland"
122,"Vanessa atalanta","Red Admiral",1998,23,1.64,36,"1979-2024","Scotland"
122,"Vanessa atalanta","Red Admiral",1999,25,2.11,19,"1979-2024","Scotland"
122,"Vanessa atalanta","Red Admiral",2000,27,2.17,16,"1979-2024","Scotland"
122,"Vanessa atalanta","Red Admiral",2001,30,1.78,33,"1979-2024","Scotland"
122,"Vanessa atalanta","Red Admiral",2002,39,2.25,14,"1979-2024","Scotland"
122,"Vanessa atalanta","Red Admiral",2003,51,2.63,4,"1979-2024","Scotland"
122,"Vanessa atalanta","Red Admiral",2004,59,2.11,19,"1979-2024","Scotland"
122,"Vanessa atalanta","Red Admiral",2005,58,2.09,21,"1979-2024","Scotland"
122,"Vanessa atalanta","Red Admiral",2006,69,2.66,3,"1979-2024","Scotland"
122,"Vanessa atalanta","Red Admiral",2007,75,2.01,25,"1979-2024","Scotland"
122,"Vanessa atalanta","Red Admiral",2008,74,2.23,15,"1979-2024","Scotland"
122,"Vanessa atalanta","Red Admiral",2009,120,2.33,13,"1979-2024","Scotland"
122,"Vanessa atalanta","Red Admiral",2010,110,1.93,30,"1979-2024","Scotland"
122,"Vanessa atalanta","Red Admiral",2011,135,2.34,12,"1979-2024","Scotland"
122,"Vanessa atalanta","Red Admiral",2012,107,2.01,25,"1979-2024","Scotland"
122,"Vanessa atalanta","Red Admiral",2013,127,1.47,39,"1979-2024","Scotland"
122,"Vanessa atalanta","Red Admiral",2014,134,2.36,10,"1979-2024","Scotland"
122,"Vanessa atalanta","Red Admiral",2015,132,2.01,25,"1979-2024","Scotland"
122,"Vanessa atalanta","Red Admiral",2016,134,1.85,31,"1979-2024","Scotland"
122,"Vanessa atalanta","Red Admiral",2017,137,2.7,2,"1979-2024","Scotland"
122,"Vanessa atalanta","Red Admiral",2018,157,2.14,18,"1979-2024","Scotland"
122,"Vanessa atalanta","Red Admiral",2019,152,2.58,5,"1979-2024","Scotland"
122,"Vanessa atalanta","Red Admiral",2020,119,2.55,6,"1979-2024","Scotland"
122,"Vanessa atalanta","Red Admiral",2021,170,2.05,23,"1979-2024","Scotland"
122,"Vanessa atalanta","Red Admiral",2022,195,2.35,11,"1979-2024","Scotland"
122,"Vanessa atalanta","Red Admiral",2023,189,2.87,1,"1979-2024","Scotland"
122,"Vanessa atalanta","Red Admiral",2024,170,2.02,24,"1979-2024","Scotland"
123,"Vanessa cardui","Painted Lady",1980,9,3.15,4,"1979-2024","Scotland"
123,"Vanessa cardui","Painted Lady",1982,9,1.44,33,"1979-2024","Scotland"
123,"Vanessa cardui","Painted Lady",1983,10,0.83,40,"1979-2024","Scotland"
123,"Vanessa cardui","Painted Lady",1986,11,0.87,39,"1979-2024","Scotland"
123,"Vanessa cardui","Painted Lady",1987,11,1.21,38,"1979-2024","Scotland"
123,"Vanessa cardui","Painted Lady",1988,12,2.29,13,"1979-2024","Scotland"
123,"Vanessa cardui","Painted Lady",1989,15,2.04,18,"1979-2024","Scotland"
123,"Vanessa cardui","Painted Lady",1990,13,1.48,30,"1979-2024","Scotland"
123,"Vanessa cardui","Painted Lady",1991,14,2.41,11,"1979-2024","Scotland"
123,"Vanessa cardui","Painted Lady",1992,16,2.51,9,"1979-2024","Scotland"
123,"Vanessa cardui","Painted Lady",1994,18,0.72,41,"1979-2024","Scotland"
123,"Vanessa cardui","Painted Lady",1995,18,2.27,14,"1979-2024","Scotland"
123,"Vanessa cardui","Painted Lady",1996,21,3.06,5,"1979-2024","Scotland"
123,"Vanessa cardui","Painted Lady",1997,20,1.93,20,"1979-2024","Scotland"
123,"Vanessa cardui","Painted Lady",1998,21,2.03,19,"1979-2024","Scotland"
123,"Vanessa cardui","Painted Lady",1999,24,1.34,36,"1979-2024","Scotland"
123,"Vanessa cardui","Painted Lady",2000,26,2.46,10,"1979-2024","Scotland"
123,"Vanessa cardui","Painted Lady",2001,29,1.76,24,"1979-2024","Scotland"
123,"Vanessa cardui","Painted Lady",2002,38,1.75,25,"1979-2024","Scotland"
123,"Vanessa cardui","Painted Lady",2003,49,3.22,3,"1979-2024","Scotland"
123,"Vanessa cardui","Painted Lady",2004,58,2.86,7,"1979-2024","Scotland"
123,"Vanessa cardui","Painted Lady",2005,56,1.77,23,"1979-2024","Scotland"
123,"Vanessa cardui","Painted Lady",2006,68,2.89,6,"1979-2024","Scotland"
123,"Vanessa cardui","Painted Lady",2007,72,2.61,8,"1979-2024","Scotland"
123,"Vanessa cardui","Painted Lady",2008,71,1.48,30,"1979-2024","Scotland"
123,"Vanessa cardui","Painted Lady",2009,113,3.47,2,"1979-2024","Scotland"
123,"Vanessa cardui","Painted Lady",2010,102,1.63,28,"1979-2024","Scotland"
123,"Vanessa cardui","Painted Lady",2011,107,1.71,26,"1979-2024","Scotland"
123,"Vanessa cardui","Painted Lady",2012,92,1.35,35,"1979-2024","Scotland"
123,"Vanessa cardui","Painted Lady",2013,103,1.43,34,"1979-2024","Scotland"
123,"Vanessa cardui","Painted Lady",2014,116,1.45,32,"1979-2024","Scotland"
123,"Vanessa cardui","Painted Lady",2015,114,1.83,21,"1979-2024","Scotland"
123,"Vanessa cardui","Painted Lady",2016,117,2.37,12,"1979-2024","Scotland"
123,"Vanessa cardui","Painted Lady",2017,122,2.1,17,"1979-2024","Scotland"
123,"Vanessa cardui","Painted Lady",2018,147,2.13,16,"1979-2024","Scotland"
123,"Vanessa cardui","Painted Lady",2019,143,3.68,1,"1979-2024","Scotland"
123,"Vanessa cardui","Painted Lady",2020,101,1.53,29,"1979-2024","Scotland"
123,"Vanessa cardui","Painted Lady",2021,140,1.83,21,"1979-2024","Scotland"
123,"Vanessa cardui","Painted Lady",2022,149,2.15,15,"1979-2024","Scotland"
123,"Vanessa cardui","Painted Lady",2023,147,1.7,27,"1979-2024","Scotland"
123,"Vanessa cardui","Painted Lady",2024,129,1.25,37,"1979-2024","Scotland"
84,"Aglais io","Peacock",1976,37,1.8,44,"1976-2024","UK"
84,"Aglais io","Peacock",1977,62,1.7,49,"1976-2024","UK"
84,"Aglais io","Peacock",1978,66,1.97,27,"1976-2024","UK"
84,"Aglais io","Peacock",1979,79,2.02,22,"1976-2024","UK"
84,"Aglais io","Peacock",1980,85,1.87,39,"1976-2024","UK"
84,"Aglais io","Peacock",1981,88,1.78,45,"1976-2024","UK"
84,"Aglais io","Peacock",1982,93,2.21,4,"1976-2024","UK"
84,"Aglais io","Peacock",1983,105,2,25,"1976-2024","UK"
84,"Aglais io","Peacock",1984,115,2.13,11,"1976-2024","UK"
84,"Aglais io","Peacock",1985,124,2.14,9,"1976-2024","UK"
84,"Aglais io","Peacock",1986,132,1.85,41,"1976-2024","UK"
84,"Aglais io","Peacock",1987,154,1.92,35,"1976-2024","UK"
84,"Aglais io","Peacock",1988,175,1.94,32,"1976-2024","UK"
84,"Aglais io","Peacock",1989,207,1.95,30,"1976-2024","UK"
84,"Aglais io","Peacock",1990,234,1.96,28,"1976-2024","UK"
84,"Aglais io","Peacock",1991,263,2.09,14,"1976-2024","UK"
84,"Aglais io","Peacock",1992,288,2.36,1,"1976-2024","UK"
84,"Aglais io","Peacock",1993,323,2.09,14,"1976-2024","UK"
84,"Aglais io","Peacock",1994,347,1.93,33,"1976-2024","UK"
84,"Aglais io","Peacock",1995,412,2.01,24,"1976-2024","UK"
84,"Aglais io","Peacock",1996,449,2.28,2,"1976-2024","UK"
84,"Aglais io","Peacock",1997,482,2.22,3,"1976-2024","UK"
84,"Aglais io","Peacock",1998,490,2.09,14,"1976-2024","UK"
84,"Aglais io","Peacock",1999,517,2.04,20,"1976-2024","UK"
84,"Aglais io","Peacock",2000,567,2.14,9,"1976-2024","UK"
84,"Aglais io","Peacock",2001,529,2.17,8,"1976-2024","UK"
84,"Aglais io","Peacock",2002,638,2.03,21,"1976-2024","UK"
84,"Aglais io","Peacock",2003,710,1.96,28,"1976-2024","UK"
84,"Aglais io","Peacock",2004,738,1.92,35,"1976-2024","UK"
84,"Aglais io","Peacock",2005,763,1.95,30,"1976-2024","UK"
84,"Aglais io","Peacock",2006,839,1.93,33,"1976-2024","UK"
84,"Aglais io","Peacock",2007,1079,2.06,18,"1976-2024","UK"
84,"Aglais io","Peacock",2008,1056,1.92,35,"1976-2024","UK"
84,"Aglais io","Peacock",2009,1622,2.1,13,"1976-2024","UK"
84,"Aglais io","Peacock",2010,1598,1.98,26,"1976-2024","UK"
84,"Aglais io","Peacock",2011,1631,1.78,45,"1976-2024","UK"
84,"Aglais io","Peacock",2012,1671,1.72,48,"1976-2024","UK"
84,"Aglais io","Peacock",2013,1866,2.2,6,"1976-2024","UK"
84,"Aglais io","Peacock",2014,1964,2.21,4,"1976-2024","UK"
84,"Aglais io","Peacock",2015,2083,2.11,12,"1976-2024","UK"
84,"Aglais io","Peacock",2016,2163,1.82,43,"1976-2024","UK"
84,"Aglais io","Peacock",2017,2313,1.85,41,"1976-2024","UK"
84,"Aglais io","Peacock",2018,2456,1.73,47,"1976-2024","UK"
84,"Aglais io","Peacock",2019,2593,2.07,17,"1976-2024","UK"
84,"Aglais io","Peacock",2020,2159,2.19,7,"1976-2024","UK"
84,"Aglais io","Peacock",2021,2600,2.02,22,"1976-2024","UK"
84,"Aglais io","Peacock",2022,2804,1.87,39,"1976-2024","UK"
84,"Aglais io","Peacock",2023,2878,2.05,19,"1976-2024","UK"
84,"Aglais io","Peacock",2024,3020,1.9,38,"1976-2024","UK"
2,"Aglais urticae","Small Tortoiseshell",1976,37,2.18,17,"1976-2024","UK"
2,"Aglais urticae","Small Tortoiseshell",1977,63,2.05,22,"1976-2024","UK"
2,"Aglais urticae","Small Tortoiseshell",1978,67,2.36,8,"1976-2024","UK"
2,"Aglais urticae","Small Tortoiseshell",1979,84,2.19,16,"1976-2024","UK"
2,"Aglais urticae","Small Tortoiseshell",1980,89,2.21,14,"1976-2024","UK"
2,"Aglais urticae","Small Tortoiseshell",1981,92,1.97,27,"1976-2024","UK"
2,"Aglais urticae","Small Tortoiseshell",1982,96,2.73,1,"1976-2024","UK"
2,"Aglais urticae","Small Tortoiseshell",1983,108,2.13,19,"1976-2024","UK"
2,"Aglais urticae","Small Tortoiseshell",1984,117,2.66,2,"1976-2024","UK"
2,"Aglais urticae","Small Tortoiseshell",1985,128,2.23,12,"1976-2024","UK"
2,"Aglais urticae","Small Tortoiseshell",1986,135,1.91,31,"1976-2024","UK"
2,"Aglais urticae","Small Tortoiseshell",1987,158,2.43,6,"1976-2024","UK"
2,"Aglais urticae","Small Tortoiseshell",1988,179,2.14,18,"1976-2024","UK"
2,"Aglais urticae","Small Tortoiseshell",1989,212,2.25,11,"1976-2024","UK"
2,"Aglais urticae","Small Tortoiseshell",1990,240,2.22,13,"1976-2024","UK"
2,"Aglais urticae","Small Tortoiseshell",1991,266,2.46,5,"1976-2024","UK"
2,"Aglais urticae","Small Tortoiseshell",1992,294,2.53,4,"1976-2024","UK"
2,"Aglais urticae","Small Tortoiseshell",1993,324,1.94,30,"1976-2024","UK"
2,"Aglais urticae","Small Tortoiseshell",1994,353,2.02,25,"1976-2024","UK"
2,"Aglais urticae","Small Tortoiseshell",1995,420,2.3,10,"1976-2024","UK"
2,"Aglais urticae","Small Tortoiseshell",1996,457,2.34,9,"1976-2024","UK"
2,"Aglais urticae","Small Tortoiseshell",1997,487,2.64,3,"1976-2024","UK"
2,"Aglais urticae","Small Tortoiseshell",1998,496,2.05,22,"1976-2024","UK"
2,"Aglais urticae","Small Tortoiseshell",1999,524,1.83,33,"1976-2024","UK"
2,"Aglais urticae","Small Tortoiseshell",2000,572,1.88,32,"1976-2024","UK"
2,"Aglais urticae","Small Tortoiseshell",2001,530,2.01,26,"1976-2024","UK"
2,"Aglais urticae","Small Tortoiseshell",2002,641,2.08,21,"1976-2024","UK"
2,"Aglais urticae","Small Tortoiseshell",2003,715,2.39,7,"1976-2024","UK"
2,"Aglais urticae","Small Tortoiseshell",2004,724,2.13,19,"1976-2024","UK"
2,"Aglais urticae","Small Tortoiseshell",2005,756,1.77,37,"1976-2024","UK"
2,"Aglais urticae","Small Tortoiseshell",2006,821,1.66,41,"1976-2024","UK"
2,"Aglais urticae","Small Tortoiseshell",2007,1044,1.67,40,"1976-2024","UK"
2,"Aglais urticae","Small Tortoiseshell",2008,1033,1.45,47,"1976-2024","UK"
2,"Aglais urticae","Small Tortoiseshell",2009,1601,1.79,35,"1976-2024","UK"
2,"Aglais urticae","Small Tortoiseshell",2010,1590,1.82,34,"1976-2024","UK"
2,"Aglais urticae","Small Tortoiseshell",2011,1633,1.73,38,"1976-2024","UK"
2,"Aglais urticae","Small Tortoiseshell",2012,1663,1.5,46,"1976-2024","UK"
2,"Aglais urticae","Small Tortoiseshell",2013,1856,2.05,22,"1976-2024","UK"
2,"Aglais urticae","Small Tortoiseshell",2014,1972,2.2,15,"1976-2024","UK"
2,"Aglais urticae","Small Tortoiseshell",2015,2084,1.96,28,"1976-2024","UK"
2,"Aglais urticae","Small Tortoiseshell",2016,2146,1.66,41,"1976-2024","UK"
2,"Aglais urticae","Small Tortoiseshell",2017,2292,1.73,38,"1976-2024","UK"
2,"Aglais urticae","Small Tortoiseshell",2018,2423,1.52,45,"1976-2024","UK"
2,"Aglais urticae","Small Tortoiseshell",2019,2544,1.64,43,"1976-2024","UK"
2,"Aglais urticae","Small Tortoiseshell",2020,2103,1.95,29,"1976-2024","UK"
2,"Aglais urticae","Small Tortoiseshell",2021,2550,1.79,35,"1976-2024","UK"
2,"Aglais urticae","Small Tortoiseshell",2022,2731,1.61,44,"1976-2024","UK"
2,"Aglais urticae","Small Tortoiseshell",2023,2745,1.35,48,"1976-2024","UK"
2,"Aglais urticae","Small Tortoiseshell",2024,2768,0.88,49,"1976-2024","UK"
4,"Anthocharis cardamines","Orange-tip",1976,34,1.86,46,"1976-2024","UK"
4,"Anthocharis cardamines","Orange-tip",1977,58,1.82,48,"1976-2024","UK"
4,"Anthocharis cardamines","Orange-tip",1978,64,1.95,33,"1976-2024","UK"
4,"Anthocharis cardamines","Orange-tip",1979,79,1.94,35,"1976-2024","UK"
4,"Anthocharis cardamines","Orange-tip",1980,84,2,24,"1976-2024","UK"
4,"Anthocharis cardamines","Orange-tip",1981,87,1.94,35,"1976-2024","UK"
4,"Anthocharis cardamines","Orange-tip",1982,92,1.84,47,"1976-2024","UK"
4,"Anthocharis cardamines","Orange-tip",1983,102,1.96,31,"1976-2024","UK"
4,"Anthocharis cardamines","Orange-tip",1984,111,2.05,15,"1976-2024","UK"
4,"Anthocharis cardamines","Orange-tip",1985,121,2.04,18,"1976-2024","UK"
4,"Anthocharis cardamines","Orange-tip",1986,128,1.88,43,"1976-2024","UK"
4,"Anthocharis cardamines","Orange-tip",1987,151,2.05,15,"1976-2024","UK"
4,"Anthocharis cardamines","Orange-tip",1988,174,1.87,45,"1976-2024","UK"
4,"Anthocharis cardamines","Orange-tip",1989,206,1.97,29,"1976-2024","UK"
4,"Anthocharis cardamines","Orange-tip",1990,233,2.19,2,"1976-2024","UK"
4,"Anthocharis cardamines","Orange-tip",1991,260,2.12,4,"1976-2024","UK"
4,"Anthocharis cardamines","Orange-tip",1992,288,2.03,21,"1976-2024","UK"
4,"Anthocharis cardamines","Orange-tip",1993,317,2.09,9,"1976-2024","UK"
4,"Anthocharis cardamines","Orange-tip",1994,345,1.95,33,"1976-2024","UK"
4,"Anthocharis cardamines","Orange-tip",1995,403,1.97,29,"1976-2024","UK"
4,"Anthocharis cardamines","Orange-tip",1996,443,1.96,31,"1976-2024","UK"
4,"Anthocharis cardamines","Orange-tip",1997,470,2.06,13,"1976-2024","UK"
4,"Anthocharis cardamines","Orange-tip",1998,491,1.93,38,"1976-2024","UK"
4,"Anthocharis cardamines","Orange-tip",1999,510,1.93,38,"1976-2024","UK"
4,"Anthocharis cardamines","Orange-tip",2000,559,1.99,26,"1976-2024","UK"
4,"Anthocharis cardamines","Orange-tip",2001,513,1.88,43,"1976-2024","UK"
4,"Anthocharis cardamines","Orange-tip",2002,616,2.04,18,"1976-2024","UK"
4,"Anthocharis cardamines","Orange-tip",2003,689,1.91,40,"1976-2024","UK"
4,"Anthocharis cardamines","Orange-tip",2004,709,1.98,27,"1976-2024","UK"
4,"Anthocharis cardamines","Orange-tip",2005,727,1.98,27,"1976-2024","UK"
4,"Anthocharis cardamines","Orange-tip",2006,777,1.91,40,"1976-2024","UK"
4,"Anthocharis cardamines","Orange-tip",2007,858,1.9,42,"1976-2024","UK"
4,"Anthocharis cardamines","Orange-tip",2008,889,1.78,49,"1976-2024","UK"
4,"Anthocharis cardamines","Orange-tip",2009,1103,2,24,"1976-2024","UK"
4,"Anthocharis cardamines","Orange-tip",2010,1117,2.09,9,"1976-2024","UK"
4,"Anthocharis cardamines","Orange-tip",2011,1153,2.18,3,"1976-2024","UK"
4,"Anthocharis cardamines","Orange-tip",2012,1147,2.04,18,"1976-2024","UK"
4,"Anthocharis cardamines","Orange-tip",2013,1252,1.94,35,"1976-2024","UK"
4,"Anthocharis cardamines","Orange-tip",2014,1400,2.12,4,"1976-2024","UK"
4,"Anthocharis cardamines","Orange-tip",2015,1563,2.02,22,"1976-2024","UK"
4,"Anthocharis cardamines","Orange-tip",2016,1650,2.01,23,"1976-2024","UK"
4,"Anthocharis cardamines","Orange-tip",2017,1793,2.11,6,"1976-2024","UK"
4,"Anthocharis cardamines","Orange-tip",2018,1907,2.07,11,"1976-2024","UK"
4,"Anthocharis cardamines","Orange-tip",2019,1990,2.28,1,"1976-2024","UK"
4,"Anthocharis cardamines","Orange-tip",2020,1645,2.11,6,"1976-2024","UK"
4,"Anthocharis cardamines","Orange-tip",2021,2057,2.06,13,"1976-2024","UK"
4,"Anthocharis cardamines","Orange-tip",2022,2203,2.1,8,"1976-2024","UK"
4,"Anthocharis cardamines","Orange-tip",2023,2282,2.05,15,"1976-2024","UK"
4,"Anthocharis cardamines","Orange-tip",2024,2389,2.07,11,"1976-2024","UK"
6,"Apatura iris","Purple Emperor",1979,9,1.51,45,"1976-2024","UK"
6,"Apatura iris","Purple Emperor",1980,10,2.05,21,"1976-2024","UK"
6,"Apatura iris","Purple Emperor",1981,10,1.5,46,"1976-2024","UK"
6,"Apatura iris","Purple Emperor",1982,10,1.78,37,"1976-2024","UK"
6,"Apatura iris","Purple Emperor",1983,13,2.33,3,"1976-2024","UK"
6,"Apatura iris","Purple Emperor",1984,16,2.13,15,"1976-2024","UK"
6,"Apatura iris","Purple Emperor",1985,17,2.3,5,"1976-2024","UK"
6,"Apatura iris","Purple Emperor",1986,21,2.13,15,"1976-2024","UK"
6,"Apatura iris","Purple Emperor",1987,24,1.91,33,"1976-2024","UK"
6,"Apatura iris","Purple Emperor",1988,26,2.01,24,"1976-2024","UK"
6,"Apatura iris","Purple Emperor",1989,26,1.8,36,"1976-2024","UK"
6,"Apatura iris","Purple Emperor",1990,31,1.69,42,"1976-2024","UK"
6,"Apatura iris","Purple Emperor",1991,33,1.61,43,"1976-2024","UK"
6,"Apatura iris","Purple Emperor",1992,35,1.96,28,"1976-2024","UK"
6,"Apatura iris","Purple Emperor",1993,38,2.2,10,"1976-2024","UK"
6,"Apatura iris","Purple Emperor",1994,41,2.01,24,"1976-2024","UK"
6,"Apatura iris","Purple Emperor",1995,49,1.94,30,"1976-2024","UK"
6,"Apatura iris","Purple Emperor",1996,53,1.57,44,"1976-2024","UK"
6,"Apatura iris","Purple Emperor",1997,57,1.97,27,"1976-2024","UK"
6,"Apatura iris","Purple Emperor",1998,60,1.78,37,"1976-2024","UK"
6,"Apatura iris","Purple Emperor",1999,61,1.71,40,"1976-2024","UK"
6,"Apatura iris","Purple Emperor",2000,71,1.92,32,"1976-2024","UK"
6,"Apatura iris","Purple Emperor",2001,67,1.82,35,"1976-2024","UK"
6,"Apatura iris","Purple Emperor",2002,77,1.71,40,"1976-2024","UK"
6,"Apatura iris","Purple Emperor",2003,80,2.1,18,"1976-2024","UK"
6,"Apatura iris","Purple Emperor",2004,84,1.75,39,"1976-2024","UK"
6,"Apatura iris","Purple Emperor",2005,84,1.93,31,"1976-2024","UK"
6,"Apatura iris","Purple Emperor",2006,89,2.24,8,"1976-2024","UK"
6,"Apatura iris","Purple Emperor",2007,90,1.87,34,"1976-2024","UK"
6,"Apatura iris","Purple Emperor",2008,100,2.14,12,"1976-2024","UK"
6,"Apatura iris","Purple Emperor",2009,110,2.25,7,"1976-2024","UK"
6,"Apatura iris","Purple Emperor",2010,116,2.29,6,"1976-2024","UK"
6,"Apatura iris","Purple Emperor",2011,112,2.02,22,"1976-2024","UK"
6,"Apatura iris","Purple Emperor",2012,109,1.99,26,"1976-2024","UK"
6,"Apatura iris","Purple Emperor",2013,114,2.33,3,"1976-2024","UK"
6,"Apatura iris","Purple Emperor",2014,122,2.22,9,"1976-2024","UK"
6,"Apatura iris","Purple Emperor",2015,133,1.96,28,"1976-2024","UK"
6,"Apatura iris","Purple Emperor",2016,142,2.07,20,"1976-2024","UK"
6,"Apatura iris","Purple Emperor",2017,145,2.14,12,"1976-2024","UK"
6,"Apatura iris","Purple Emperor",2018,149,2.46,1,"1976-2024","UK"
6,"Apatura iris","Purple Emperor",2019,150,2.13,15,"1976-2024","UK"
6,"Apatura iris","Purple Emperor",2020,141,2.02,22,"1976-2024","UK"
6,"Apatura iris","Purple Emperor",2021,150,2.18,11,"1976-2024","UK"
6,"Apatura iris","Purple Emperor",2022,152,2.35,2,"1976-2024","UK"
6,"Apatura iris","Purple Emperor",2023,148,2.14,12,"1976-2024","UK"
6,"Apatura iris","Purple Emperor",2024,150,2.09,19,"1976-2024","UK"
8,"Aphantopus hyperantus","Ringlet",1976,34,1.38,47,"1976-2024","UK"
8,"Aphantopus hyperantus","Ringlet",1977,52,1.09,49,"1976-2024","UK"
8,"Aphantopus hyperantus","Ringlet",1978,57,1.18,48,"1976-2024","UK"
8,"Aphantopus hyperantus","Ringlet",1979,73,1.47,46,"1976-2024","UK"
8,"Aphantopus hyperantus","Ringlet",1980,78,1.68,45,"1976-2024","UK"
8,"Aphantopus hyperantus","Ringlet",1981,82,1.77,44,"1976-2024","UK"
8,"Aphantopus hyperantus","Ringlet",1982,87,1.98,37,"1976-2024","UK"
8,"Aphantopus hyperantus","Ringlet",1983,97,1.95,40,"1976-2024","UK"
8,"Aphantopus hyperantus","Ringlet",1984,106,2.03,27,"1976-2024","UK"
8,"Aphantopus hyperantus","Ringlet",1985,115,1.96,39,"1976-2024","UK"
8,"Aphantopus hyperantus","Ringlet",1986,123,2.06,22,"1976-2024","UK"
8,"Aphantopus hyperantus","Ringlet",1987,147,2.1,16,"1976-2024","UK"
8,"Aphantopus hyperantus","Ringlet",1988,168,1.98,37,"1976-2024","UK"
8,"Aphantopus hyperantus","Ringlet",1989,197,1.95,40,"1976-2024","UK"
8,"Aphantopus hyperantus","Ringlet",1990,217,1.89,42,"1976-2024","UK"
8,"Aphantopus hyperantus","Ringlet",1991,243,2.09,17,"1976-2024","UK"
8,"Aphantopus hyperantus","Ringlet",1992,268,2.11,14,"1976-2024","UK"
8,"Aphantopus hyperantus","Ringlet",1993,303,2.03,27,"1976-2024","UK"
8,"Aphantopus hyperantus","Ringlet",1994,330,2.07,19,"1976-2024","UK"
8,"Aphantopus hyperantus","Ringlet",1995,382,2.07,19,"1976-2024","UK"
8,"Aphantopus hyperantus","Ringlet",1996,423,1.87,43,"1976-2024","UK"
8,"Aphantopus hyperantus","Ringlet",1997,443,2.02,30,"1976-2024","UK"
8,"Aphantopus hyperantus","Ringlet",1998,462,2,33,"1976-2024","UK"
8,"Aphantopus hyperantus","Ringlet",1999,486,2.09,17,"1976-2024","UK"
8,"Aphantopus hyperantus","Ringlet",2000,531,2.15,11,"1976-2024","UK"
8,"Aphantopus hyperantus","Ringlet",2001,509,2.02,30,"1976-2024","UK"
8,"Aphantopus hyperantus","Ringlet",2002,595,2.05,23,"1976-2024","UK"
8,"Aphantopus hyperantus","Ringlet",2003,671,2.15,11,"1976-2024","UK"
8,"Aphantopus hyperantus","Ringlet",2004,679,2.02,30,"1976-2024","UK"
8,"Aphantopus hyperantus","Ringlet",2005,709,2.03,27,"1976-2024","UK"
8,"Aphantopus hyperantus","Ringlet",2006,784,2.05,23,"1976-2024","UK"
8,"Aphantopus hyperantus","Ringlet",2007,978,2,33,"1976-2024","UK"
8,"Aphantopus hyperantus","Ringlet",2008,983,2.11,14,"1976-2024","UK"
8,"Aphantopus hyperantus","Ringlet",2009,1485,2.24,4,"1976-2024","UK"
8,"Aphantopus hyperantus","Ringlet",2010,1486,2.19,8,"1976-2024","UK"
8,"Aphantopus hyperantus","Ringlet",2011,1557,2.13,13,"1976-2024","UK"
8,"Aphantopus hyperantus","Ringlet",2012,1583,2.04,26,"1976-2024","UK"
8,"Aphantopus hyperantus","Ringlet",2013,1746,2.21,6,"1976-2024","UK"
8,"Aphantopus hyperantus","Ringlet",2014,1864,2.32,1,"1976-2024","UK"
8,"Aphantopus hyperantus","Ringlet",2015,1992,2.22,5,"1976-2024","UK"
8,"Aphantopus hyperantus","Ringlet",2016,2071,2.17,10,"1976-2024","UK"
8,"Aphantopus hyperantus","Ringlet",2017,2227,2.29,3,"1976-2024","UK"
8,"Aphantopus hyperantus","Ringlet",2018,2363,2.21,6,"1976-2024","UK"
8,"Aphantopus hyperantus","Ringlet",2019,2491,2.3,2,"1976-2024","UK"
8,"Aphantopus hyperantus","Ringlet",2020,2074,2.07,19,"1976-2024","UK"
8,"Aphantopus hyperantus","Ringlet",2021,2510,2.05,23,"1976-2024","UK"
8,"Aphantopus hyperantus","Ringlet",2022,2717,2.19,8,"1976-2024","UK"
8,"Aphantopus hyperantus","Ringlet",2023,2737,1.99,35,"1976-2024","UK"
8,"Aphantopus hyperantus","Ringlet",2024,2843,1.99,35,"1976-2024","UK"
17,"Argynnis paphia","Silver-washed Fritillary",1976,23,2.03,23,"1976-2024","UK"
17,"Argynnis paphia","Silver-washed Fritillary",1977,30,1.44,49,"1976-2024","UK"
17,"Argynnis paphia","Silver-washed Fritillary",1978,32,1.62,48,"1976-2024","UK"
17,"Argynnis paphia","Silver-washed Fritillary",1979,42,1.77,42,"1976-2024","UK"
17,"Argynnis paphia","Silver-washed Fritillary",1980,46,1.65,47,"1976-2024","UK"
17,"Argynnis paphia","Silver-washed Fritillary",1981,49,1.72,46,"1976-2024","UK"
17,"Argynnis paphia","Silver-washed Fritillary",1982,52,1.86,35,"1976-2024","UK"
17,"Argynnis paphia","Silver-washed Fritillary",1983,58,1.75,44,"1976-2024","UK"
17,"Argynnis paphia","Silver-washed Fritillary",1984,64,1.84,37,"1976-2024","UK"
17,"Argynnis paphia","Silver-washed Fritillary",1985,75,1.75,44,"1976-2024","UK"
17,"Argynnis paphia","Silver-washed Fritillary",1986,86,1.92,30,"1976-2024","UK"
17,"Argynnis paphia","Silver-washed Fritillary",1987,106,2.03,23,"1976-2024","UK"
17,"Argynnis paphia","Silver-washed Fritillary",1988,118,1.8,39,"1976-2024","UK"
17,"Argynnis paphia","Silver-washed Fritillary",1989,140,1.91,31,"1976-2024","UK"
17,"Argynnis paphia","Silver-washed Fritillary",1990,156,1.87,33,"1976-2024","UK"
17,"Argynnis paphia","Silver-washed Fritillary",1991,177,1.93,27,"1976-2024","UK"
17,"Argynnis paphia","Silver-washed Fritillary",1992,192,2.11,18,"1976-2024","UK"
17,"Argynnis paphia","Silver-washed Fritillary",1993,203,1.87,33,"1976-2024","UK"
17,"Argynnis paphia","Silver-washed Fritillary",1994,220,1.93,27,"1976-2024","UK"
17,"Argynnis paphia","Silver-washed Fritillary",1995,250,2.09,19,"1976-2024","UK"
17,"Argynnis paphia","Silver-washed Fritillary",1996,270,2.16,15,"1976-2024","UK"
17,"Argynnis paphia","Silver-washed Fritillary",1997,281,2.17,14,"1976-2024","UK"
17,"Argynnis paphia","Silver-washed Fritillary",1998,295,1.77,42,"1976-2024","UK"
17,"Argynnis paphia","Silver-washed Fritillary",1999,290,1.82,38,"1976-2024","UK"
17,"Argynnis paphia","Silver-washed Fritillary",2000,318,1.78,40,"1976-2024","UK"
17,"Argynnis paphia","Silver-washed Fritillary",2001,302,1.85,36,"1976-2024","UK"
17,"Argynnis paphia","Silver-washed Fritillary",2002,351,1.91,31,"1976-2024","UK"
17,"Argynnis paphia","Silver-washed Fritillary",2003,381,2.09,19,"1976-2024","UK"
17,"Argynnis paphia","Silver-washed Fritillary",2004,382,2.13,17,"1976-2024","UK"
17,"Argynnis paphia","Silver-washed Fritillary",2005,409,2.09,19,"1976-2024","UK"
17,"Argynnis paphia","Silver-washed Fritillary",2006,435,2.4,1,"1976-2024","UK"
17,"Argynnis paphia","Silver-washed Fritillary",2007,509,2.04,22,"1976-2024","UK"
17,"Argynnis paphia","Silver-washed Fritillary",2008,542,1.97,26,"1976-2024","UK"
17,"Argynnis paphia","Silver-washed Fritillary",2009,656,2.16,15,"1976-2024","UK"
17,"Argynnis paphia","Silver-washed Fritillary",2010,678,2.34,3,"1976-2024","UK"
17,"Argynnis paphia","Silver-washed Fritillary",2011,704,2.18,11,"1976-2024","UK"
17,"Argynnis paphia","Silver-washed Fritillary",2012,708,1.93,27,"1976-2024","UK"
17,"Argynnis paphia","Silver-washed Fritillary",2013,764,2.27,5,"1976-2024","UK"
17,"Argynnis paphia","Silver-washed Fritillary",2014,834,2.26,6,"1976-2024","UK"
17,"Argynnis paphia","Silver-washed Fritillary",2015,935,2.26,6,"1976-2024","UK"
17,"Argynnis paphia","Silver-washed Fritillary",2016,976,2.01,25,"1976-2024","UK"
17,"Argynnis paphia","Silver-washed Fritillary",2017,1049,2.39,2,"1976-2024","UK"
17,"Argynnis paphia","Silver-washed Fritillary",2018,1099,2.34,3,"1976-2024","UK"
17,"Argynnis paphia","Silver-washed Fritillary",2019,1131,2.26,6,"1976-2024","UK"
17,"Argynnis paphia","Silver-washed Fritillary",2020,988,2.18,11,"1976-2024","UK"
17,"Argynnis paphia","Silver-washed Fritillary",2021,1131,2.19,10,"1976-2024","UK"
17,"Argynnis paphia","Silver-washed Fritillary",2022,1197,2.21,9,"1976-2024","UK"
17,"Argynnis paphia","Silver-washed Fritillary",2023,1209,2.18,11,"1976-2024","UK"
17,"Argynnis paphia","Silver-washed Fritillary",2024,1218,1.78,40,"1976-2024","UK"
20,"Aricia agestis","Brown Argus",1976,25,2.38,4,"1976-2024","UK"
20,"Aricia agestis","Brown Argus",1977,32,1.98,30,"1976-2024","UK"
20,"Aricia agestis","Brown Argus",1978,32,1.83,38,"1976-2024","UK"
20,"Aricia agestis","Brown Argus",1979,43,2.03,20,"1976-2024","UK"
20,"Aricia agestis","Brown Argus",1980,47,1.91,33,"1976-2024","UK"
20,"Aricia agestis","Brown Argus",1981,50,1.72,44,"1976-2024","UK"
20,"Aricia agestis","Brown Argus",1982,53,2.23,8,"1976-2024","UK"
20,"Aricia agestis","Brown Argus",1983,62,2.04,17,"1976-2024","UK"
20,"Aricia agestis","Brown Argus",1984,71,2.19,9,"1976-2024","UK"
20,"Aricia agestis","Brown Argus",1985,77,1.83,38,"1976-2024","UK"
20,"Aricia agestis","Brown Argus",1986,86,1.72,44,"1976-2024","UK"
20,"Aricia agestis","Brown Argus",1987,100,1.61,48,"1976-2024","UK"
20,"Aricia agestis","Brown Argus",1988,115,1.69,47,"1976-2024","UK"
20,"Aricia agestis","Brown Argus",1989,137,1.96,32,"1976-2024","UK"
20,"Aricia agestis","Brown Argus",1990,152,2.04,17,"1976-2024","UK"
20,"Aricia agestis","Brown Argus",1991,172,2.01,23,"1976-2024","UK"
20,"Aricia agestis","Brown Argus",1992,190,1.86,35,"1976-2024","UK"
20,"Aricia agestis","Brown Argus",1993,209,1.74,43,"1976-2024","UK"
20,"Aricia agestis","Brown Argus",1994,227,2.05,16,"1976-2024","UK"
20,"Aricia agestis","Brown Argus",1995,269,2.26,7,"1976-2024","UK"
20,"Aricia agestis","Brown Argus",1996,296,2.45,1,"1976-2024","UK"
20,"Aricia agestis","Brown Argus",1997,311,2.28,5,"1976-2024","UK"
20,"Aricia agestis","Brown Argus",1998,313,1.81,41,"1976-2024","UK"
20,"Aricia agestis","Brown Argus",1999,347,1.99,26,"1976-2024","UK"
20,"Aricia agestis","Brown Argus",2000,366,2.1,14,"1976-2024","UK"
20,"Aricia agestis","Brown Argus",2001,353,1.86,35,"1976-2024","UK"
20,"Aricia agestis","Brown Argus",2002,378,1.87,34,"1976-2024","UK"
20,"Aricia agestis","Brown Argus",2003,427,2.03,20,"1976-2024","UK"
20,"Aricia agestis","Brown Argus",2004,433,2.04,17,"1976-2024","UK"
20,"Aricia agestis","Brown Argus",2005,469,2.07,15,"1976-2024","UK"
20,"Aricia agestis","Brown Argus",2006,515,2.19,9,"1976-2024","UK"
20,"Aricia agestis","Brown Argus",2007,556,1.82,40,"1976-2024","UK"
20,"Aricia agestis","Brown Argus",2008,595,1.71,46,"1976-2024","UK"
20,"Aricia agestis","Brown Argus",2009,796,2,24,"1976-2024","UK"
20,"Aricia agestis","Brown Argus",2010,802,2.28,5,"1976-2024","UK"
20,"Aricia agestis","Brown Argus",2011,827,2.14,12,"1976-2024","UK"
20,"Aricia agestis","Brown Argus",2012,830,1.51,49,"1976-2024","UK"
20,"Aricia agestis","Brown Argus",2013,883,2.03,20,"1976-2024","UK"
20,"Aricia agestis","Brown Argus",2014,972,2.14,12,"1976-2024","UK"
20,"Aricia agestis","Brown Argus",2015,1062,2,24,"1976-2024","UK"
20,"Aricia agestis","Brown Argus",2016,1115,1.85,37,"1976-2024","UK"
20,"Aricia agestis","Brown Argus",2017,1207,1.99,26,"1976-2024","UK"
20,"Aricia agestis","Brown Argus",2018,1286,2.41,3,"1976-2024","UK"
20,"Aricia agestis","Brown Argus",2019,1333,2.19,9,"1976-2024","UK"
20,"Aricia agestis","Brown Argus",2020,1151,1.98,30,"1976-2024","UK"
20,"Aricia agestis","Brown Argus",2021,1356,1.99,26,"1976-2024","UK"
20,"Aricia agestis","Brown Argus",2022,1454,1.99,26,"1976-2024","UK"
20,"Aricia agestis","Brown Argus",2023,1489,2.42,2,"1976-2024","UK"
20,"Aricia agestis","Brown Argus",2024,1508,1.81,41,"1976-2024","UK"
21,"Aricia artaxerxes","Northern Brown Argus",1979,7,2.34,6,"1976-2024","UK"
21,"Aricia artaxerxes","Northern Brown Argus",1980,7,2.07,17,"1976-2024","UK"
21,"Aricia artaxerxes","Northern Brown Argus",1981,7,1.4,46,"1976-2024","UK"
21,"Aricia artaxerxes","Northern Brown Argus",1982,8,2.11,13,"1976-2024","UK"
21,"Aricia artaxerxes","Northern Brown Argus",1983,9,2.28,7,"1976-2024","UK"
21,"Aricia artaxerxes","Northern Brown Argus",1984,8,2.07,17,"1976-2024","UK"
21,"Aricia artaxerxes","Northern Brown Argus",1985,9,1.61,44,"1976-2024","UK"
21,"Aricia artaxerxes","Northern Brown Argus",1986,9,2.08,15,"1976-2024","UK"
21,"Aricia artaxerxes","Northern Brown Argus",1987,9,2.2,10,"1976-2024","UK"
21,"Aricia artaxerxes","Northern Brown Argus",1988,9,2.35,5,"1976-2024","UK"
21,"Aricia artaxerxes","Northern Brown Argus",1989,10,2.42,3,"1976-2024","UK"
21,"Aricia artaxerxes","Northern Brown Argus",1990,14,2.23,9,"1976-2024","UK"
21,"Aricia artaxerxes","Northern Brown Argus",1991,13,2.08,15,"1976-2024","UK"
21,"Aricia artaxerxes","Northern Brown Argus",1992,16,2.45,1,"1976-2024","UK"
21,"Aricia artaxerxes","Northern Brown Argus",1993,13,2.4,4,"1976-2024","UK"
21,"Aricia artaxerxes","Northern Brown Argus",1994,19,2.43,2,"1976-2024","UK"
21,"Aricia artaxerxes","Northern Brown Argus",1995,21,2.27,8,"1976-2024","UK"
21,"Aricia artaxerxes","Northern Brown Argus",1996,22,2.02,21,"1976-2024","UK"
21,"Aricia artaxerxes","Northern Brown Argus",1997,26,2.17,11,"1976-2024","UK"
21,"Aricia artaxerxes","Northern Brown Argus",1998,26,2.07,17,"1976-2024","UK"
21,"Aricia artaxerxes","Northern Brown Argus",1999,28,2.1,14,"1976-2024","UK"
21,"Aricia artaxerxes","Northern Brown Argus",2000,31,2.13,12,"1976-2024","UK"
21,"Aricia artaxerxes","Northern Brown Argus",2001,25,1.96,23,"1976-2024","UK"
21,"Aricia artaxerxes","Northern Brown Argus",2002,38,1.94,27,"1976-2024","UK"
21,"Aricia artaxerxes","Northern Brown Argus",2003,42,2.06,20,"1976-2024","UK"
21,"Aricia artaxerxes","Northern Brown Argus",2004,46,1.91,30,"1976-2024","UK"
21,"Aricia artaxerxes","Northern Brown Argus",2005,47,1.88,31,"1976-2024","UK"
21,"Aricia artaxerxes","Northern Brown Argus",2006,47,1.94,27,"1976-2024","UK"
21,"Aricia artaxerxes","Northern Brown Argus",2007,50,1.61,44,"1976-2024","UK"
21,"Aricia artaxerxes","Northern Brown Argus",2008,50,1.78,40,"1976-2024","UK"
21,"Aricia artaxerxes","Northern Brown Argus",2009,54,1.85,34,"1976-2024","UK"
21,"Aricia artaxerxes","Northern Brown Argus",2010,52,1.83,37,"1976-2024","UK"
21,"Aricia artaxerxes","Northern Brown Argus",2011,53,1.95,26,"1976-2024","UK"
21,"Aricia artaxerxes","Northern Brown Argus",2012,50,1.83,37,"1976-2024","UK"
21,"Aricia artaxerxes","Northern Brown Argus",2013,55,1.86,33,"1976-2024","UK"
21,"Aricia artaxerxes","Northern Brown Argus",2014,65,1.84,36,"1976-2024","UK"
21,"Aricia artaxerxes","Northern Brown Argus",2015,72,1.85,34,"1976-2024","UK"
21,"Aricia artaxerxes","Northern Brown Argus",2016,73,1.92,29,"1976-2024","UK"
21,"Aricia artaxerxes","Northern Brown Argus",2017,70,1.76,41,"1976-2024","UK"
21,"Aricia artaxerxes","Northern Brown Argus",2018,69,1.81,39,"1976-2024","UK"
21,"Aricia artaxerxes","Northern Brown Argus",2019,66,1.96,23,"1976-2024","UK"
21,"Aricia artaxerxes","Northern Brown Argus",2020,52,1.98,22,"1976-2024","UK"
21,"Aricia artaxerxes","Northern Brown Argus",2021,68,1.96,23,"1976-2024","UK"
21,"Aricia artaxerxes","Northern Brown Argus",2022,71,1.68,43,"1976-2024","UK"
21,"Aricia artaxerxes","Northern Brown Argus",2023,69,1.72,42,"1976-2024","UK"
21,"Aricia artaxerxes","Northern Brown Argus",2024,67,1.87,32,"1976-2024","UK"
14,"Boloria euphrosyne","Pearl-bordered Fritillary",1976,5,2.61,1,"1976-2024","UK"
14,"Boloria euphrosyne","Pearl-bordered Fritillary",1977,11,1.78,41,"1976-2024","UK"
14,"Boloria euphrosyne","Pearl-bordered Fritillary",1978,13,2.2,11,"1976-2024","UK"
14,"Boloria euphrosyne","Pearl-bordered Fritillary",1979,17,2.32,5,"1976-2024","UK"
14,"Boloria euphrosyne","Pearl-bordered Fritillary",1980,19,2.27,7,"1976-2024","UK"
14,"Boloria euphrosyne","Pearl-bordered Fritillary",1981,22,2.03,22,"1976-2024","UK"
14,"Boloria euphrosyne","Pearl-bordered Fritillary",1982,25,2.22,8,"1976-2024","UK"
14,"Boloria euphrosyne","Pearl-bordered Fritillary",1983,28,1.9,29,"1976-2024","UK"
14,"Boloria euphrosyne","Pearl-bordered Fritillary",1984,30,2.08,18,"1976-2024","UK"
14,"Boloria euphrosyne","Pearl-bordered Fritillary",1985,34,2.21,9,"1976-2024","UK"
14,"Boloria euphrosyne","Pearl-bordered Fritillary",1986,37,2.13,17,"1976-2024","UK"
14,"Boloria euphrosyne","Pearl-bordered Fritillary",1987,49,2.41,2,"1976-2024","UK"
14,"Boloria euphrosyne","Pearl-bordered Fritillary",1988,54,1.93,26,"1976-2024","UK"
14,"Boloria euphrosyne","Pearl-bordered Fritillary",1989,68,2.17,12,"1976-2024","UK"
14,"Boloria euphrosyne","Pearl-bordered Fritillary",1990,72,2.36,3,"1976-2024","UK"
14,"Boloria euphrosyne","Pearl-bordered Fritillary",1991,84,2.29,6,"1976-2024","UK"
14,"Boloria euphrosyne","Pearl-bordered Fritillary",1992,90,2.16,14,"1976-2024","UK"
14,"Boloria euphrosyne","Pearl-bordered Fritillary",1993,88,2.21,9,"1976-2024","UK"
14,"Boloria euphrosyne","Pearl-bordered Fritillary",1994,93,2.05,20,"1976-2024","UK"
14,"Boloria euphrosyne","Pearl-bordered Fritillary",1995,105,2.15,15,"1976-2024","UK"
14,"Boloria euphrosyne","Pearl-bordered Fritillary",1996,114,2.14,16,"1976-2024","UK"
14,"Boloria euphrosyne","Pearl-bordered Fritillary",1997,121,2.35,4,"1976-2024","UK"
14,"Boloria euphrosyne","Pearl-bordered Fritillary",1998,131,2.08,18,"1976-2024","UK"
14,"Boloria euphrosyne","Pearl-bordered Fritillary",1999,122,1.75,44,"1976-2024","UK"
14,"Boloria euphrosyne","Pearl-bordered Fritillary",2000,125,1.72,46,"1976-2024","UK"
14,"Boloria euphrosyne","Pearl-bordered Fritillary",2001,109,1.82,36,"1976-2024","UK"
14,"Boloria euphrosyne","Pearl-bordered Fritillary",2002,157,1.97,24,"1976-2024","UK"
14,"Boloria euphrosyne","Pearl-bordered Fritillary",2003,153,2.04,21,"1976-2024","UK"
14,"Boloria euphrosyne","Pearl-bordered Fritillary",2004,148,1.99,23,"1976-2024","UK"
14,"Boloria euphrosyne","Pearl-bordered Fritillary",2005,140,1.91,27,"1976-2024","UK"
14,"Boloria euphrosyne","Pearl-bordered Fritillary",2006,139,1.8,39,"1976-2024","UK"
14,"Boloria euphrosyne","Pearl-bordered Fritillary",2007,146,1.9,29,"1976-2024","UK"
14,"Boloria euphrosyne","Pearl-bordered Fritillary",2008,145,1.62,48,"1976-2024","UK"
14,"Boloria euphrosyne","Pearl-bordered Fritillary",2009,146,1.79,40,"1976-2024","UK"
14,"Boloria euphrosyne","Pearl-bordered Fritillary",2010,155,1.91,27,"1976-2024","UK"
14,"Boloria euphrosyne","Pearl-bordered Fritillary",2011,148,2.17,12,"1976-2024","UK"
14,"Boloria euphrosyne","Pearl-bordered Fritillary",2012,165,1.9,29,"1976-2024","UK"
14,"Boloria euphrosyne","Pearl-bordered Fritillary",2013,197,1.77,43,"1976-2024","UK"
14,"Boloria euphrosyne","Pearl-bordered Fritillary",2014,234,1.87,33,"1976-2024","UK"
14,"Boloria euphrosyne","Pearl-bordered Fritillary",2015,233,1.82,36,"1976-2024","UK"
14,"Boloria euphrosyne","Pearl-bordered Fritillary",2016,254,1.7,47,"1976-2024","UK"
14,"Boloria euphrosyne","Pearl-bordered Fritillary",2017,253,1.84,35,"1976-2024","UK"
14,"Boloria euphrosyne","Pearl-bordered Fritillary",2018,259,1.85,34,"1976-2024","UK"
14,"Boloria euphrosyne","Pearl-bordered Fritillary",2019,211,1.96,25,"1976-2024","UK"
14,"Boloria euphrosyne","Pearl-bordered Fritillary",2020,140,1.88,32,"1976-2024","UK"
14,"Boloria euphrosyne","Pearl-bordered Fritillary",2021,170,1.81,38,"1976-2024","UK"
14,"Boloria euphrosyne","Pearl-bordered Fritillary",2022,178,1.78,41,"1976-2024","UK"
14,"Boloria euphrosyne","Pearl-bordered Fritillary",2023,181,1.73,45,"1976-2024","UK"
14,"Boloria euphrosyne","Pearl-bordered Fritillary",2024,192,1.62,48,"1976-2024","UK"
18,"Boloria selene","Small Pearl-bordered Fritillary",1976,8,2.95,1,"1976-2024","UK"
18,"Boloria selene","Small Pearl-bordered Fritillary",1977,17,2.06,17,"1976-2024","UK"
18,"Boloria selene","Small Pearl-bordered Fritillary",1978,20,2.53,2,"1976-2024","UK"
18,"Boloria selene","Small Pearl-bordered Fritillary",1979,29,2.11,13,"1976-2024","UK"
18,"Boloria selene","Small Pearl-bordered Fritillary",1980,31,2.04,18,"1976-2024","UK"
18,"Boloria selene","Small Pearl-bordered Fritillary",1981,33,1.95,24,"1976-2024","UK"
18,"Boloria selene","Small Pearl-bordered Fritillary",1982,33,2.15,9,"1976-2024","UK"
18,"Boloria selene","Small Pearl-bordered Fritillary",1983,35,1.89,31,"1976-2024","UK"
18,"Boloria selene","Small Pearl-bordered Fritillary",1984,37,2.16,8,"1976-2024","UK"
18,"Boloria selene","Small Pearl-bordered Fritillary",1985,39,2.25,6,"1976-2024","UK"
18,"Boloria selene","Small Pearl-bordered Fritillary",1986,38,2.04,18,"1976-2024","UK"
18,"Boloria selene","Small Pearl-bordered Fritillary",1987,43,2.29,4,"1976-2024","UK"
18,"Boloria selene","Small Pearl-bordered Fritillary",1988,51,2.04,18,"1976-2024","UK"
18,"Boloria selene","Small Pearl-bordered Fritillary",1989,62,2.24,7,"1976-2024","UK"
18,"Boloria selene","Small Pearl-bordered Fritillary",1990,64,2.3,3,"1976-2024","UK"
18,"Boloria selene","Small Pearl-bordered Fritillary",1991,74,2.03,21,"1976-2024","UK"
18,"Boloria selene","Small Pearl-bordered Fritillary",1992,80,2.26,5,"1976-2024","UK"
18,"Boloria selene","Small Pearl-bordered Fritillary",1993,85,2.11,13,"1976-2024","UK"
18,"Boloria selene","Small Pearl-bordered Fritillary",1994,95,2.15,9,"1976-2024","UK"
18,"Boloria selene","Small Pearl-bordered Fritillary",1995,107,2.15,9,"1976-2024","UK"
18,"Boloria selene","Small Pearl-bordered Fritillary",1996,112,2.1,15,"1976-2024","UK"
18,"Boloria selene","Small Pearl-bordered Fritillary",1997,113,2.15,9,"1976-2024","UK"
18,"Boloria selene","Small Pearl-bordered Fritillary",1998,121,1.86,36,"1976-2024","UK"
18,"Boloria selene","Small Pearl-bordered Fritillary",1999,127,1.85,40,"1976-2024","UK"
18,"Boloria selene","Small Pearl-bordered Fritillary",2000,134,1.69,47,"1976-2024","UK"
18,"Boloria selene","Small Pearl-bordered Fritillary",2001,127,1.86,36,"1976-2024","UK"
18,"Boloria selene","Small Pearl-bordered Fritillary",2002,164,1.87,34,"1976-2024","UK"
18,"Boloria selene","Small Pearl-bordered Fritillary",2003,173,1.93,26,"1976-2024","UK"
18,"Boloria selene","Small Pearl-bordered Fritillary",2004,170,1.93,26,"1976-2024","UK"
18,"Boloria selene","Small Pearl-bordered Fritillary",2005,172,1.96,23,"1976-2024","UK"
18,"Boloria selene","Small Pearl-bordered Fritillary",2006,175,1.94,25,"1976-2024","UK"
18,"Boloria selene","Small Pearl-bordered Fritillary",2007,193,1.91,29,"1976-2024","UK"
18,"Boloria selene","Small Pearl-bordered Fritillary",2008,187,1.84,41,"1976-2024","UK"
18,"Boloria selene","Small Pearl-bordered Fritillary",2009,202,1.9,30,"1976-2024","UK"
18,"Boloria selene","Small Pearl-bordered Fritillary",2010,204,2.02,22,"1976-2024","UK"
18,"Boloria selene","Small Pearl-bordered Fritillary",2011,202,2.08,16,"1976-2024","UK"
18,"Boloria selene","Small Pearl-bordered Fritillary",2012,183,1.89,31,"1976-2024","UK"
18,"Boloria selene","Small Pearl-bordered Fritillary",2013,216,1.89,31,"1976-2024","UK"
18,"Boloria selene","Small Pearl-bordered Fritillary",2014,229,1.92,28,"1976-2024","UK"
18,"Boloria selene","Small Pearl-bordered Fritillary",2015,255,1.84,41,"1976-2024","UK"
18,"Boloria selene","Small Pearl-bordered Fritillary",2016,262,1.76,45,"1976-2024","UK"
18,"Boloria selene","Small Pearl-bordered Fritillary",2017,259,1.84,41,"1976-2024","UK"
18,"Boloria selene","Small Pearl-bordered Fritillary",2018,258,1.86,36,"1976-2024","UK"
18,"Boloria selene","Small Pearl-bordered Fritillary",2019,238,1.87,34,"1976-2024","UK"
18,"Boloria selene","Small Pearl-bordered Fritillary",2020,194,1.79,44,"1976-2024","UK"
18,"Boloria selene","Small Pearl-bordered Fritillary",2021,237,1.86,36,"1976-2024","UK"
18,"Boloria selene","Small Pearl-bordered Fritillary",2022,236,1.7,46,"1976-2024","UK"
18,"Boloria selene","Small Pearl-bordered Fritillary",2023,245,1.67,48,"1976-2024","UK"
18,"Boloria selene","Small Pearl-bordered Fritillary",2024,231,1.55,49,"1976-2024","UK"
23,"Callophrys rubi","Green Hairstreak",1976,20,2.17,7,"1976-2024","UK"
23,"Callophrys rubi","Green Hairstreak",1977,30,1.94,30,"1976-2024","UK"
23,"Callophrys rubi","Green Hairstreak",1978,35,1.96,28,"1976-2024","UK"
23,"Callophrys rubi","Green Hairstreak",1979,47,1.88,40,"1976-2024","UK"
23,"Callophrys rubi","Green Hairstreak",1980,52,2.14,10,"1976-2024","UK"
23,"Callophrys rubi","Green Hairstreak",1981,54,1.91,36,"1976-2024","UK"
23,"Callophrys rubi","Green Hairstreak",1982,58,2.22,3,"1976-2024","UK"
23,"Callophrys rubi","Green Hairstreak",1983,66,2.02,20,"1976-2024","UK"
23,"Callophrys rubi","Green Hairstreak",1984,69,2.23,2,"1976-2024","UK"
23,"Callophrys rubi","Green Hairstreak",1985,79,2.21,4,"1976-2024","UK"
23,"Callophrys rubi","Green Hairstreak",1986,84,1.94,30,"1976-2024","UK"
23,"Callophrys rubi","Green Hairstreak",1987,98,2.01,21,"1976-2024","UK"
23,"Callophrys rubi","Green Hairstreak",1988,112,2.37,1,"1976-2024","UK"
23,"Callophrys rubi","Green Hairstreak",1989,133,1.77,47,"1976-2024","UK"
23,"Callophrys rubi","Green Hairstreak",1990,156,2.07,15,"1976-2024","UK"
23,"Callophrys rubi","Green Hairstreak",1991,167,1.91,36,"1976-2024","UK"
23,"Callophrys rubi","Green Hairstreak",1992,188,2.04,17,"1976-2024","UK"
23,"Callophrys rubi","Green Hairstreak",1993,202,2.2,5,"1976-2024","UK"
23,"Callophrys rubi","Green Hairstreak",1994,218,2.15,8,"1976-2024","UK"
23,"Callophrys rubi","Green Hairstreak",1995,252,2.13,11,"1976-2024","UK"
23,"Callophrys rubi","Green Hairstreak",1996,266,1.97,27,"1976-2024","UK"
23,"Callophrys rubi","Green Hairstreak",1997,289,2.12,12,"1976-2024","UK"
23,"Callophrys rubi","Green Hairstreak",1998,296,1.94,30,"1976-2024","UK"
23,"Callophrys rubi","Green Hairstreak",1999,302,2.03,18,"1976-2024","UK"
23,"Callophrys rubi","Green Hairstreak",2000,329,2.12,12,"1976-2024","UK"
23,"Callophrys rubi","Green Hairstreak",2001,312,2.01,21,"1976-2024","UK"
23,"Callophrys rubi","Green Hairstreak",2002,358,2,23,"1976-2024","UK"
23,"Callophrys rubi","Green Hairstreak",2003,396,1.87,41,"1976-2024","UK"
23,"Callophrys rubi","Green Hairstreak",2004,403,1.93,35,"1976-2024","UK"
23,"Callophrys rubi","Green Hairstreak",2005,424,1.98,25,"1976-2024","UK"
23,"Callophrys rubi","Green Hairstreak",2006,441,1.91,36,"1976-2024","UK"
23,"Callophrys rubi","Green Hairstreak",2007,474,1.94,30,"1976-2024","UK"
23,"Callophrys rubi","Green Hairstreak",2008,496,1.81,46,"1976-2024","UK"
23,"Callophrys rubi","Green Hairstreak",2009,533,1.98,25,"1976-2024","UK"
23,"Callophrys rubi","Green Hairstreak",2010,535,2.15,8,"1976-2024","UK"
23,"Callophrys rubi","Green Hairstreak",2011,543,2.18,6,"1976-2024","UK"
23,"Callophrys rubi","Green Hairstreak",2012,531,1.7,49,"1976-2024","UK"
23,"Callophrys rubi","Green Hairstreak",2013,579,1.83,44,"1976-2024","UK"
23,"Callophrys rubi","Green Hairstreak",2014,625,2.09,14,"1976-2024","UK"
23,"Callophrys rubi","Green Hairstreak",2015,721,1.94,30,"1976-2024","UK"
23,"Callophrys rubi","Green Hairstreak",2016,750,1.75,48,"1976-2024","UK"
23,"Callophrys rubi","Green Hairstreak",2017,783,1.87,41,"1976-2024","UK"
23,"Callophrys rubi","Green Hairstreak",2018,832,1.96,28,"1976-2024","UK"
23,"Callophrys rubi","Green Hairstreak",2019,854,2.07,15,"1976-2024","UK"
23,"Callophrys rubi","Green Hairstreak",2020,720,2.03,18,"1976-2024","UK"
23,"Callophrys rubi","Green Hairstreak",2021,831,1.82,45,"1976-2024","UK"
23,"Callophrys rubi","Green Hairstreak",2022,860,2,23,"1976-2024","UK"
23,"Callophrys rubi","Green Hairstreak",2023,877,1.84,43,"1976-2024","UK"
23,"Callophrys rubi","Green Hairstreak",2024,879,1.9,39,"1976-2024","UK"
25,"Carterocephalus palaemon","Chequered Skipper",2003,8,2.06,9,"1976-2024","UK"
25,"Carterocephalus palaemon","Chequered Skipper",2004,8,1.9,14,"1976-2024","UK"
25,"Carterocephalus palaemon","Chequered Skipper",2005,8,1.98,10,"1976-2024","UK"
25,"Carterocephalus palaemon","Chequered Skipper",2006,7,1.9,14,"1976-2024","UK"
25,"Carterocephalus palaemon","Chequered Skipper",2007,7,1.85,16,"1976-2024","UK"
25,"Carterocephalus palaemon","Chequered Skipper",2008,6,1.8,17,"1976-2024","UK"
25,"Carterocephalus palaemon","Chequered Skipper",2009,7,1.91,13,"1976-2024","UK"
25,"Carterocephalus palaemon","Chequered Skipper",2010,7,2.17,6,"1976-2024","UK"
25,"Carterocephalus palaemon","Chequered Skipper",2011,6,1.72,19,"1976-2024","UK"
25,"Carterocephalus palaemon","Chequered Skipper",2012,18,2.23,5,"1976-2024","UK"
25,"Carterocephalus palaemon","Chequered Skipper",2013,35,1.79,18,"1976-2024","UK"
25,"Carterocephalus palaemon","Chequered Skipper",2014,35,1.71,21,"1976-2024","UK"
25,"Carterocephalus palaemon","Chequered Skipper",2015,31,1.69,22,"1976-2024","UK"
25,"Carterocephalus palaemon","Chequered Skipper",2016,36,1.72,19,"1976-2024","UK"
25,"Carterocephalus palaemon","Chequered Skipper",2017,34,2.07,8,"1976-2024","UK"
25,"Carterocephalus palaemon","Chequered Skipper",2018,42,1.93,12,"1976-2024","UK"
25,"Carterocephalus palaemon","Chequered Skipper",2019,16,2.38,3,"1976-2024","UK"
25,"Carterocephalus palaemon","Chequered Skipper",2020,12,1.98,10,"1976-2024","UK"
25,"Carterocephalus palaemon","Chequered Skipper",2021,12,2.41,2,"1976-2024","UK"
25,"Carterocephalus palaemon","Chequered Skipper",2022,12,2.26,4,"1976-2024","UK"
25,"Carterocephalus palaemon","Chequered Skipper",2023,14,2.44,1,"1976-2024","UK"
25,"Carterocephalus palaemon","Chequered Skipper",2024,13,2.1,7,"1976-2024","UK"
27,"Celastrina argiolus","Holly Blue",1976,33,2.15,17,"1976-2024","UK"
27,"Celastrina argiolus","Holly Blue",1977,47,2.04,27,"1976-2024","UK"
27,"Celastrina argiolus","Holly Blue",1978,50,1.81,35,"1976-2024","UK"
27,"Celastrina argiolus","Holly Blue",1979,62,1.88,33,"1976-2024","UK"
27,"Celastrina argiolus","Holly Blue",1980,68,1.63,42,"1976-2024","UK"
27,"Celastrina argiolus","Holly Blue",1981,70,1.08,49,"1976-2024","UK"
27,"Celastrina argiolus","Holly Blue",1982,76,1.42,43,"1976-2024","UK"
27,"Celastrina argiolus","Holly Blue",1983,87,1.7,40,"1976-2024","UK"
27,"Celastrina argiolus","Holly Blue",1984,97,2.14,21,"1976-2024","UK"
27,"Celastrina argiolus","Holly Blue",1985,108,2.15,17,"1976-2024","UK"
27,"Celastrina argiolus","Holly Blue",1986,116,1.39,45,"1976-2024","UK"
27,"Celastrina argiolus","Holly Blue",1987,136,1.29,47,"1976-2024","UK"
27,"Celastrina argiolus","Holly Blue",1988,158,1.21,48,"1976-2024","UK"
27,"Celastrina argiolus","Holly Blue",1989,186,2.3,9,"1976-2024","UK"
27,"Celastrina argiolus","Holly Blue",1990,213,2.81,1,"1976-2024","UK"
27,"Celastrina argiolus","Holly Blue",1991,240,2.7,2,"1976-2024","UK"
27,"Celastrina argiolus","Holly Blue",1992,266,2.31,8,"1976-2024","UK"
27,"Celastrina argiolus","Holly Blue",1993,285,1.42,43,"1976-2024","UK"
27,"Celastrina argiolus","Holly Blue",1994,315,1.38,46,"1976-2024","UK"
27,"Celastrina argiolus","Holly Blue",1995,371,1.72,39,"1976-2024","UK"
27,"Celastrina argiolus","Holly Blue",1996,407,2.5,4,"1976-2024","UK"
27,"Celastrina argiolus","Holly Blue",1997,440,2.46,6,"1976-2024","UK"
27,"Celastrina argiolus","Holly Blue",1998,461,2.48,5,"1976-2024","UK"
27,"Celastrina argiolus","Holly Blue",1999,467,1.96,30,"1976-2024","UK"
27,"Celastrina argiolus","Holly Blue",2000,500,1.75,37,"1976-2024","UK"
27,"Celastrina argiolus","Holly Blue",2001,477,2.03,28,"1976-2024","UK"
27,"Celastrina argiolus","Holly Blue",2002,551,2.2,16,"1976-2024","UK"
27,"Celastrina argiolus","Holly Blue",2003,603,1.88,33,"1976-2024","UK"
27,"Celastrina argiolus","Holly Blue",2004,634,2.25,10,"1976-2024","UK"
27,"Celastrina argiolus","Holly Blue",2005,662,2.12,22,"1976-2024","UK"
27,"Celastrina argiolus","Holly Blue",2006,707,1.99,29,"1976-2024","UK"
27,"Celastrina argiolus","Holly Blue",2007,869,2.22,14,"1976-2024","UK"
27,"Celastrina argiolus","Holly Blue",2008,879,2.07,25,"1976-2024","UK"
27,"Celastrina argiolus","Holly Blue",2009,1224,1.67,41,"1976-2024","UK"
27,"Celastrina argiolus","Holly Blue",2010,1262,2.15,17,"1976-2024","UK"
27,"Celastrina argiolus","Holly Blue",2011,1276,2.11,23,"1976-2024","UK"
27,"Celastrina argiolus","Holly Blue",2012,1305,1.95,31,"1976-2024","UK"
27,"Celastrina argiolus","Holly Blue",2013,1422,1.81,35,"1976-2024","UK"
27,"Celastrina argiolus","Holly Blue",2014,1523,1.74,38,"1976-2024","UK"
27,"Celastrina argiolus","Holly Blue",2015,1666,2.24,11,"1976-2024","UK"
27,"Celastrina argiolus","Holly Blue",2016,1742,2.06,26,"1976-2024","UK"
27,"Celastrina argiolus","Holly Blue",2017,1891,2.15,17,"1976-2024","UK"
27,"Celastrina argiolus","Holly Blue",2018,2012,2.35,7,"1976-2024","UK"
27,"Celastrina argiolus","Holly Blue",2019,2131,2.23,13,"1976-2024","UK"
27,"Celastrina argiolus","Holly Blue",2020,1814,2.24,11,"1976-2024","UK"
27,"Celastrina argiolus","Holly Blue",2021,2133,1.95,31,"1976-2024","UK"
27,"Celastrina argiolus","Holly Blue",2022,2313,2.21,15,"1976-2024","UK"
27,"Celastrina argiolus","Holly Blue",2023,2372,2.61,3,"1976-2024","UK"
27,"Celastrina argiolus","Holly Blue",2024,2438,2.1,24,"1976-2024","UK"
29,"Coenonympha pamphilus","Small Heath",1976,36,2.38,1,"1976-2024","UK"
29,"Coenonympha pamphilus","Small Heath",1977,60,2.08,17,"1976-2024","UK"
29,"Coenonympha pamphilus","Small Heath",1978,65,2.06,20,"1976-2024","UK"
29,"Coenonympha pamphilus","Small Heath",1979,82,2.1,13,"1976-2024","UK"
29,"Coenonympha pamphilus","Small Heath",1980,87,2.09,16,"1976-2024","UK"
29,"Coenonympha pamphilus","Small Heath",1981,91,2.01,26,"1976-2024","UK"
29,"Coenonympha pamphilus","Small Heath",1982,95,2.21,4,"1976-2024","UK"
29,"Coenonympha pamphilus","Small Heath",1983,108,2.13,10,"1976-2024","UK"
29,"Coenonympha pamphilus","Small Heath",1984,116,2.19,5,"1976-2024","UK"
29,"Coenonympha pamphilus","Small Heath",1985,127,2.03,23,"1976-2024","UK"
29,"Coenonympha pamphilus","Small Heath",1986,132,2.19,5,"1976-2024","UK"
29,"Coenonympha pamphilus","Small Heath",1987,152,2.17,8,"1976-2024","UK"
29,"Coenonympha pamphilus","Small Heath",1988,175,2.08,17,"1976-2024","UK"
29,"Coenonympha pamphilus","Small Heath",1989,208,2.32,2,"1976-2024","UK"
29,"Coenonympha pamphilus","Small Heath",1990,234,2.26,3,"1976-2024","UK"
29,"Coenonympha pamphilus","Small Heath",1991,258,2.06,20,"1976-2024","UK"
29,"Coenonympha pamphilus","Small Heath",1992,285,2,28,"1976-2024","UK"
29,"Coenonympha pamphilus","Small Heath",1993,318,1.76,43,"1976-2024","UK"
29,"Coenonympha pamphilus","Small Heath",1994,339,1.83,40,"1976-2024","UK"
29,"Coenonympha pamphilus","Small Heath",1995,390,1.97,31,"1976-2024","UK"
29,"Coenonympha pamphilus","Small Heath",1996,429,2.14,9,"1976-2024","UK"
29,"Coenonympha pamphilus","Small Heath",1997,447,2.19,5,"1976-2024","UK"
29,"Coenonympha pamphilus","Small Heath",1998,455,1.94,33,"1976-2024","UK"
29,"Coenonympha pamphilus","Small Heath",1999,485,1.82,41,"1976-2024","UK"
29,"Coenonympha pamphilus","Small Heath",2000,519,1.69,47,"1976-2024","UK"
29,"Coenonympha pamphilus","Small Heath",2001,487,1.73,44,"1976-2024","UK"
29,"Coenonympha pamphilus","Small Heath",2002,563,1.68,49,"1976-2024","UK"
29,"Coenonympha pamphilus","Small Heath",2003,624,2.06,20,"1976-2024","UK"
29,"Coenonympha pamphilus","Small Heath",2004,642,2.1,13,"1976-2024","UK"
29,"Coenonympha pamphilus","Small Heath",2005,672,2.01,26,"1976-2024","UK"
29,"Coenonympha pamphilus","Small Heath",2006,734,1.96,32,"1976-2024","UK"
29,"Coenonympha pamphilus","Small Heath",2007,868,1.71,45,"1976-2024","UK"
29,"Coenonympha pamphilus","Small Heath",2008,881,1.69,47,"1976-2024","UK"
29,"Coenonympha pamphilus","Small Heath",2009,1170,1.82,41,"1976-2024","UK"
29,"Coenonympha pamphilus","Small Heath",2010,1171,2.03,23,"1976-2024","UK"
29,"Coenonympha pamphilus","Small Heath",2011,1222,2.07,19,"1976-2024","UK"
29,"Coenonympha pamphilus","Small Heath",2012,1214,1.91,36,"1976-2024","UK"
29,"Coenonympha pamphilus","Small Heath",2013,1359,2,28,"1976-2024","UK"
29,"Coenonympha pamphilus","Small Heath",2014,1466,1.89,37,"1976-2024","UK"
29,"Coenonympha pamphilus","Small Heath",2015,1590,1.84,39,"1976-2024","UK"
29,"Coenonympha pamphilus","Small Heath",2016,1655,1.71,45,"1976-2024","UK"
29,"Coenonympha pamphilus","Small Heath",2017,1765,1.93,34,"1976-2024","UK"
29,"Coenonympha pamphilus","Small Heath",2018,1884,2.11,12,"1976-2024","UK"
29,"Coenonympha pamphilus","Small Heath",2019,1958,2.13,10,"1976-2024","UK"
29,"Coenonympha pamphilus","Small Heath",2020,1652,2.1,13,"1976-2024","UK"
29,"Coenonympha pamphilus","Small Heath",2021,1960,2.02,25,"1976-2024","UK"
29,"Coenonympha pamphilus","Small Heath",2022,2091,1.88,38,"1976-2024","UK"
29,"Coenonympha pamphilus","Small Heath",2023,2140,1.99,30,"1976-2024","UK"
29,"Coenonympha pamphilus","Small Heath",2024,2190,1.92,35,"1976-2024","UK"
30,"Coenonympha tullia","Large Heath",1990,9,1.79,24,"1976-2024","UK"
30,"Coenonympha tullia","Large Heath",1991,8,1.52,34,"1976-2024","UK"
30,"Coenonympha tullia","Large Heath",1992,10,1.74,28,"1976-2024","UK"
30,"Coenonympha tullia","Large Heath",1993,11,1.62,33,"1976-2024","UK"
30,"Coenonympha tullia","Large Heath",1994,12,1.75,27,"1976-2024","UK"
30,"Coenonympha tullia","Large Heath",1995,14,1.63,32,"1976-2024","UK"
30,"Coenonympha tullia","Large Heath",1996,15,1.83,23,"1976-2024","UK"
30,"Coenonympha tullia","Large Heath",1997,17,1.73,29,"1976-2024","UK"
30,"Coenonympha tullia","Large Heath",1998,16,1.42,35,"1976-2024","UK"
30,"Coenonympha tullia","Large Heath",1999,16,1.64,31,"1976-2024","UK"
30,"Coenonympha tullia","Large Heath",2000,16,1.72,30,"1976-2024","UK"
30,"Coenonympha tullia","Large Heath",2001,16,1.92,21,"1976-2024","UK"
30,"Coenonympha tullia","Large Heath",2002,21,1.77,26,"1976-2024","UK"
30,"Coenonympha tullia","Large Heath",2003,20,2.02,19,"1976-2024","UK"
30,"Coenonympha tullia","Large Heath",2004,21,2.1,16,"1976-2024","UK"
30,"Coenonympha tullia","Large Heath",2005,24,2.13,12,"1976-2024","UK"
30,"Coenonympha tullia","Large Heath",2006,27,2.24,7,"1976-2024","UK"
30,"Coenonympha tullia","Large Heath",2007,30,2.12,14,"1976-2024","UK"
30,"Coenonympha tullia","Large Heath",2008,24,2.12,14,"1976-2024","UK"
30,"Coenonympha tullia","Large Heath",2009,32,2.45,3,"1976-2024","UK"
30,"Coenonympha tullia","Large Heath",2010,31,2.6,2,"1976-2024","UK"
30,"Coenonympha tullia","Large Heath",2011,33,2.69,1,"1976-2024","UK"
30,"Coenonympha tullia","Large Heath",2012,25,2.1,16,"1976-2024","UK"
30,"Coenonympha tullia","Large Heath",2013,32,2.13,12,"1976-2024","UK"
30,"Coenonympha tullia","Large Heath",2014,34,2.14,11,"1976-2024","UK"
30,"Coenonympha tullia","Large Heath",2015,36,2.1,16,"1976-2024","UK"
30,"Coenonympha tullia","Large Heath",2016,46,1.86,22,"1976-2024","UK"
30,"Coenonympha tullia","Large Heath",2017,39,1.79,24,"1976-2024","UK"
30,"Coenonympha tullia","Large Heath",2018,44,2.25,5,"1976-2024","UK"
30,"Coenonympha tullia","Large Heath",2019,38,2.28,4,"1976-2024","UK"
30,"Coenonympha tullia","Large Heath",2020,34,2.16,10,"1976-2024","UK"
30,"Coenonympha tullia","Large Heath",2021,43,2.25,5,"1976-2024","UK"
30,"Coenonympha tullia","Large Heath",2022,42,2.17,9,"1976-2024","UK"
30,"Coenonympha tullia","Large Heath",2023,46,2.23,8,"1976-2024","UK"
30,"Coenonympha tullia","Large Heath",2024,41,2,20,"1976-2024","UK"
34,"Colias croceus","Clouded Yellow",1979,67,0.9,43,"1976-2024","UK"
34,"Colias croceus","Clouded Yellow",1980,74,1.93,26,"1976-2024","UK"
34,"Colias croceus","Clouded Yellow",1981,78,1.67,32,"1976-2024","UK"
34,"Colias croceus","Clouded Yellow",1982,83,1.79,29,"1976-2024","UK"
34,"Colias croceus","Clouded Yellow",1983,97,3.37,2,"1976-2024","UK"
34,"Colias croceus","Clouded Yellow",1984,101,2.05,23,"1976-2024","UK"
34,"Colias croceus","Clouded Yellow",1985,111,1.3,37,"1976-2024","UK"
34,"Colias croceus","Clouded Yellow",1986,120,1.18,38,"1976-2024","UK"
34,"Colias croceus","Clouded Yellow",1987,134,1.08,41,"1976-2024","UK"
34,"Colias croceus","Clouded Yellow",1988,151,0.54,46,"1976-2024","UK"
34,"Colias croceus","Clouded Yellow",1989,173,1.9,27,"1976-2024","UK"
34,"Colias croceus","Clouded Yellow",1990,198,1.94,25,"1976-2024","UK"
34,"Colias croceus","Clouded Yellow",1991,215,0.95,42,"1976-2024","UK"
34,"Colias croceus","Clouded Yellow",1992,240,2.87,6,"1976-2024","UK"
34,"Colias croceus","Clouded Yellow",1993,263,0.78,44,"1976-2024","UK"
34,"Colias croceus","Clouded Yellow",1994,289,2.58,11,"1976-2024","UK"
34,"Colias croceus","Clouded Yellow",1995,333,0.71,45,"1976-2024","UK"
34,"Colias croceus","Clouded Yellow",1996,374,3.12,4,"1976-2024","UK"
34,"Colias croceus","Clouded Yellow",1997,373,1.18,38,"1976-2024","UK"
34,"Colias croceus","Clouded Yellow",1998,389,2.59,10,"1976-2024","UK"
34,"Colias croceus","Clouded Yellow",1999,411,1.44,33,"1976-2024","UK"
34,"Colias croceus","Clouded Yellow",2000,459,3.41,1,"1976-2024","UK"
34,"Colias croceus","Clouded Yellow",2001,414,1.36,34,"1976-2024","UK"
34,"Colias croceus","Clouded Yellow",2002,469,2.73,9,"1976-2024","UK"
34,"Colias croceus","Clouded Yellow",2003,506,2.79,7,"1976-2024","UK"
34,"Colias croceus","Clouded Yellow",2004,514,2.55,13,"1976-2024","UK"
34,"Colias croceus","Clouded Yellow",2005,543,2.38,16,"1976-2024","UK"
34,"Colias croceus","Clouded Yellow",2006,590,3.18,3,"1976-2024","UK"
34,"Colias croceus","Clouded Yellow",2007,616,2.45,14,"1976-2024","UK"
34,"Colias croceus","Clouded Yellow",2008,640,1.32,35,"1976-2024","UK"
34,"Colias croceus","Clouded Yellow",2009,775,2.32,18,"1976-2024","UK"
34,"Colias croceus","Clouded Yellow",2010,770,1.69,31,"1976-2024","UK"
34,"Colias croceus","Clouded Yellow",2011,782,1.78,30,"1976-2024","UK"
34,"Colias croceus","Clouded Yellow",2012,792,1.31,36,"1976-2024","UK"
34,"Colias croceus","Clouded Yellow",2013,876,2.91,5,"1976-2024","UK"
34,"Colias croceus","Clouded Yellow",2014,940,2.74,8,"1976-2024","UK"
34,"Colias croceus","Clouded Yellow",2015,999,2.26,20,"1976-2024","UK"
34,"Colias croceus","Clouded Yellow",2016,1010,2.33,17,"1976-2024","UK"
34,"Colias croceus","Clouded Yellow",2017,1050,2.19,22,"1976-2024","UK"
34,"Colias croceus","Clouded Yellow",2018,1093,2.27,19,"1976-2024","UK"
34,"Colias croceus","Clouded Yellow",2019,1102,2.23,21,"1976-2024","UK"
34,"Colias croceus","Clouded Yellow",2020,925,2.45,14,"1976-2024","UK"
34,"Colias croceus","Clouded Yellow",2021,1023,2.01,24,"1976-2024","UK"
34,"Colias croceus","Clouded Yellow",2022,1054,2.56,12,"1976-2024","UK"
34,"Colias croceus","Clouded Yellow",2023,1025,1.81,28,"1976-2024","UK"
34,"Colias croceus","Clouded Yellow",2024,1017,1.13,40,"1976-2024","UK"
36,"Cupido minimus","Small Blue",1978,15,2.02,25,"1976-2024","UK"
36,"Cupido minimus","Small Blue",1979,20,2.05,22,"1976-2024","UK"
36,"Cupido minimus","Small Blue",1980,23,1.96,29,"1976-2024","UK"
36,"Cupido minimus","Small Blue",1981,24,1.48,46,"1976-2024","UK"
36,"Cupido minimus","Small Blue",1982,26,1.52,45,"1976-2024","UK"
36,"Cupido minimus","Small Blue",1983,30,1.45,47,"1976-2024","UK"
36,"Cupido minimus","Small Blue",1984,29,2,27,"1976-2024","UK"
36,"Cupido minimus","Small Blue",1985,33,2.09,18,"1976-2024","UK"
36,"Cupido minimus","Small Blue",1986,37,2.43,1,"1976-2024","UK"
36,"Cupido minimus","Small Blue",1987,41,2.43,1,"1976-2024","UK"
36,"Cupido minimus","Small Blue",1988,48,2.26,3,"1976-2024","UK"
36,"Cupido minimus","Small Blue",1989,60,2.24,5,"1976-2024","UK"
36,"Cupido minimus","Small Blue",1990,67,2.08,19,"1976-2024","UK"
36,"Cupido minimus","Small Blue",1991,75,1.98,28,"1976-2024","UK"
36,"Cupido minimus","Small Blue",1992,85,2.12,12,"1976-2024","UK"
36,"Cupido minimus","Small Blue",1993,93,2.05,22,"1976-2024","UK"
36,"Cupido minimus","Small Blue",1994,94,2.25,4,"1976-2024","UK"
36,"Cupido minimus","Small Blue",1995,113,1.84,38,"1976-2024","UK"
36,"Cupido minimus","Small Blue",1996,122,1.69,44,"1976-2024","UK"
36,"Cupido minimus","Small Blue",1997,125,1.76,42,"1976-2024","UK"
36,"Cupido minimus","Small Blue",1998,125,1.88,37,"1976-2024","UK"
36,"Cupido minimus","Small Blue",1999,128,2.06,21,"1976-2024","UK"
36,"Cupido minimus","Small Blue",2000,139,2.04,24,"1976-2024","UK"
36,"Cupido minimus","Small Blue",2001,141,1.95,30,"1976-2024","UK"
36,"Cupido minimus","Small Blue",2002,146,1.72,43,"1976-2024","UK"
36,"Cupido minimus","Small Blue",2003,154,1.95,30,"1976-2024","UK"
36,"Cupido minimus","Small Blue",2004,158,2.13,10,"1976-2024","UK"
36,"Cupido minimus","Small Blue",2005,169,2.1,16,"1976-2024","UK"
36,"Cupido minimus","Small Blue",2006,179,2.08,19,"1976-2024","UK"
36,"Cupido minimus","Small Blue",2007,192,1.78,41,"1976-2024","UK"
36,"Cupido minimus","Small Blue",2008,209,1.82,40,"1976-2024","UK"
36,"Cupido minimus","Small Blue",2009,234,2.11,15,"1976-2024","UK"
36,"Cupido minimus","Small Blue",2010,233,2.12,12,"1976-2024","UK"
36,"Cupido minimus","Small Blue",2011,244,2.22,6,"1976-2024","UK"
36,"Cupido minimus","Small Blue",2012,235,1.92,34,"1976-2024","UK"
36,"Cupido minimus","Small Blue",2013,250,1.95,30,"1976-2024","UK"
36,"Cupido minimus","Small Blue",2014,277,1.83,39,"1976-2024","UK"
36,"Cupido minimus","Small Blue",2015,302,1.9,36,"1976-2024","UK"
36,"Cupido minimus","Small Blue",2016,314,2.13,10,"1976-2024","UK"
36,"Cupido minimus","Small Blue",2017,329,2.02,25,"1976-2024","UK"
36,"Cupido minimus","Small Blue",2018,354,1.95,30,"1976-2024","UK"
36,"Cupido minimus","Small Blue",2019,364,2.2,7,"1976-2024","UK"
36,"Cupido minimus","Small Blue",2020,312,2.15,9,"1976-2024","UK"
36,"Cupido minimus","Small Blue",2021,369,2.1,16,"1976-2024","UK"
36,"Cupido minimus","Small Blue",2022,390,2.18,8,"1976-2024","UK"
36,"Cupido minimus","Small Blue",2023,408,2.12,12,"1976-2024","UK"
36,"Cupido minimus","Small Blue",2024,408,1.91,35,"1976-2024","UK"
42,"Erebia aethiops","Scotch Argus",1979,5,1.09,46,"1976-2024","UK"
42,"Erebia aethiops","Scotch Argus",1980,5,1.85,37,"1976-2024","UK"
42,"Erebia aethiops","Scotch Argus",1981,5,1.53,43,"1976-2024","UK"
42,"Erebia aethiops","Scotch Argus",1982,6,1.9,34,"1976-2024","UK"
42,"Erebia aethiops","Scotch Argus",1983,6,1.34,45,"1976-2024","UK"
42,"Erebia aethiops","Scotch Argus",1984,6,1.58,42,"1976-2024","UK"
42,"Erebia aethiops","Scotch Argus",1985,7,2.16,15,"1976-2024","UK"
42,"Erebia aethiops","Scotch Argus",1986,7,2.21,6,"1976-2024","UK"
42,"Erebia aethiops","Scotch Argus",1987,7,2.34,1,"1976-2024","UK"
42,"Erebia aethiops","Scotch Argus",1988,9,2.19,10,"1976-2024","UK"
42,"Erebia aethiops","Scotch Argus",1989,12,2.07,25,"1976-2024","UK"
42,"Erebia aethiops","Scotch Argus",1990,12,2.02,27,"1976-2024","UK"
42,"Erebia aethiops","Scotch Argus",1991,12,2.2,8,"1976-2024","UK"
42,"Erebia aethiops","Scotch Argus",1992,15,2.21,6,"1976-2024","UK"
42,"Erebia aethiops","Scotch Argus",1993,13,2.13,19,"1976-2024","UK"
42,"Erebia aethiops","Scotch Argus",1994,16,2.31,2,"1976-2024","UK"
42,"Erebia aethiops","Scotch Argus",1995,18,2.22,5,"1976-2024","UK"
42,"Erebia aethiops","Scotch Argus",1996,20,2.2,8,"1976-2024","UK"
42,"Erebia aethiops","Scotch Argus",1997,19,2.13,19,"1976-2024","UK"
42,"Erebia aethiops","Scotch Argus",1998,20,2.09,23,"1976-2024","UK"
42,"Erebia aethiops","Scotch Argus",1999,21,2.11,22,"1976-2024","UK"
42,"Erebia aethiops","Scotch Argus",2000,22,2.16,15,"1976-2024","UK"
42,"Erebia aethiops","Scotch Argus",2001,20,2.19,10,"1976-2024","UK"
42,"Erebia aethiops","Scotch Argus",2002,27,2.19,10,"1976-2024","UK"
42,"Erebia aethiops","Scotch Argus",2003,28,2.28,4,"1976-2024","UK"
42,"Erebia aethiops","Scotch Argus",2004,35,2.18,14,"1976-2024","UK"
42,"Erebia aethiops","Scotch Argus",2005,35,2.16,15,"1976-2024","UK"
42,"Erebia aethiops","Scotch Argus",2006,33,2.09,23,"1976-2024","UK"
42,"Erebia aethiops","Scotch Argus",2007,45,1.9,34,"1976-2024","UK"
42,"Erebia aethiops","Scotch Argus",2008,38,1.96,30,"1976-2024","UK"
42,"Erebia aethiops","Scotch Argus",2009,51,2.03,26,"1976-2024","UK"
42,"Erebia aethiops","Scotch Argus",2010,47,2.13,19,"1976-2024","UK"
42,"Erebia aethiops","Scotch Argus",2011,58,2.16,15,"1976-2024","UK"
42,"Erebia aethiops","Scotch Argus",2012,45,2.3,3,"1976-2024","UK"
42,"Erebia aethiops","Scotch Argus",2013,49,2.19,10,"1976-2024","UK"
42,"Erebia aethiops","Scotch Argus",2014,47,1.9,34,"1976-2024","UK"
42,"Erebia aethiops","Scotch Argus",2015,46,2,28,"1976-2024","UK"
42,"Erebia aethiops","Scotch Argus",2016,51,1.85,37,"1976-2024","UK"
42,"Erebia aethiops","Scotch Argus",2017,44,1.84,39,"1976-2024","UK"
42,"Erebia aethiops","Scotch Argus",2018,44,1.96,30,"1976-2024","UK"
42,"Erebia aethiops","Scotch Argus",2019,39,1.91,32,"1976-2024","UK"
42,"Erebia aethiops","Scotch Argus",2020,35,1.99,29,"1976-2024","UK"
42,"Erebia aethiops","Scotch Argus",2021,38,1.91,32,"1976-2024","UK"
42,"Erebia aethiops","Scotch Argus",2022,36,1.72,40,"1976-2024","UK"
42,"Erebia aethiops","Scotch Argus",2023,41,1.62,41,"1976-2024","UK"
42,"Erebia aethiops","Scotch Argus",2024,29,1.5,44,"1976-2024","UK"
46,"Erynnis tages","Dingy Skipper",1976,16,2.24,1,"1976-2024","UK"
46,"Erynnis tages","Dingy Skipper",1977,20,1.61,49,"1976-2024","UK"
46,"Erynnis tages","Dingy Skipper",1978,23,1.87,42,"1976-2024","UK"
46,"Erynnis tages","Dingy Skipper",1979,31,2.1,11,"1976-2024","UK"
46,"Erynnis tages","Dingy Skipper",1980,36,2.1,11,"1976-2024","UK"
46,"Erynnis tages","Dingy Skipper",1981,39,1.92,38,"1976-2024","UK"
46,"Erynnis tages","Dingy Skipper",1982,42,2.09,13,"1976-2024","UK"
46,"Erynnis tages","Dingy Skipper",1983,44,2.08,16,"1976-2024","UK"
46,"Erynnis tages","Dingy Skipper",1984,51,2.13,6,"1976-2024","UK"
46,"Erynnis tages","Dingy Skipper",1985,57,2.12,8,"1976-2024","UK"
46,"Erynnis tages","Dingy Skipper",1986,66,2,24,"1976-2024","UK"
46,"Erynnis tages","Dingy Skipper",1987,81,2.11,10,"1976-2024","UK"
46,"Erynnis tages","Dingy Skipper",1988,99,2.16,4,"1976-2024","UK"
46,"Erynnis tages","Dingy Skipper",1989,120,2,24,"1976-2024","UK"
46,"Erynnis tages","Dingy Skipper",1990,138,2.19,2,"1976-2024","UK"
46,"Erynnis tages","Dingy Skipper",1991,151,2,24,"1976-2024","UK"
46,"Erynnis tages","Dingy Skipper",1992,167,1.98,28,"1976-2024","UK"
46,"Erynnis tages","Dingy Skipper",1993,180,1.97,29,"1976-2024","UK"
46,"Erynnis tages","Dingy Skipper",1994,185,1.91,39,"1976-2024","UK"
46,"Erynnis tages","Dingy Skipper",1995,211,2.04,20,"1976-2024","UK"
46,"Erynnis tages","Dingy Skipper",1996,236,1.86,44,"1976-2024","UK"
46,"Erynnis tages","Dingy Skipper",1997,246,2.18,3,"1976-2024","UK"
46,"Erynnis tages","Dingy Skipper",1998,248,1.96,31,"1976-2024","UK"
46,"Erynnis tages","Dingy Skipper",1999,252,1.94,33,"1976-2024","UK"
46,"Erynnis tages","Dingy Skipper",2000,276,1.9,40,"1976-2024","UK"
46,"Erynnis tages","Dingy Skipper",2001,259,1.85,45,"1976-2024","UK"
46,"Erynnis tages","Dingy Skipper",2002,297,1.96,31,"1976-2024","UK"
46,"Erynnis tages","Dingy Skipper",2003,335,1.94,33,"1976-2024","UK"
46,"Erynnis tages","Dingy Skipper",2004,337,1.99,27,"1976-2024","UK"
46,"Erynnis tages","Dingy Skipper",2005,346,1.94,33,"1976-2024","UK"
46,"Erynnis tages","Dingy Skipper",2006,359,1.85,45,"1976-2024","UK"
46,"Erynnis tages","Dingy Skipper",2007,385,1.87,42,"1976-2024","UK"
46,"Erynnis tages","Dingy Skipper",2008,400,1.79,47,"1976-2024","UK"
46,"Erynnis tages","Dingy Skipper",2009,427,1.94,33,"1976-2024","UK"
46,"Erynnis tages","Dingy Skipper",2010,433,2.05,19,"1976-2024","UK"
46,"Erynnis tages","Dingy Skipper",2011,447,2.14,5,"1976-2024","UK"
46,"Erynnis tages","Dingy Skipper",2012,416,2.03,21,"1976-2024","UK"
46,"Erynnis tages","Dingy Skipper",2013,462,2.02,22,"1976-2024","UK"
46,"Erynnis tages","Dingy Skipper",2014,512,2.09,13,"1976-2024","UK"
46,"Erynnis tages","Dingy Skipper",2015,583,2.09,13,"1976-2024","UK"
46,"Erynnis tages","Dingy Skipper",2016,609,2.02,22,"1976-2024","UK"
46,"Erynnis tages","Dingy Skipper",2017,637,1.93,37,"1976-2024","UK"
46,"Erynnis tages","Dingy Skipper",2018,676,1.97,29,"1976-2024","UK"
46,"Erynnis tages","Dingy Skipper",2019,698,2.06,18,"1976-2024","UK"
46,"Erynnis tages","Dingy Skipper",2020,621,2.12,8,"1976-2024","UK"
46,"Erynnis tages","Dingy Skipper",2021,729,2.07,17,"1976-2024","UK"
46,"Erynnis tages","Dingy Skipper",2022,750,2.13,6,"1976-2024","UK"
46,"Erynnis tages","Dingy Skipper",2023,753,1.9,40,"1976-2024","UK"
46,"Erynnis tages","Dingy Skipper",2024,764,1.76,48,"1976-2024","UK"
50,"Euphydryas aurinia","Marsh Fritillary",1981,10,1.52,42,"1976-2024","UK"
50,"Euphydryas aurinia","Marsh Fritillary",1982,11,2.53,2,"1976-2024","UK"
50,"Euphydryas aurinia","Marsh Fritillary",1983,14,2.62,1,"1976-2024","UK"
50,"Euphydryas aurinia","Marsh Fritillary",1984,19,2.16,14,"1976-2024","UK"
50,"Euphydryas aurinia","Marsh Fritillary",1985,23,1.65,40,"1976-2024","UK"
50,"Euphydryas aurinia","Marsh Fritillary",1986,25,1.51,43,"1976-2024","UK"
50,"Euphydryas aurinia","Marsh Fritillary",1987,27,1.76,36,"1976-2024","UK"
50,"Euphydryas aurinia","Marsh Fritillary",1988,35,1.74,38,"1976-2024","UK"
50,"Euphydryas aurinia","Marsh Fritillary",1989,42,1.75,37,"1976-2024","UK"
50,"Euphydryas aurinia","Marsh Fritillary",1990,47,2.08,16,"1976-2024","UK"
50,"Euphydryas aurinia","Marsh Fritillary",1991,61,2.19,11,"1976-2024","UK"
50,"Euphydryas aurinia","Marsh Fritillary",1992,63,2.17,13,"1976-2024","UK"
50,"Euphydryas aurinia","Marsh Fritillary",1993,80,2.22,10,"1976-2024","UK"
50,"Euphydryas aurinia","Marsh Fritillary",1994,93,2.29,5,"1976-2024","UK"
50,"Euphydryas aurinia","Marsh Fritillary",1995,102,1.78,35,"1976-2024","UK"
50,"Euphydryas aurinia","Marsh Fritillary",1996,106,1.96,25,"1976-2024","UK"
50,"Euphydryas aurinia","Marsh Fritillary",1997,130,1.82,33,"1976-2024","UK"
50,"Euphydryas aurinia","Marsh Fritillary",1998,120,1.61,41,"1976-2024","UK"
50,"Euphydryas aurinia","Marsh Fritillary",1999,119,2.05,18,"1976-2024","UK"
50,"Euphydryas aurinia","Marsh Fritillary",2000,113,2.28,7,"1976-2024","UK"
50,"Euphydryas aurinia","Marsh Fritillary",2001,104,2.47,3,"1976-2024","UK"
50,"Euphydryas aurinia","Marsh Fritillary",2002,119,1.95,26,"1976-2024","UK"
50,"Euphydryas aurinia","Marsh Fritillary",2003,111,1.99,23,"1976-2024","UK"
50,"Euphydryas aurinia","Marsh Fritillary",2004,122,1.9,30,"1976-2024","UK"
50,"Euphydryas aurinia","Marsh Fritillary",2005,135,2.19,11,"1976-2024","UK"
50,"Euphydryas aurinia","Marsh Fritillary",2006,135,2.33,4,"1976-2024","UK"
50,"Euphydryas aurinia","Marsh Fritillary",2007,156,2.03,21,"1976-2024","UK"
50,"Euphydryas aurinia","Marsh Fritillary",2008,156,1.7,39,"1976-2024","UK"
50,"Euphydryas aurinia","Marsh Fritillary",2009,172,1.97,24,"1976-2024","UK"
50,"Euphydryas aurinia","Marsh Fritillary",2010,171,2.29,5,"1976-2024","UK"
50,"Euphydryas aurinia","Marsh Fritillary",2011,173,1.88,31,"1976-2024","UK"
50,"Euphydryas aurinia","Marsh Fritillary",2012,166,1.43,44,"1976-2024","UK"
50,"Euphydryas aurinia","Marsh Fritillary",2013,175,1.91,28,"1976-2024","UK"
50,"Euphydryas aurinia","Marsh Fritillary",2014,188,2.25,8,"1976-2024","UK"
50,"Euphydryas aurinia","Marsh Fritillary",2015,212,2.06,17,"1976-2024","UK"
50,"Euphydryas aurinia","Marsh Fritillary",2016,210,1.95,26,"1976-2024","UK"
50,"Euphydryas aurinia","Marsh Fritillary",2017,228,1.85,32,"1976-2024","UK"
50,"Euphydryas aurinia","Marsh Fritillary",2018,235,2,22,"1976-2024","UK"
50,"Euphydryas aurinia","Marsh Fritillary",2019,238,2.05,18,"1976-2024","UK"
50,"Euphydryas aurinia","Marsh Fritillary",2020,231,1.81,34,"1976-2024","UK"
50,"Euphydryas aurinia","Marsh Fritillary",2021,236,1.91,28,"1976-2024","UK"
50,"Euphydryas aurinia","Marsh Fritillary",2022,238,2.04,20,"1976-2024","UK"
50,"Euphydryas aurinia","Marsh Fritillary",2023,249,2.23,9,"1976-2024","UK"
50,"Euphydryas aurinia","Marsh Fritillary",2024,213,2.11,15,"1976-2024","UK"
13,"Fabriciana adippe","High Brown Fritillary",1978,7,2.04,18,"1976-2024","UK"
13,"Fabriciana adippe","High Brown Fritillary",1979,9,2.1,16,"1976-2024","UK"
13,"Fabriciana adippe","High Brown Fritillary",1980,9,1.97,23,"1976-2024","UK"
13,"Fabriciana adippe","High Brown Fritillary",1981,10,1.72,39,"1976-2024","UK"
13,"Fabriciana adippe","High Brown Fritillary",1982,11,2.03,20,"1976-2024","UK"
13,"Fabriciana adippe","High Brown Fritillary",1983,11,1.93,27,"1976-2024","UK"
13,"Fabriciana adippe","High Brown Fritillary",1984,12,2.16,14,"1976-2024","UK"
13,"Fabriciana adippe","High Brown Fritillary",1985,12,1.92,29,"1976-2024","UK"
13,"Fabriciana adippe","High Brown Fritillary",1986,12,2.17,12,"1976-2024","UK"
13,"Fabriciana adippe","High Brown Fritillary",1987,13,2.51,4,"1976-2024","UK"
13,"Fabriciana adippe","High Brown Fritillary",1988,16,2.4,6,"1976-2024","UK"
13,"Fabriciana adippe","High Brown Fritillary",1989,17,2.31,8,"1976-2024","UK"
13,"Fabriciana adippe","High Brown Fritillary",1990,20,2.17,12,"1976-2024","UK"
13,"Fabriciana adippe","High Brown Fritillary",1991,25,1.89,31,"1976-2024","UK"
13,"Fabriciana adippe","High Brown Fritillary",1992,32,2.63,2,"1976-2024","UK"
13,"Fabriciana adippe","High Brown Fritillary",1993,35,2.27,9,"1976-2024","UK"
13,"Fabriciana adippe","High Brown Fritillary",1994,47,2.53,3,"1976-2024","UK"
13,"Fabriciana adippe","High Brown Fritillary",1995,48,2.81,1,"1976-2024","UK"
13,"Fabriciana adippe","High Brown Fritillary",1996,63,2.4,6,"1976-2024","UK"
13,"Fabriciana adippe","High Brown Fritillary",1997,67,2.41,5,"1976-2024","UK"
13,"Fabriciana adippe","High Brown Fritillary",1998,57,1.94,25,"1976-2024","UK"
13,"Fabriciana adippe","High Brown Fritillary",1999,63,2.04,18,"1976-2024","UK"
13,"Fabriciana adippe","High Brown Fritillary",2000,59,1.83,35,"1976-2024","UK"
13,"Fabriciana adippe","High Brown Fritillary",2001,37,2.18,11,"1976-2024","UK"
13,"Fabriciana adippe","High Brown Fritillary",2002,79,1.67,40,"1976-2024","UK"
13,"Fabriciana adippe","High Brown Fritillary",2003,81,1.97,23,"1976-2024","UK"
13,"Fabriciana adippe","High Brown Fritillary",2004,66,2.22,10,"1976-2024","UK"
13,"Fabriciana adippe","High Brown Fritillary",2005,67,1.79,36,"1976-2024","UK"
13,"Fabriciana adippe","High Brown Fritillary",2006,73,1.79,36,"1976-2024","UK"
13,"Fabriciana adippe","High Brown Fritillary",2007,69,1.76,38,"1976-2024","UK"
13,"Fabriciana adippe","High Brown Fritillary",2008,81,1.54,46,"1976-2024","UK"
13,"Fabriciana adippe","High Brown Fritillary",2009,79,1.65,42,"1976-2024","UK"
13,"Fabriciana adippe","High Brown Fritillary",2010,75,1.57,44,"1976-2024","UK"
13,"Fabriciana adippe","High Brown Fritillary",2011,72,1.56,45,"1976-2024","UK"
13,"Fabriciana adippe","High Brown Fritillary",2012,67,1.31,47,"1976-2024","UK"
13,"Fabriciana adippe","High Brown Fritillary",2013,73,1.67,40,"1976-2024","UK"
13,"Fabriciana adippe","High Brown Fritillary",2014,77,2.11,15,"1976-2024","UK"
13,"Fabriciana adippe","High Brown Fritillary",2015,79,1.88,32,"1976-2024","UK"
13,"Fabriciana adippe","High Brown Fritillary",2016,71,1.87,33,"1976-2024","UK"
13,"Fabriciana adippe","High Brown Fritillary",2017,67,1.94,25,"1976-2024","UK"
13,"Fabriciana adippe","High Brown Fritillary",2018,72,2.01,21,"1976-2024","UK"
13,"Fabriciana adippe","High Brown Fritillary",2019,65,1.91,30,"1976-2024","UK"
13,"Fabriciana adippe","High Brown Fritillary",2020,55,1.98,22,"1976-2024","UK"
13,"Fabriciana adippe","High Brown Fritillary",2021,59,1.93,27,"1976-2024","UK"
13,"Fabriciana adippe","High Brown Fritillary",2022,61,1.85,34,"1976-2024","UK"
13,"Fabriciana adippe","High Brown Fritillary",2023,58,2.07,17,"1976-2024","UK"
13,"Fabriciana adippe","High Brown Fritillary",2024,61,1.58,43,"1976-2024","UK"
116,"Favonius quercus","Purple Hairstreak",1976,24,2.76,1,"1976-2024","UK"
116,"Favonius quercus","Purple Hairstreak",1977,28,1.95,29,"1976-2024","UK"
116,"Favonius quercus","Purple Hairstreak",1978,31,2.21,8,"1976-2024","UK"
116,"Favonius quercus","Purple Hairstreak",1979,38,1.96,27,"1976-2024","UK"
116,"Favonius quercus","Purple Hairstreak",1980,41,1.87,39,"1976-2024","UK"
116,"Favonius quercus","Purple Hairstreak",1981,42,2.61,2,"1976-2024","UK"
116,"Favonius quercus","Purple Hairstreak",1982,43,1.99,22,"1976-2024","UK"
116,"Favonius quercus","Purple Hairstreak",1983,50,2.53,3,"1976-2024","UK"
116,"Favonius quercus","Purple Hairstreak",1984,59,2.31,5,"1976-2024","UK"
116,"Favonius quercus","Purple Hairstreak",1985,65,1.55,46,"1976-2024","UK"
116,"Favonius quercus","Purple Hairstreak",1986,70,1.51,48,"1976-2024","UK"
116,"Favonius quercus","Purple Hairstreak",1987,82,1.53,47,"1976-2024","UK"
116,"Favonius quercus","Purple Hairstreak",1988,94,1.34,49,"1976-2024","UK"
116,"Favonius quercus","Purple Hairstreak",1989,111,1.71,45,"1976-2024","UK"
116,"Favonius quercus","Purple Hairstreak",1990,127,1.9,36,"1976-2024","UK"
116,"Favonius quercus","Purple Hairstreak",1991,145,1.92,33,"1976-2024","UK"
116,"Favonius quercus","Purple Hairstreak",1992,165,2.02,21,"1976-2024","UK"
116,"Favonius quercus","Purple Hairstreak",1993,173,2.03,19,"1976-2024","UK"
116,"Favonius quercus","Purple Hairstreak",1994,193,1.97,25,"1976-2024","UK"
116,"Favonius quercus","Purple Hairstreak",1995,224,2.14,12,"1976-2024","UK"
116,"Favonius quercus","Purple Hairstreak",1996,254,2.14,12,"1976-2024","UK"
116,"Favonius quercus","Purple Hairstreak",1997,265,2.12,15,"1976-2024","UK"
116,"Favonius quercus","Purple Hairstreak",1998,280,2.22,7,"1976-2024","UK"
116,"Favonius quercus","Purple Hairstreak",1999,279,2.17,9,"1976-2024","UK"
116,"Favonius quercus","Purple Hairstreak",2000,296,2.14,12,"1976-2024","UK"
116,"Favonius quercus","Purple Hairstreak",2001,284,1.99,22,"1976-2024","UK"
116,"Favonius quercus","Purple Hairstreak",2002,317,2.26,6,"1976-2024","UK"
116,"Favonius quercus","Purple Hairstreak",2003,343,1.91,35,"1976-2024","UK"
116,"Favonius quercus","Purple Hairstreak",2004,349,2.17,9,"1976-2024","UK"
116,"Favonius quercus","Purple Hairstreak",2005,358,1.92,33,"1976-2024","UK"
116,"Favonius quercus","Purple Hairstreak",2006,373,1.95,29,"1976-2024","UK"
116,"Favonius quercus","Purple Hairstreak",2007,404,1.76,43,"1976-2024","UK"
116,"Favonius quercus","Purple Hairstreak",2008,432,1.88,37,"1976-2024","UK"
116,"Favonius quercus","Purple Hairstreak",2009,508,1.98,24,"1976-2024","UK"
116,"Favonius quercus","Purple Hairstreak",2010,526,1.97,25,"1976-2024","UK"
116,"Favonius quercus","Purple Hairstreak",2011,528,2.03,19,"1976-2024","UK"
116,"Favonius quercus","Purple Hairstreak",2012,538,1.73,44,"1976-2024","UK"
116,"Favonius quercus","Purple Hairstreak",2013,567,2.06,17,"1976-2024","UK"
116,"Favonius quercus","Purple Hairstreak",2014,616,1.77,42,"1976-2024","UK"
116,"Favonius quercus","Purple Hairstreak",2015,661,1.79,41,"1976-2024","UK"
116,"Favonius quercus","Purple Hairstreak",2016,686,1.88,37,"1976-2024","UK"
116,"Favonius quercus","Purple Hairstreak",2017,736,1.96,27,"1976-2024","UK"
116,"Favonius quercus","Purple Hairstreak",2018,784,2.42,4,"1976-2024","UK"
116,"Favonius quercus","Purple Hairstreak",2019,808,2.05,18,"1976-2024","UK"
116,"Favonius quercus","Purple Hairstreak",2020,690,2.15,11,"1976-2024","UK"
116,"Favonius quercus","Purple Hairstreak",2021,784,1.94,32,"1976-2024","UK"
116,"Favonius quercus","Purple Hairstreak",2022,815,1.95,29,"1976-2024","UK"
116,"Favonius quercus","Purple Hairstreak",2023,831,2.08,16,"1976-2024","UK"
116,"Favonius quercus","Purple Hairstreak",2024,837,1.82,40,"1976-2024","UK"
54,"Gonepteryx rhamni","Brimstone",1976,35,2.09,11,"1976-2024","UK"
54,"Gonepteryx rhamni","Brimstone",1977,47,2.1,8,"1976-2024","UK"
54,"Gonepteryx rhamni","Brimstone",1978,51,1.95,30,"1976-2024","UK"
54,"Gonepteryx rhamni","Brimstone",1979,61,1.91,37,"1976-2024","UK"
54,"Gonepteryx rhamni","Brimstone",1980,68,1.91,37,"1976-2024","UK"
54,"Gonepteryx rhamni","Brimstone",1981,70,1.81,47,"1976-2024","UK"
54,"Gonepteryx rhamni","Brimstone",1982,75,2.01,25,"1976-2024","UK"
54,"Gonepteryx rhamni","Brimstone",1983,86,1.99,27,"1976-2024","UK"
54,"Gonepteryx rhamni","Brimstone",1984,98,2.09,11,"1976-2024","UK"
54,"Gonepteryx rhamni","Brimstone",1985,106,2.07,16,"1976-2024","UK"
54,"Gonepteryx rhamni","Brimstone",1986,113,1.83,46,"1976-2024","UK"
54,"Gonepteryx rhamni","Brimstone",1987,135,1.75,48,"1976-2024","UK"
54,"Gonepteryx rhamni","Brimstone",1988,155,1.91,37,"1976-2024","UK"
54,"Gonepteryx rhamni","Brimstone",1989,188,1.85,44,"1976-2024","UK"
54,"Gonepteryx rhamni","Brimstone",1990,216,1.91,37,"1976-2024","UK"
54,"Gonepteryx rhamni","Brimstone",1991,237,2.07,16,"1976-2024","UK"
54,"Gonepteryx rhamni","Brimstone",1992,268,2.1,8,"1976-2024","UK"
54,"Gonepteryx rhamni","Brimstone",1993,294,1.94,31,"1976-2024","UK"
54,"Gonepteryx rhamni","Brimstone",1994,313,1.84,45,"1976-2024","UK"
54,"Gonepteryx rhamni","Brimstone",1995,377,1.94,31,"1976-2024","UK"
54,"Gonepteryx rhamni","Brimstone",1996,404,2.11,6,"1976-2024","UK"
54,"Gonepteryx rhamni","Brimstone",1997,438,2.03,24,"1976-2024","UK"
54,"Gonepteryx rhamni","Brimstone",1998,447,1.93,35,"1976-2024","UK"
54,"Gonepteryx rhamni","Brimstone",1999,475,1.91,37,"1976-2024","UK"
54,"Gonepteryx rhamni","Brimstone",2000,515,2.05,19,"1976-2024","UK"
54,"Gonepteryx rhamni","Brimstone",2001,478,1.96,29,"1976-2024","UK"
54,"Gonepteryx rhamni","Brimstone",2002,577,1.94,31,"1976-2024","UK"
54,"Gonepteryx rhamni","Brimstone",2003,617,1.91,37,"1976-2024","UK"
54,"Gonepteryx rhamni","Brimstone",2004,617,2.05,19,"1976-2024","UK"
54,"Gonepteryx rhamni","Brimstone",2005,644,2.04,21,"1976-2024","UK"
54,"Gonepteryx rhamni","Brimstone",2006,684,2.04,21,"1976-2024","UK"
54,"Gonepteryx rhamni","Brimstone",2007,804,2,26,"1976-2024","UK"
54,"Gonepteryx rhamni","Brimstone",2008,834,1.86,43,"1976-2024","UK"
54,"Gonepteryx rhamni","Brimstone",2009,1152,1.97,28,"1976-2024","UK"
54,"Gonepteryx rhamni","Brimstone",2010,1157,1.93,35,"1976-2024","UK"
54,"Gonepteryx rhamni","Brimstone",2011,1173,1.94,31,"1976-2024","UK"
54,"Gonepteryx rhamni","Brimstone",2012,1209,1.73,49,"1976-2024","UK"
54,"Gonepteryx rhamni","Brimstone",2013,1324,2.07,16,"1976-2024","UK"
54,"Gonepteryx rhamni","Brimstone",2014,1437,2.13,5,"1976-2024","UK"
54,"Gonepteryx rhamni","Brimstone",2015,1574,2.17,3,"1976-2024","UK"
54,"Gonepteryx rhamni","Brimstone",2016,1657,2.04,21,"1976-2024","UK"
54,"Gonepteryx rhamni","Brimstone",2017,1807,2.08,14,"1976-2024","UK"
54,"Gonepteryx rhamni","Brimstone",2018,1894,2.1,8,"1976-2024","UK"
54,"Gonepteryx rhamni","Brimstone",2019,2014,2.21,2,"1976-2024","UK"
54,"Gonepteryx rhamni","Brimstone",2020,1727,2.11,6,"1976-2024","UK"
54,"Gonepteryx rhamni","Brimstone",2021,2046,2.09,11,"1976-2024","UK"
54,"Gonepteryx rhamni","Brimstone",2022,2216,2.08,14,"1976-2024","UK"
54,"Gonepteryx rhamni","Brimstone",2023,2275,2.29,1,"1976-2024","UK"
54,"Gonepteryx rhamni","Brimstone",2024,2374,2.15,4,"1976-2024","UK"
56,"Hamearis lucina","Duke of Burgundy",1979,10,2.31,3,"1976-2024","UK"
56,"Hamearis lucina","Duke of Burgundy",1980,13,2.29,5,"1976-2024","UK"
56,"Hamearis lucina","Duke of Burgundy",1981,15,2.03,19,"1976-2024","UK"
56,"Hamearis lucina","Duke of Burgundy",1982,17,1.82,41,"1976-2024","UK"
56,"Hamearis lucina","Duke of Burgundy",1983,21,2.06,13,"1976-2024","UK"
56,"Hamearis lucina","Duke of Burgundy",1984,23,2.11,6,"1976-2024","UK"
56,"Hamearis lucina","Duke of Burgundy",1985,26,1.98,27,"1976-2024","UK"
56,"Hamearis lucina","Duke of Burgundy",1986,28,1.79,42,"1976-2024","UK"
56,"Hamearis lucina","Duke of Burgundy",1987,34,2.03,19,"1976-2024","UK"
56,"Hamearis lucina","Duke of Burgundy",1988,36,2,23,"1976-2024","UK"
56,"Hamearis lucina","Duke of Burgundy",1989,41,2.09,9,"1976-2024","UK"
56,"Hamearis lucina","Duke of Burgundy",1990,44,2.35,1,"1976-2024","UK"
56,"Hamearis lucina","Duke of Burgundy",1991,51,2.35,1,"1976-2024","UK"
56,"Hamearis lucina","Duke of Burgundy",1992,53,2.3,4,"1976-2024","UK"
56,"Hamearis lucina","Duke of Burgundy",1993,67,2.03,19,"1976-2024","UK"
56,"Hamearis lucina","Duke of Burgundy",1994,78,1.93,32,"1976-2024","UK"
56,"Hamearis lucina","Duke of Burgundy",1995,80,2.05,14,"1976-2024","UK"
56,"Hamearis lucina","Duke of Burgundy",1996,76,2,23,"1976-2024","UK"
56,"Hamearis lucina","Duke of Burgundy",1997,89,2.1,7,"1976-2024","UK"
56,"Hamearis lucina","Duke of Burgundy",1998,87,2.1,7,"1976-2024","UK"
56,"Hamearis lucina","Duke of Burgundy",1999,86,1.94,30,"1976-2024","UK"
56,"Hamearis lucina","Duke of Burgundy",2000,93,2.04,17,"1976-2024","UK"
56,"Hamearis lucina","Duke of Burgundy",2001,75,2.09,9,"1976-2024","UK"
56,"Hamearis lucina","Duke of Burgundy",2002,95,1.92,33,"1976-2024","UK"
56,"Hamearis lucina","Duke of Burgundy",2003,99,1.74,45,"1976-2024","UK"
56,"Hamearis lucina","Duke of Burgundy",2004,95,1.91,34,"1976-2024","UK"
56,"Hamearis lucina","Duke of Burgundy",2005,91,1.74,45,"1976-2024","UK"
56,"Hamearis lucina","Duke of Burgundy",2006,101,1.84,39,"1976-2024","UK"
56,"Hamearis lucina","Duke of Burgundy",2007,97,1.75,44,"1976-2024","UK"
56,"Hamearis lucina","Duke of Burgundy",2008,106,1.83,40,"1976-2024","UK"
56,"Hamearis lucina","Duke of Burgundy",2009,108,1.87,36,"1976-2024","UK"
56,"Hamearis lucina","Duke of Burgundy",2010,106,1.94,30,"1976-2024","UK"
56,"Hamearis lucina","Duke of Burgundy",2011,117,2.09,9,"1976-2024","UK"
56,"Hamearis lucina","Duke of Burgundy",2012,106,1.85,38,"1976-2024","UK"
56,"Hamearis lucina","Duke of Burgundy",2013,114,1.87,36,"1976-2024","UK"
56,"Hamearis lucina","Duke of Burgundy",2014,119,2,23,"1976-2024","UK"
56,"Hamearis lucina","Duke of Burgundy",2015,122,1.95,29,"1976-2024","UK"
56,"Hamearis lucina","Duke of Burgundy",2016,131,2.04,17,"1976-2024","UK"
56,"Hamearis lucina","Duke of Burgundy",2017,131,1.77,43,"1976-2024","UK"
56,"Hamearis lucina","Duke of Burgundy",2018,136,1.99,26,"1976-2024","UK"
56,"Hamearis lucina","Duke of Burgundy",2019,127,2.08,12,"1976-2024","UK"
56,"Hamearis lucina","Duke of Burgundy",2020,113,2.05,14,"1976-2024","UK"
56,"Hamearis lucina","Duke of Burgundy",2021,125,1.9,35,"1976-2024","UK"
56,"Hamearis lucina","Duke of Burgundy",2022,121,1.98,27,"1976-2024","UK"
56,"Hamearis lucina","Duke of Burgundy",2023,126,2.05,14,"1976-2024","UK"
56,"Hamearis lucina","Duke of Burgundy",2024,117,2.03,19,"1976-2024","UK"
58,"Hesperia comma","Silver-spotted Skipper",1979,9,1.26,45,"1976-2024","UK"
58,"Hesperia comma","Silver-spotted Skipper",1980,11,1.86,35,"1976-2024","UK"
58,"Hesperia comma","Silver-spotted Skipper",1981,11,1.53,42,"1976-2024","UK"
58,"Hesperia comma","Silver-spotted Skipper",1982,12,1.12,46,"1976-2024","UK"
58,"Hesperia comma","Silver-spotted Skipper",1983,13,1.5,43,"1976-2024","UK"
58,"Hesperia comma","Silver-spotted Skipper",1984,14,2,28,"1976-2024","UK"
58,"Hesperia comma","Silver-spotted Skipper",1985,13,1.58,38,"1976-2024","UK"
58,"Hesperia comma","Silver-spotted Skipper",1986,14,1.55,40,"1976-2024","UK"
58,"Hesperia comma","Silver-spotted Skipper",1987,17,1.58,38,"1976-2024","UK"
58,"Hesperia comma","Silver-spotted Skipper",1988,19,1.4,44,"1976-2024","UK"
58,"Hesperia comma","Silver-spotted Skipper",1989,24,1.75,37,"1976-2024","UK"
58,"Hesperia comma","Silver-spotted Skipper",1990,28,1.92,30,"1976-2024","UK"
58,"Hesperia comma","Silver-spotted Skipper",1991,29,2.01,27,"1976-2024","UK"
58,"Hesperia comma","Silver-spotted Skipper",1992,31,1.9,33,"1976-2024","UK"
58,"Hesperia comma","Silver-spotted Skipper",1993,32,1.89,34,"1976-2024","UK"
58,"Hesperia comma","Silver-spotted Skipper",1994,35,1.76,36,"1976-2024","UK"
58,"Hesperia comma","Silver-spotted Skipper",1995,42,2.11,20,"1976-2024","UK"
58,"Hesperia comma","Silver-spotted Skipper",1996,44,2.06,22,"1976-2024","UK"
58,"Hesperia comma","Silver-spotted Skipper",1997,43,2.39,2,"1976-2024","UK"
58,"Hesperia comma","Silver-spotted Skipper",1998,48,2.33,8,"1976-2024","UK"
58,"Hesperia comma","Silver-spotted Skipper",1999,53,2.42,1,"1976-2024","UK"
58,"Hesperia comma","Silver-spotted Skipper",2000,52,2.22,14,"1976-2024","UK"
58,"Hesperia comma","Silver-spotted Skipper",2001,52,2.17,17,"1976-2024","UK"
58,"Hesperia comma","Silver-spotted Skipper",2002,51,2.11,20,"1976-2024","UK"
58,"Hesperia comma","Silver-spotted Skipper",2003,55,2.36,5,"1976-2024","UK"
58,"Hesperia comma","Silver-spotted Skipper",2004,56,2.16,19,"1976-2024","UK"
58,"Hesperia comma","Silver-spotted Skipper",2005,56,2.38,4,"1976-2024","UK"
58,"Hesperia comma","Silver-spotted Skipper",2006,57,2.36,5,"1976-2024","UK"
58,"Hesperia comma","Silver-spotted Skipper",2007,56,2.04,25,"1976-2024","UK"
58,"Hesperia comma","Silver-spotted Skipper",2008,60,1.92,30,"1976-2024","UK"
58,"Hesperia comma","Silver-spotted Skipper",2009,61,2.03,26,"1976-2024","UK"
58,"Hesperia comma","Silver-spotted Skipper",2010,54,2.22,14,"1976-2024","UK"
58,"Hesperia comma","Silver-spotted Skipper",2011,57,2.23,13,"1976-2024","UK"
58,"Hesperia comma","Silver-spotted Skipper",2012,52,1.98,29,"1976-2024","UK"
58,"Hesperia comma","Silver-spotted Skipper",2013,57,2.35,7,"1976-2024","UK"
58,"Hesperia comma","Silver-spotted Skipper",2014,61,2.31,10,"1976-2024","UK"
58,"Hesperia comma","Silver-spotted Skipper",2015,70,2.28,12,"1976-2024","UK"
58,"Hesperia comma","Silver-spotted Skipper",2016,69,2.05,23,"1976-2024","UK"
58,"Hesperia comma","Silver-spotted Skipper",2017,75,2.05,23,"1976-2024","UK"
58,"Hesperia comma","Silver-spotted Skipper",2018,80,2.32,9,"1976-2024","UK"
58,"Hesperia comma","Silver-spotted Skipper",2019,78,2.3,11,"1976-2024","UK"
58,"Hesperia comma","Silver-spotted Skipper",2020,68,2.39,2,"1976-2024","UK"
58,"Hesperia comma","Silver-spotted Skipper",2021,77,2.17,17,"1976-2024","UK"
58,"Hesperia comma","Silver-spotted Skipper",2022,81,2.19,16,"1976-2024","UK"
58,"Hesperia comma","Silver-spotted Skipper",2023,77,1.92,30,"1976-2024","UK"
58,"Hesperia comma","Silver-spotted Skipper",2024,71,1.55,40,"1976-2024","UK"
48,"Hipparchia semele","Grayling",1976,13,2.37,4,"1976-2024","UK"
48,"Hipparchia semele","Grayling",1977,20,2.17,9,"1976-2024","UK"
48,"Hipparchia semele","Grayling",1978,26,2.37,4,"1976-2024","UK"
48,"Hipparchia semele","Grayling",1979,36,2.31,6,"1976-2024","UK"
48,"Hipparchia semele","Grayling",1980,40,2.17,9,"1976-2024","UK"
48,"Hipparchia semele","Grayling",1981,40,2.16,11,"1976-2024","UK"
48,"Hipparchia semele","Grayling",1982,42,2.51,1,"1976-2024","UK"
48,"Hipparchia semele","Grayling",1983,46,2.4,3,"1976-2024","UK"
48,"Hipparchia semele","Grayling",1984,45,2.41,2,"1976-2024","UK"
48,"Hipparchia semele","Grayling",1985,52,1.91,31,"1976-2024","UK"
48,"Hipparchia semele","Grayling",1986,53,1.86,35,"1976-2024","UK"
48,"Hipparchia semele","Grayling",1987,56,1.92,30,"1976-2024","UK"
48,"Hipparchia semele","Grayling",1988,64,1.98,26,"1976-2024","UK"
48,"Hipparchia semele","Grayling",1989,78,2.09,14,"1976-2024","UK"
48,"Hipparchia semele","Grayling",1990,86,2.14,12,"1976-2024","UK"
48,"Hipparchia semele","Grayling",1991,88,2.19,7,"1976-2024","UK"
48,"Hipparchia semele","Grayling",1992,100,2.18,8,"1976-2024","UK"
48,"Hipparchia semele","Grayling",1993,105,2.01,23,"1976-2024","UK"
48,"Hipparchia semele","Grayling",1994,112,2.05,20,"1976-2024","UK"
48,"Hipparchia semele","Grayling",1995,121,2.06,19,"1976-2024","UK"
48,"Hipparchia semele","Grayling",1996,126,2.07,17,"1976-2024","UK"
48,"Hipparchia semele","Grayling",1997,122,2.12,13,"1976-2024","UK"
48,"Hipparchia semele","Grayling",1998,124,1.94,29,"1976-2024","UK"
48,"Hipparchia semele","Grayling",1999,133,2.08,15,"1976-2024","UK"
48,"Hipparchia semele","Grayling",2000,145,2.08,15,"1976-2024","UK"
48,"Hipparchia semele","Grayling",2001,138,2.01,23,"1976-2024","UK"
48,"Hipparchia semele","Grayling",2002,163,1.87,34,"1976-2024","UK"
48,"Hipparchia semele","Grayling",2003,169,1.88,33,"1976-2024","UK"
48,"Hipparchia semele","Grayling",2004,175,1.85,36,"1976-2024","UK"
48,"Hipparchia semele","Grayling",2005,186,1.97,27,"1976-2024","UK"
48,"Hipparchia semele","Grayling",2006,203,2.05,20,"1976-2024","UK"
48,"Hipparchia semele","Grayling",2007,224,1.69,47,"1976-2024","UK"
48,"Hipparchia semele","Grayling",2008,231,1.83,38,"1976-2024","UK"
48,"Hipparchia semele","Grayling",2009,258,2.01,23,"1976-2024","UK"
48,"Hipparchia semele","Grayling",2010,266,2.07,17,"1976-2024","UK"
48,"Hipparchia semele","Grayling",2011,270,2.02,22,"1976-2024","UK"
48,"Hipparchia semele","Grayling",2012,257,1.81,42,"1976-2024","UK"
48,"Hipparchia semele","Grayling",2013,285,1.96,28,"1976-2024","UK"
48,"Hipparchia semele","Grayling",2014,312,1.89,32,"1976-2024","UK"
48,"Hipparchia semele","Grayling",2015,335,1.75,45,"1976-2024","UK"
48,"Hipparchia semele","Grayling",2016,341,1.64,48,"1976-2024","UK"
48,"Hipparchia semele","Grayling",2017,351,1.61,49,"1976-2024","UK"
48,"Hipparchia semele","Grayling",2018,360,1.8,43,"1976-2024","UK"
48,"Hipparchia semele","Grayling",2019,384,1.83,38,"1976-2024","UK"
48,"Hipparchia semele","Grayling",2020,314,1.82,40,"1976-2024","UK"
48,"Hipparchia semele","Grayling",2021,354,1.82,40,"1976-2024","UK"
48,"Hipparchia semele","Grayling",2022,372,1.84,37,"1976-2024","UK"
48,"Hipparchia semele","Grayling",2023,371,1.77,44,"1976-2024","UK"
48,"Hipparchia semele","Grayling",2024,372,1.7,46,"1976-2024","UK"
94,"Lasiommata megera","Wall",1976,37,2.69,2,"1976-2024","UK"
94,"Lasiommata megera","Wall",1977,51,1.99,22,"1976-2024","UK"
94,"Lasiommata megera","Wall",1978,55,2.08,16,"1976-2024","UK"
94,"Lasiommata megera","Wall",1979,71,2.19,11,"1976-2024","UK"
94,"Lasiommata megera","Wall",1980,78,2.22,10,"1976-2024","UK"
94,"Lasiommata megera","Wall",1981,80,2.42,7,"1976-2024","UK"
94,"Lasiommata megera","Wall",1982,85,2.67,3,"1976-2024","UK"
94,"Lasiommata megera","Wall",1983,95,2.71,1,"1976-2024","UK"
94,"Lasiommata megera","Wall",1984,103,2.57,4,"1976-2024","UK"
94,"Lasiommata megera","Wall",1985,112,2.09,13,"1976-2024","UK"
94,"Lasiommata megera","Wall",1986,115,2.01,20,"1976-2024","UK"
94,"Lasiommata megera","Wall",1987,132,1.87,30,"1976-2024","UK"
94,"Lasiommata megera","Wall",1988,147,2.07,17,"1976-2024","UK"
94,"Lasiommata megera","Wall",1989,168,2.51,6,"1976-2024","UK"
94,"Lasiommata megera","Wall",1990,187,2.56,5,"1976-2024","UK"
94,"Lasiommata megera","Wall",1991,199,2.34,8,"1976-2024","UK"
94,"Lasiommata megera","Wall",1992,225,2.25,9,"1976-2024","UK"
94,"Lasiommata megera","Wall",1993,240,2.05,19,"1976-2024","UK"
94,"Lasiommata megera","Wall",1994,256,2.09,13,"1976-2024","UK"
94,"Lasiommata megera","Wall",1995,297,2,21,"1976-2024","UK"
94,"Lasiommata megera","Wall",1996,303,1.87,30,"1976-2024","UK"
94,"Lasiommata megera","Wall",1997,311,1.89,29,"1976-2024","UK"
94,"Lasiommata megera","Wall",1998,319,2.09,13,"1976-2024","UK"
94,"Lasiommata megera","Wall",1999,330,2.16,12,"1976-2024","UK"
94,"Lasiommata megera","Wall",2000,360,2.06,18,"1976-2024","UK"
94,"Lasiommata megera","Wall",2001,322,1.97,24,"1976-2024","UK"
94,"Lasiommata megera","Wall",2002,372,1.94,26,"1976-2024","UK"
94,"Lasiommata megera","Wall",2003,412,1.97,24,"1976-2024","UK"
94,"Lasiommata megera","Wall",2004,427,1.99,22,"1976-2024","UK"
94,"Lasiommata megera","Wall",2005,437,1.94,26,"1976-2024","UK"
94,"Lasiommata megera","Wall",2006,452,1.86,33,"1976-2024","UK"
94,"Lasiommata megera","Wall",2007,507,1.54,48,"1976-2024","UK"
94,"Lasiommata megera","Wall",2008,522,1.7,41,"1976-2024","UK"
94,"Lasiommata megera","Wall",2009,663,1.78,36,"1976-2024","UK"
94,"Lasiommata megera","Wall",2010,666,1.74,38,"1976-2024","UK"
94,"Lasiommata megera","Wall",2011,693,1.64,44,"1976-2024","UK"
94,"Lasiommata megera","Wall",2012,668,1.64,44,"1976-2024","UK"
94,"Lasiommata megera","Wall",2013,703,1.94,26,"1976-2024","UK"
94,"Lasiommata megera","Wall",2014,745,1.86,33,"1976-2024","UK"
94,"Lasiommata megera","Wall",2015,796,1.61,47,"1976-2024","UK"
94,"Lasiommata megera","Wall",2016,803,1.49,49,"1976-2024","UK"
94,"Lasiommata megera","Wall",2017,839,1.63,46,"1976-2024","UK"
94,"Lasiommata megera","Wall",2018,891,1.87,30,"1976-2024","UK"
94,"Lasiommata megera","Wall",2019,924,1.74,38,"1976-2024","UK"
94,"Lasiommata megera","Wall",2020,734,1.7,41,"1976-2024","UK"
94,"Lasiommata megera","Wall",2021,879,1.77,37,"1976-2024","UK"
94,"Lasiommata megera","Wall",2022,926,1.83,35,"1976-2024","UK"
94,"Lasiommata megera","Wall",2023,936,1.71,40,"1976-2024","UK"
94,"Lasiommata megera","Wall",2024,947,1.7,41,"1976-2024","UK"
63,"Leptidea juvernica","Cryptic Wood White",2009,9,1.97,11,"1976-2024","UK"
63,"Leptidea juvernica","Cryptic Wood White",2010,10,2.04,8,"1976-2024","UK"
63,"Leptidea juvernica","Cryptic Wood White",2011,9,1.89,12,"1976-2024","UK"
63,"Leptidea juvernica","Cryptic Wood White",2012,9,1.88,13,"1976-2024","UK"
63,"Leptidea juvernica","Cryptic Wood White",2013,7,2.01,9,"1976-2024","UK"
63,"Leptidea juvernica","Cryptic Wood White",2014,20,2.08,6,"1976-2024","UK"
63,"Leptidea juvernica","Cryptic Wood White",2015,11,2.28,1,"1976-2024","UK"
63,"Leptidea juvernica","Cryptic Wood White",2016,12,2.1,4,"1976-2024","UK"
63,"Leptidea juvernica","Cryptic Wood White",2017,13,2.16,3,"1976-2024","UK"
63,"Leptidea juvernica","Cryptic Wood White",2018,16,1.98,10,"1976-2024","UK"
63,"Leptidea juvernica","Cryptic Wood White",2019,18,2.09,5,"1976-2024","UK"
63,"Leptidea juvernica","Cryptic Wood White",2020,12,2.18,2,"1976-2024","UK"
63,"Leptidea juvernica","Cryptic Wood White",2021,17,1.81,15,"1976-2024","UK"
63,"Leptidea juvernica","Cryptic Wood White",2022,16,2.08,6,"1976-2024","UK"
63,"Leptidea juvernica","Cryptic Wood White",2023,21,1.85,14,"1976-2024","UK"
63,"Leptidea juvernica","Cryptic Wood White",2024,20,1.59,16,"1976-2024","UK"
62,"Leptidea sinapis","Wood White",1979,7,3.09,2,"1976-2024","UK"
62,"Leptidea sinapis","Wood White",1980,7,3.18,1,"1976-2024","UK"
62,"Leptidea sinapis","Wood White",1981,7,2.34,7,"1976-2024","UK"
62,"Leptidea sinapis","Wood White",1982,7,2.63,5,"1976-2024","UK"
62,"Leptidea sinapis","Wood White",1983,7,2.59,6,"1976-2024","UK"
62,"Leptidea sinapis","Wood White",1984,9,2.77,3,"1976-2024","UK"
62,"Leptidea sinapis","Wood White",1985,11,2.7,4,"1976-2024","UK"
62,"Leptidea sinapis","Wood White",1986,13,1.88,27,"1976-2024","UK"
62,"Leptidea sinapis","Wood White",1987,15,1.81,35,"1976-2024","UK"
62,"Leptidea sinapis","Wood White",1988,16,1.38,46,"1976-2024","UK"
62,"Leptidea sinapis","Wood White",1989,18,1.85,33,"1976-2024","UK"
62,"Leptidea sinapis","Wood White",1990,22,2.15,8,"1976-2024","UK"
62,"Leptidea sinapis","Wood White",1991,28,2.01,14,"1976-2024","UK"
62,"Leptidea sinapis","Wood White",1992,31,2.08,10,"1976-2024","UK"
62,"Leptidea sinapis","Wood White",1993,33,1.84,34,"1976-2024","UK"
62,"Leptidea sinapis","Wood White",1994,36,1.93,21,"1976-2024","UK"
62,"Leptidea sinapis","Wood White",1995,43,2.03,13,"1976-2024","UK"
62,"Leptidea sinapis","Wood White",1996,43,1.92,22,"1976-2024","UK"
62,"Leptidea sinapis","Wood White",1997,45,1.94,19,"1976-2024","UK"
62,"Leptidea sinapis","Wood White",1998,46,1.77,37,"1976-2024","UK"
62,"Leptidea sinapis","Wood White",1999,44,1.72,40,"1976-2024","UK"
62,"Leptidea sinapis","Wood White",2000,47,1.88,27,"1976-2024","UK"
62,"Leptidea sinapis","Wood White",2001,41,1.92,22,"1976-2024","UK"
62,"Leptidea sinapis","Wood White",2002,50,1.86,30,"1976-2024","UK"
62,"Leptidea sinapis","Wood White",2003,55,2.06,12,"1976-2024","UK"
62,"Leptidea sinapis","Wood White",2004,52,2.07,11,"1976-2024","UK"
62,"Leptidea sinapis","Wood White",2005,54,1.94,19,"1976-2024","UK"
62,"Leptidea sinapis","Wood White",2006,55,1.78,36,"1976-2024","UK"
62,"Leptidea sinapis","Wood White",2007,62,1.77,37,"1976-2024","UK"
62,"Leptidea sinapis","Wood White",2008,66,1.51,45,"1976-2024","UK"
62,"Leptidea sinapis","Wood White",2009,72,1.68,41,"1976-2024","UK"
62,"Leptidea sinapis","Wood White",2010,73,1.98,16,"1976-2024","UK"
62,"Leptidea sinapis","Wood White",2011,73,1.91,25,"1976-2024","UK"
62,"Leptidea sinapis","Wood White",2012,66,1.55,44,"1976-2024","UK"
62,"Leptidea sinapis","Wood White",2013,69,1.61,43,"1976-2024","UK"
62,"Leptidea sinapis","Wood White",2014,64,1.86,30,"1976-2024","UK"
62,"Leptidea sinapis","Wood White",2015,72,1.88,27,"1976-2024","UK"
62,"Leptidea sinapis","Wood White",2016,74,1.67,42,"1976-2024","UK"
62,"Leptidea sinapis","Wood White",2017,79,1.86,30,"1976-2024","UK"
62,"Leptidea sinapis","Wood White",2018,73,2.09,9,"1976-2024","UK"
62,"Leptidea sinapis","Wood White",2019,72,1.99,15,"1976-2024","UK"
62,"Leptidea sinapis","Wood White",2020,70,1.97,18,"1976-2024","UK"
62,"Leptidea sinapis","Wood White",2021,78,1.89,26,"1976-2024","UK"
62,"Leptidea sinapis","Wood White",2022,81,1.92,22,"1976-2024","UK"
62,"Leptidea sinapis","Wood White",2023,74,1.98,16,"1976-2024","UK"
62,"Leptidea sinapis","Wood White",2024,75,1.74,39,"1976-2024","UK"
64,"Limenitis camilla","White Admiral",1976,16,2.59,1,"1976-2024","UK"
64,"Limenitis camilla","White Admiral",1977,17,1.96,24,"1976-2024","UK"
64,"Limenitis camilla","White Admiral",1978,18,2.2,11,"1976-2024","UK"
64,"Limenitis camilla","White Admiral",1979,25,2.35,4,"1976-2024","UK"
64,"Limenitis camilla","White Admiral",1980,28,1.83,38,"1976-2024","UK"
64,"Limenitis camilla","White Admiral",1981,28,1.87,33,"1976-2024","UK"
64,"Limenitis camilla","White Admiral",1982,31,2.26,7,"1976-2024","UK"
64,"Limenitis camilla","White Admiral",1983,35,2.32,5,"1976-2024","UK"
64,"Limenitis camilla","White Admiral",1984,41,2.42,3,"1976-2024","UK"
64,"Limenitis camilla","White Admiral",1985,46,2.3,6,"1976-2024","UK"
64,"Limenitis camilla","White Admiral",1986,54,2.26,7,"1976-2024","UK"
64,"Limenitis camilla","White Admiral",1987,67,2.24,9,"1976-2024","UK"
64,"Limenitis camilla","White Admiral",1988,73,1.82,40,"1976-2024","UK"
64,"Limenitis camilla","White Admiral",1989,88,1.83,38,"1976-2024","UK"
64,"Limenitis camilla","White Admiral",1990,99,1.79,43,"1976-2024","UK"
64,"Limenitis camilla","White Admiral",1991,111,1.99,21,"1976-2024","UK"
64,"Limenitis camilla","White Admiral",1992,124,2.46,2,"1976-2024","UK"
64,"Limenitis camilla","White Admiral",1993,125,2.16,14,"1976-2024","UK"
64,"Limenitis camilla","White Admiral",1994,131,2.06,15,"1976-2024","UK"
64,"Limenitis camilla","White Admiral",1995,152,2.05,16,"1976-2024","UK"
64,"Limenitis camilla","White Admiral",1996,166,2.19,13,"1976-2024","UK"
64,"Limenitis camilla","White Admiral",1997,171,1.98,22,"1976-2024","UK"
64,"Limenitis camilla","White Admiral",1998,175,2,18,"1976-2024","UK"
64,"Limenitis camilla","White Admiral",1999,179,1.81,41,"1976-2024","UK"
64,"Limenitis camilla","White Admiral",2000,184,1.81,41,"1976-2024","UK"
64,"Limenitis camilla","White Admiral",2001,174,1.76,44,"1976-2024","UK"
64,"Limenitis camilla","White Admiral",2002,186,1.76,44,"1976-2024","UK"
64,"Limenitis camilla","White Admiral",2003,199,1.93,29,"1976-2024","UK"
64,"Limenitis camilla","White Admiral",2004,208,2.02,17,"1976-2024","UK"
64,"Limenitis camilla","White Admiral",2005,212,2,18,"1976-2024","UK"
64,"Limenitis camilla","White Admiral",2006,221,2.22,10,"1976-2024","UK"
64,"Limenitis camilla","White Admiral",2007,229,1.95,26,"1976-2024","UK"
64,"Limenitis camilla","White Admiral",2008,250,1.86,35,"1976-2024","UK"
64,"Limenitis camilla","White Admiral",2009,295,1.96,24,"1976-2024","UK"
64,"Limenitis camilla","White Admiral",2010,298,2.2,11,"1976-2024","UK"
64,"Limenitis camilla","White Admiral",2011,302,1.89,32,"1976-2024","UK"
64,"Limenitis camilla","White Admiral",2012,299,1.66,47,"1976-2024","UK"
64,"Limenitis camilla","White Admiral",2013,333,1.94,28,"1976-2024","UK"
64,"Limenitis camilla","White Admiral",2014,351,1.98,22,"1976-2024","UK"
64,"Limenitis camilla","White Admiral",2015,385,1.86,35,"1976-2024","UK"
64,"Limenitis camilla","White Admiral",2016,406,1.53,49,"1976-2024","UK"
64,"Limenitis camilla","White Admiral",2017,421,1.95,26,"1976-2024","UK"
64,"Limenitis camilla","White Admiral",2018,440,2,18,"1976-2024","UK"
64,"Limenitis camilla","White Admiral",2019,450,1.86,35,"1976-2024","UK"
64,"Limenitis camilla","White Admiral",2020,395,1.87,33,"1976-2024","UK"
64,"Limenitis camilla","White Admiral",2021,444,1.75,46,"1976-2024","UK"
64,"Limenitis camilla","White Admiral",2022,448,1.91,30,"1976-2024","UK"
64,"Limenitis camilla","White Admiral",2023,438,1.91,30,"1976-2024","UK"
64,"Limenitis camilla","White Admiral",2024,440,1.65,48,"1976-2024","UK"
68,"Lycaena phlaeas","Small Copper",1976,36,2.38,2,"1976-2024","UK"
68,"Lycaena phlaeas","Small Copper",1977,57,1.7,48,"1976-2024","UK"
68,"Lycaena phlaeas","Small Copper",1978,62,1.89,34,"1976-2024","UK"
68,"Lycaena phlaeas","Small Copper",1979,78,2.21,8,"1976-2024","UK"
68,"Lycaena phlaeas","Small Copper",1980,86,1.97,26,"1976-2024","UK"
68,"Lycaena phlaeas","Small Copper",1981,90,1.93,29,"1976-2024","UK"
68,"Lycaena phlaeas","Small Copper",1982,94,2.2,10,"1976-2024","UK"
68,"Lycaena phlaeas","Small Copper",1983,107,2.13,13,"1976-2024","UK"
68,"Lycaena phlaeas","Small Copper",1984,117,2.26,4,"1976-2024","UK"
68,"Lycaena phlaeas","Small Copper",1985,126,1.9,31,"1976-2024","UK"
68,"Lycaena phlaeas","Small Copper",1986,134,2.09,16,"1976-2024","UK"
68,"Lycaena phlaeas","Small Copper",1987,158,2.03,20,"1976-2024","UK"
68,"Lycaena phlaeas","Small Copper",1988,178,1.9,31,"1976-2024","UK"
68,"Lycaena phlaeas","Small Copper",1989,208,2.4,1,"1976-2024","UK"
68,"Lycaena phlaeas","Small Copper",1990,235,2.31,3,"1976-2024","UK"
68,"Lycaena phlaeas","Small Copper",1991,260,2.25,6,"1976-2024","UK"
68,"Lycaena phlaeas","Small Copper",1992,287,2.13,13,"1976-2024","UK"
68,"Lycaena phlaeas","Small Copper",1993,315,1.87,36,"1976-2024","UK"
68,"Lycaena phlaeas","Small Copper",1994,348,2.01,23,"1976-2024","UK"
68,"Lycaena phlaeas","Small Copper",1995,407,2.26,4,"1976-2024","UK"
68,"Lycaena phlaeas","Small Copper",1996,445,2.21,8,"1976-2024","UK"
68,"Lycaena phlaeas","Small Copper",1997,467,2.24,7,"1976-2024","UK"
68,"Lycaena phlaeas","Small Copper",1998,479,1.97,26,"1976-2024","UK"
68,"Lycaena phlaeas","Small Copper",1999,496,1.81,40,"1976-2024","UK"
68,"Lycaena phlaeas","Small Copper",2000,545,1.76,44,"1976-2024","UK"
68,"Lycaena phlaeas","Small Copper",2001,520,1.78,41,"1976-2024","UK"
68,"Lycaena phlaeas","Small Copper",2002,602,1.76,44,"1976-2024","UK"
68,"Lycaena phlaeas","Small Copper",2003,679,2.13,13,"1976-2024","UK"
68,"Lycaena phlaeas","Small Copper",2004,702,2.09,16,"1976-2024","UK"
68,"Lycaena phlaeas","Small Copper",2005,730,1.86,37,"1976-2024","UK"
68,"Lycaena phlaeas","Small Copper",2006,778,2.09,16,"1976-2024","UK"
68,"Lycaena phlaeas","Small Copper",2007,911,1.92,30,"1976-2024","UK"
68,"Lycaena phlaeas","Small Copper",2008,935,1.77,43,"1976-2024","UK"
68,"Lycaena phlaeas","Small Copper",2009,1333,2.02,22,"1976-2024","UK"
68,"Lycaena phlaeas","Small Copper",2010,1352,2.16,11,"1976-2024","UK"
68,"Lycaena phlaeas","Small Copper",2011,1370,2.07,19,"1976-2024","UK"
68,"Lycaena phlaeas","Small Copper",2012,1397,1.86,37,"1976-2024","UK"
68,"Lycaena phlaeas","Small Copper",2013,1522,1.97,26,"1976-2024","UK"
68,"Lycaena phlaeas","Small Copper",2014,1634,1.84,39,"1976-2024","UK"
68,"Lycaena phlaeas","Small Copper",2015,1755,1.71,47,"1976-2024","UK"
68,"Lycaena phlaeas","Small Copper",2016,1828,1.78,41,"1976-2024","UK"
68,"Lycaena phlaeas","Small Copper",2017,1967,1.89,34,"1976-2024","UK"
68,"Lycaena phlaeas","Small Copper",2018,2124,2.14,12,"1976-2024","UK"
68,"Lycaena phlaeas","Small Copper",2019,2227,2.03,20,"1976-2024","UK"
68,"Lycaena phlaeas","Small Copper",2020,1865,1.99,24,"1976-2024","UK"
68,"Lycaena phlaeas","Small Copper",2021,2244,1.9,31,"1976-2024","UK"
68,"Lycaena phlaeas","Small Copper",2022,2395,1.74,46,"1976-2024","UK"
68,"Lycaena phlaeas","Small Copper",2023,2452,1.99,24,"1976-2024","UK"
68,"Lycaena phlaeas","Small Copper",2024,2472,1.67,49,"1976-2024","UK"
75,"Maniola jurtina","Meadow Brown",1976,37,1.9,45,"1976-2024","UK"
75,"Maniola jurtina","Meadow Brown",1977,61,1.86,48,"1976-2024","UK"
75,"Maniola jurtina","Meadow Brown",1978,67,1.94,35,"1976-2024","UK"
75,"Maniola jurtina","Meadow Brown",1979,83,2.03,16,"1976-2024","UK"
75,"Maniola jurtina","Meadow Brown",1980,89,1.95,31,"1976-2024","UK"
75,"Maniola jurtina","Meadow Brown",1981,92,1.98,26,"1976-2024","UK"
75,"Maniola jurtina","Meadow Brown",1982,97,2.13,4,"1976-2024","UK"
75,"Maniola jurtina","Meadow Brown",1983,109,2.06,10,"1976-2024","UK"
75,"Maniola jurtina","Meadow Brown",1984,115,2.14,3,"1976-2024","UK"
75,"Maniola jurtina","Meadow Brown",1985,126,1.97,29,"1976-2024","UK"
75,"Maniola jurtina","Meadow Brown",1986,134,1.92,41,"1976-2024","UK"
75,"Maniola jurtina","Meadow Brown",1987,158,1.89,46,"1976-2024","UK"
75,"Maniola jurtina","Meadow Brown",1988,181,1.95,31,"1976-2024","UK"
75,"Maniola jurtina","Meadow Brown",1989,213,2,23,"1976-2024","UK"
75,"Maniola jurtina","Meadow Brown",1990,244,2.01,21,"1976-2024","UK"
75,"Maniola jurtina","Meadow Brown",1991,270,2.21,2,"1976-2024","UK"
75,"Maniola jurtina","Meadow Brown",1992,296,2.22,1,"1976-2024","UK"
75,"Maniola jurtina","Meadow Brown",1993,332,1.93,37,"1976-2024","UK"
75,"Maniola jurtina","Meadow Brown",1994,363,1.93,37,"1976-2024","UK"
75,"Maniola jurtina","Meadow Brown",1995,423,1.95,31,"1976-2024","UK"
75,"Maniola jurtina","Meadow Brown",1996,469,2.04,15,"1976-2024","UK"
75,"Maniola jurtina","Meadow Brown",1997,489,2.02,18,"1976-2024","UK"
75,"Maniola jurtina","Meadow Brown",1998,513,2.11,8,"1976-2024","UK"
75,"Maniola jurtina","Meadow Brown",1999,539,2.12,6,"1976-2024","UK"
75,"Maniola jurtina","Meadow Brown",2000,580,2.03,16,"1976-2024","UK"
75,"Maniola jurtina","Meadow Brown",2001,558,1.93,37,"1976-2024","UK"
75,"Maniola jurtina","Meadow Brown",2002,642,1.92,41,"1976-2024","UK"
75,"Maniola jurtina","Meadow Brown",2003,717,2.06,10,"1976-2024","UK"
75,"Maniola jurtina","Meadow Brown",2004,743,2.05,14,"1976-2024","UK"
75,"Maniola jurtina","Meadow Brown",2005,769,2.07,9,"1976-2024","UK"
75,"Maniola jurtina","Meadow Brown",2006,856,2.02,18,"1976-2024","UK"
75,"Maniola jurtina","Meadow Brown",2007,1116,1.93,37,"1976-2024","UK"
75,"Maniola jurtina","Meadow Brown",2008,1077,1.97,29,"1976-2024","UK"
75,"Maniola jurtina","Meadow Brown",2009,1673,1.92,41,"1976-2024","UK"
75,"Maniola jurtina","Meadow Brown",2010,1635,1.81,49,"1976-2024","UK"
75,"Maniola jurtina","Meadow Brown",2011,1675,1.92,41,"1976-2024","UK"
75,"Maniola jurtina","Meadow Brown",2012,1714,1.99,24,"1976-2024","UK"
75,"Maniola jurtina","Meadow Brown",2013,1902,2.01,21,"1976-2024","UK"
75,"Maniola jurtina","Meadow Brown",2014,2013,1.98,26,"1976-2024","UK"
75,"Maniola jurtina","Meadow Brown",2015,2128,2.02,18,"1976-2024","UK"
75,"Maniola jurtina","Meadow Brown",2016,2198,1.87,47,"1976-2024","UK"
75,"Maniola jurtina","Meadow Brown",2017,2351,2.06,10,"1976-2024","UK"
75,"Maniola jurtina","Meadow Brown",2018,2492,1.99,24,"1976-2024","UK"
75,"Maniola jurtina","Meadow Brown",2019,2640,2.13,4,"1976-2024","UK"
75,"Maniola jurtina","Meadow Brown",2020,2187,2.06,10,"1976-2024","UK"
75,"Maniola jurtina","Meadow Brown",2021,2650,1.98,26,"1976-2024","UK"
75,"Maniola jurtina","Meadow Brown",2022,2866,1.94,35,"1976-2024","UK"
75,"Maniola jurtina","Meadow Brown",2023,2937,2.12,6,"1976-2024","UK"
75,"Maniola jurtina","Meadow Brown",2024,3130,1.95,31,"1976-2024","UK"
78,"Melanargia galathea","Marbled White",1976,26,1.77,45,"1976-2024","UK"
78,"Melanargia galathea","Marbled White",1977,33,1.7,48,"1976-2024","UK"
78,"Melanargia galathea","Marbled White",1978,34,1.58,49,"1976-2024","UK"
78,"Melanargia galathea","Marbled White",1979,42,1.79,44,"1976-2024","UK"
78,"Melanargia galathea","Marbled White",1980,48,1.82,43,"1976-2024","UK"
78,"Melanargia galathea","Marbled White",1981,51,1.84,41,"1976-2024","UK"
78,"Melanargia galathea","Marbled White",1982,54,2.08,21,"1976-2024","UK"
78,"Melanargia galathea","Marbled White",1983,64,2.03,24,"1976-2024","UK"
78,"Melanargia galathea","Marbled White",1984,72,2.27,2,"1976-2024","UK"
78,"Melanargia galathea","Marbled White",1985,80,2.14,8,"1976-2024","UK"
78,"Melanargia galathea","Marbled White",1986,91,2.13,10,"1976-2024","UK"
78,"Melanargia galathea","Marbled White",1987,108,1.91,35,"1976-2024","UK"
78,"Melanargia galathea","Marbled White",1988,123,1.71,47,"1976-2024","UK"
78,"Melanargia galathea","Marbled White",1989,148,1.74,46,"1976-2024","UK"
78,"Melanargia galathea","Marbled White",1990,168,1.87,39,"1976-2024","UK"
78,"Melanargia galathea","Marbled White",1991,190,2.11,13,"1976-2024","UK"
78,"Melanargia galathea","Marbled White",1992,210,2.13,10,"1976-2024","UK"
78,"Melanargia galathea","Marbled White",1993,240,2,25,"1976-2024","UK"
78,"Melanargia galathea","Marbled White",1994,257,2,25,"1976-2024","UK"
78,"Melanargia galathea","Marbled White",1995,300,1.94,31,"1976-2024","UK"
78,"Melanargia galathea","Marbled White",1996,327,2.14,8,"1976-2024","UK"
78,"Melanargia galathea","Marbled White",1997,344,2.17,6,"1976-2024","UK"
78,"Melanargia galathea","Marbled White",1998,357,2.09,17,"1976-2024","UK"
78,"Melanargia galathea","Marbled White",1999,373,2.09,17,"1976-2024","UK"
78,"Melanargia galathea","Marbled White",2000,408,2.09,17,"1976-2024","UK"
78,"Melanargia galathea","Marbled White",2001,385,1.94,31,"1976-2024","UK"
78,"Melanargia galathea","Marbled White",2002,430,1.89,38,"1976-2024","UK"
78,"Melanargia galathea","Marbled White",2003,467,1.98,28,"1976-2024","UK"
78,"Melanargia galathea","Marbled White",2004,459,1.98,28,"1976-2024","UK"
78,"Melanargia galathea","Marbled White",2005,474,1.93,34,"1976-2024","UK"
78,"Melanargia galathea","Marbled White",2006,517,2.1,16,"1976-2024","UK"
78,"Melanargia galathea","Marbled White",2007,602,1.97,30,"1976-2024","UK"
78,"Melanargia galathea","Marbled White",2008,629,1.85,40,"1976-2024","UK"
78,"Melanargia galathea","Marbled White",2009,827,1.9,36,"1976-2024","UK"
78,"Melanargia galathea","Marbled White",2010,836,1.84,41,"1976-2024","UK"
78,"Melanargia galathea","Marbled White",2011,855,1.94,31,"1976-2024","UK"
78,"Melanargia galathea","Marbled White",2012,899,1.9,36,"1976-2024","UK"
78,"Melanargia galathea","Marbled White",2013,978,2.04,23,"1976-2024","UK"
78,"Melanargia galathea","Marbled White",2014,1037,2.2,4,"1976-2024","UK"
78,"Melanargia galathea","Marbled White",2015,1140,2.19,5,"1976-2024","UK"
78,"Melanargia galathea","Marbled White",2016,1187,2.09,17,"1976-2024","UK"
78,"Melanargia galathea","Marbled White",2017,1276,2.11,13,"1976-2024","UK"
78,"Melanargia galathea","Marbled White",2018,1360,2.08,21,"1976-2024","UK"
78,"Melanargia galathea","Marbled White",2019,1440,2.31,1,"1976-2024","UK"
78,"Melanargia galathea","Marbled White",2020,1272,2.17,6,"1976-2024","UK"
78,"Melanargia galathea","Marbled White",2021,1477,2.13,10,"1976-2024","UK"
78,"Melanargia galathea","Marbled White",2022,1577,2.11,13,"1976-2024","UK"
78,"Melanargia galathea","Marbled White",2023,1620,2.21,3,"1976-2024","UK"
78,"Melanargia galathea","Marbled White",2024,1696,2,25,"1976-2024","UK"
80,"Melitaea athalia","Heath Fritillary",1981,3,2.02,22,"1976-2024","UK"
80,"Melitaea athalia","Heath Fritillary",1982,4,2.43,6,"1976-2024","UK"
80,"Melitaea athalia","Heath Fritillary",1983,4,2.28,12,"1976-2024","UK"
80,"Melitaea athalia","Heath Fritillary",1984,18,2.48,4,"1976-2024","UK"
80,"Melitaea athalia","Heath Fritillary",1985,21,2.28,12,"1976-2024","UK"
80,"Melitaea athalia","Heath Fritillary",1986,22,2.12,19,"1976-2024","UK"
80,"Melitaea athalia","Heath Fritillary",1987,26,2.37,9,"1976-2024","UK"
80,"Melitaea athalia","Heath Fritillary",1988,22,2.62,3,"1976-2024","UK"
80,"Melitaea athalia","Heath Fritillary",1989,24,2.67,1,"1976-2024","UK"
80,"Melitaea athalia","Heath Fritillary",1990,24,2.64,2,"1976-2024","UK"
80,"Melitaea athalia","Heath Fritillary",1991,15,1.85,27,"1976-2024","UK"
80,"Melitaea athalia","Heath Fritillary",1992,6,2.45,5,"1976-2024","UK"
80,"Melitaea athalia","Heath Fritillary",1993,19,2.36,10,"1976-2024","UK"
80,"Melitaea athalia","Heath Fritillary",1994,17,2.42,8,"1976-2024","UK"
80,"Melitaea athalia","Heath Fritillary",1995,16,2.43,6,"1976-2024","UK"
80,"Melitaea athalia","Heath Fritillary",1996,19,2.29,11,"1976-2024","UK"
80,"Melitaea athalia","Heath Fritillary",1997,15,2.19,16,"1976-2024","UK"
80,"Melitaea athalia","Heath Fritillary",1998,18,1.76,30,"1976-2024","UK"
80,"Melitaea athalia","Heath Fritillary",1999,26,1.73,32,"1976-2024","UK"
80,"Melitaea athalia","Heath Fritillary",2000,24,1.9,25,"1976-2024","UK"
80,"Melitaea athalia","Heath Fritillary",2001,13,2.17,17,"1976-2024","UK"
80,"Melitaea athalia","Heath Fritillary",2002,12,2.26,14,"1976-2024","UK"
80,"Melitaea athalia","Heath Fritillary",2003,12,1.98,23,"1976-2024","UK"
80,"Melitaea athalia","Heath Fritillary",2004,18,2.2,15,"1976-2024","UK"
80,"Melitaea athalia","Heath Fritillary",2005,21,1.89,26,"1976-2024","UK"
80,"Melitaea athalia","Heath Fritillary",2006,22,2.17,17,"1976-2024","UK"
80,"Melitaea athalia","Heath Fritillary",2007,24,1.92,24,"1976-2024","UK"
80,"Melitaea athalia","Heath Fritillary",2008,41,2.03,21,"1976-2024","UK"
80,"Melitaea athalia","Heath Fritillary",2009,38,1.68,34,"1976-2024","UK"
80,"Melitaea athalia","Heath Fritillary",2010,41,1.75,31,"1976-2024","UK"
80,"Melitaea athalia","Heath Fritillary",2011,43,1.77,29,"1976-2024","UK"
80,"Melitaea athalia","Heath Fritillary",2012,33,1.45,41,"1976-2024","UK"
80,"Melitaea athalia","Heath Fritillary",2013,32,1.5,39,"1976-2024","UK"
80,"Melitaea athalia","Heath Fritillary",2014,40,1.49,40,"1976-2024","UK"
80,"Melitaea athalia","Heath Fritillary",2015,44,1.41,43,"1976-2024","UK"
80,"Melitaea athalia","Heath Fritillary",2016,39,1.33,44,"1976-2024","UK"
80,"Melitaea athalia","Heath Fritillary",2017,42,1.44,42,"1976-2024","UK"
80,"Melitaea athalia","Heath Fritillary",2018,47,1.83,28,"1976-2024","UK"
80,"Melitaea athalia","Heath Fritillary",2019,40,1.65,37,"1976-2024","UK"
80,"Melitaea athalia","Heath Fritillary",2020,37,1.66,36,"1976-2024","UK"
80,"Melitaea athalia","Heath Fritillary",2021,42,1.72,33,"1976-2024","UK"
80,"Melitaea athalia","Heath Fritillary",2022,38,1.67,35,"1976-2024","UK"
80,"Melitaea athalia","Heath Fritillary",2023,39,2.06,20,"1976-2024","UK"
80,"Melitaea athalia","Heath Fritillary",2024,44,1.65,37,"1976-2024","UK"
81,"Melitaea cinxia","Glanville Fritillary",1989,2,1.36,34,"1976-2024","UK"
81,"Melitaea cinxia","Glanville Fritillary",1990,2,1.89,23,"1976-2024","UK"
81,"Melitaea cinxia","Glanville Fritillary",1991,3,2.61,1,"1976-2024","UK"
81,"Melitaea cinxia","Glanville Fritillary",1992,3,2.16,18,"1976-2024","UK"
81,"Melitaea cinxia","Glanville Fritillary",1993,4,2.12,19,"1976-2024","UK"
81,"Melitaea cinxia","Glanville Fritillary",1994,4,2.1,20,"1976-2024","UK"
81,"Melitaea cinxia","Glanville Fritillary",1995,4,1.69,28,"1976-2024","UK"
81,"Melitaea cinxia","Glanville Fritillary",1996,13,1.87,24,"1976-2024","UK"
81,"Melitaea cinxia","Glanville Fritillary",1997,14,2.3,11,"1976-2024","UK"
81,"Melitaea cinxia","Glanville Fritillary",1998,14,1.66,29,"1976-2024","UK"
81,"Melitaea cinxia","Glanville Fritillary",1999,15,1.55,31,"1976-2024","UK"
81,"Melitaea cinxia","Glanville Fritillary",2000,14,1.83,26,"1976-2024","UK"
81,"Melitaea cinxia","Glanville Fritillary",2001,13,1.51,32,"1976-2024","UK"
81,"Melitaea cinxia","Glanville Fritillary",2002,17,1.84,25,"1976-2024","UK"
81,"Melitaea cinxia","Glanville Fritillary",2003,17,1.41,33,"1976-2024","UK"
81,"Melitaea cinxia","Glanville Fritillary",2004,17,1.62,30,"1976-2024","UK"
81,"Melitaea cinxia","Glanville Fritillary",2005,16,2.21,16,"1976-2024","UK"
81,"Melitaea cinxia","Glanville Fritillary",2006,16,2.21,16,"1976-2024","UK"
81,"Melitaea cinxia","Glanville Fritillary",2007,16,2.31,10,"1976-2024","UK"
81,"Melitaea cinxia","Glanville Fritillary",2008,20,1.28,35,"1976-2024","UK"
81,"Melitaea cinxia","Glanville Fritillary",2009,21,2.02,22,"1976-2024","UK"
81,"Melitaea cinxia","Glanville Fritillary",2010,22,2.32,9,"1976-2024","UK"
81,"Melitaea cinxia","Glanville Fritillary",2011,22,2.3,11,"1976-2024","UK"
81,"Melitaea cinxia","Glanville Fritillary",2012,22,1.75,27,"1976-2024","UK"
81,"Melitaea cinxia","Glanville Fritillary",2013,16,0.45,36,"1976-2024","UK"
81,"Melitaea cinxia","Glanville Fritillary",2014,9,2.05,21,"1976-2024","UK"
81,"Melitaea cinxia","Glanville Fritillary",2015,13,2.37,7,"1976-2024","UK"
81,"Melitaea cinxia","Glanville Fritillary",2016,11,2.38,5,"1976-2024","UK"
81,"Melitaea cinxia","Glanville Fritillary",2017,16,2.27,13,"1976-2024","UK"
81,"Melitaea cinxia","Glanville Fritillary",2018,15,2.39,4,"1976-2024","UK"
81,"Melitaea cinxia","Glanville Fritillary",2019,15,2.38,5,"1976-2024","UK"
81,"Melitaea cinxia","Glanville Fritillary",2020,15,2.26,14,"1976-2024","UK"
81,"Melitaea cinxia","Glanville Fritillary",2021,15,2.54,2,"1976-2024","UK"
81,"Melitaea cinxia","Glanville Fritillary",2022,17,2.22,15,"1976-2024","UK"
81,"Melitaea cinxia","Glanville Fritillary",2023,18,2.33,8,"1976-2024","UK"
81,"Melitaea cinxia","Glanville Fritillary",2024,16,2.45,3,"1976-2024","UK"
88,"Ochlodes sylvanus","Large Skipper",1976,37,1.86,42,"1976-2024","UK"
88,"Ochlodes sylvanus","Large Skipper",1977,52,1.82,45,"1976-2024","UK"
88,"Ochlodes sylvanus","Large Skipper",1978,55,1.92,34,"1976-2024","UK"
88,"Ochlodes sylvanus","Large Skipper",1979,70,1.95,31,"1976-2024","UK"
88,"Ochlodes sylvanus","Large Skipper",1980,77,1.97,27,"1976-2024","UK"
88,"Ochlodes sylvanus","Large Skipper",1981,78,1.78,46,"1976-2024","UK"
88,"Ochlodes sylvanus","Large Skipper",1982,84,2.11,12,"1976-2024","UK"
88,"Ochlodes sylvanus","Large Skipper",1983,94,2.1,13,"1976-2024","UK"
88,"Ochlodes sylvanus","Large Skipper",1984,103,2.33,1,"1976-2024","UK"
88,"Ochlodes sylvanus","Large Skipper",1985,112,2.1,13,"1976-2024","UK"
88,"Ochlodes sylvanus","Large Skipper",1986,119,2.17,7,"1976-2024","UK"
88,"Ochlodes sylvanus","Large Skipper",1987,144,2.16,8,"1976-2024","UK"
88,"Ochlodes sylvanus","Large Skipper",1988,165,2.16,8,"1976-2024","UK"
88,"Ochlodes sylvanus","Large Skipper",1989,196,2.09,15,"1976-2024","UK"
88,"Ochlodes sylvanus","Large Skipper",1990,225,1.98,24,"1976-2024","UK"
88,"Ochlodes sylvanus","Large Skipper",1991,249,1.88,40,"1976-2024","UK"
88,"Ochlodes sylvanus","Large Skipper",1992,276,2.19,4,"1976-2024","UK"
88,"Ochlodes sylvanus","Large Skipper",1993,309,2.18,6,"1976-2024","UK"
88,"Ochlodes sylvanus","Large Skipper",1994,340,2.23,3,"1976-2024","UK"
88,"Ochlodes sylvanus","Large Skipper",1995,395,2.24,2,"1976-2024","UK"
88,"Ochlodes sylvanus","Large Skipper",1996,438,2.19,4,"1976-2024","UK"
88,"Ochlodes sylvanus","Large Skipper",1997,455,2.14,11,"1976-2024","UK"
88,"Ochlodes sylvanus","Large Skipper",1998,473,1.96,29,"1976-2024","UK"
88,"Ochlodes sylvanus","Large Skipper",1999,497,1.96,29,"1976-2024","UK"
88,"Ochlodes sylvanus","Large Skipper",2000,537,2,20,"1976-2024","UK"
88,"Ochlodes sylvanus","Large Skipper",2001,513,1.95,31,"1976-2024","UK"
88,"Ochlodes sylvanus","Large Skipper",2002,591,2,20,"1976-2024","UK"
88,"Ochlodes sylvanus","Large Skipper",2003,642,2.03,19,"1976-2024","UK"
88,"Ochlodes sylvanus","Large Skipper",2004,670,1.99,22,"1976-2024","UK"
88,"Ochlodes sylvanus","Large Skipper",2005,690,1.92,34,"1976-2024","UK"
88,"Ochlodes sylvanus","Large Skipper",2006,738,1.97,27,"1976-2024","UK"
88,"Ochlodes sylvanus","Large Skipper",2007,859,1.9,38,"1976-2024","UK"
88,"Ochlodes sylvanus","Large Skipper",2008,887,1.73,47,"1976-2024","UK"
88,"Ochlodes sylvanus","Large Skipper",2009,1234,1.98,24,"1976-2024","UK"
88,"Ochlodes sylvanus","Large Skipper",2010,1256,2.09,15,"1976-2024","UK"
88,"Ochlodes sylvanus","Large Skipper",2011,1283,2.06,18,"1976-2024","UK"
88,"Ochlodes sylvanus","Large Skipper",2012,1316,1.72,48,"1976-2024","UK"
88,"Ochlodes sylvanus","Large Skipper",2013,1448,1.89,39,"1976-2024","UK"
88,"Ochlodes sylvanus","Large Skipper",2014,1570,2.16,8,"1976-2024","UK"
88,"Ochlodes sylvanus","Large Skipper",2015,1726,2.07,17,"1976-2024","UK"
88,"Ochlodes sylvanus","Large Skipper",2016,1778,1.88,40,"1976-2024","UK"
88,"Ochlodes sylvanus","Large Skipper",2017,1908,1.92,34,"1976-2024","UK"
88,"Ochlodes sylvanus","Large Skipper",2018,2010,1.95,31,"1976-2024","UK"
88,"Ochlodes sylvanus","Large Skipper",2019,2128,1.99,22,"1976-2024","UK"
88,"Ochlodes sylvanus","Large Skipper",2020,1793,1.98,24,"1976-2024","UK"
88,"Ochlodes sylvanus","Large Skipper",2021,2125,1.84,44,"1976-2024","UK"
88,"Ochlodes sylvanus","Large Skipper",2022,2273,1.86,42,"1976-2024","UK"
88,"Ochlodes sylvanus","Large Skipper",2023,2312,1.92,34,"1976-2024","UK"
88,"Ochlodes sylvanus","Large Skipper",2024,2385,1.7,49,"1976-2024","UK"
90,"Papilio machaon","Swallowtail",1976,1,2.46,1,"1976-2024","UK"
90,"Papilio machaon","Swallowtail",1977,1,1.4,48,"1976-2024","UK"
90,"Papilio machaon","Swallowtail",1979,2,1.89,34,"1976-2024","UK"
90,"Papilio machaon","Swallowtail",1980,2,1.73,42,"1976-2024","UK"
90,"Papilio machaon","Swallowtail",1981,2,1.63,47,"1976-2024","UK"
90,"Papilio machaon","Swallowtail",1982,2,2,29,"1976-2024","UK"
90,"Papilio machaon","Swallowtail",1983,2,1.67,44,"1976-2024","UK"
90,"Papilio machaon","Swallowtail",1984,2,1.78,39,"1976-2024","UK"
90,"Papilio machaon","Swallowtail",1985,2,2.44,2,"1976-2024","UK"
90,"Papilio machaon","Swallowtail",1986,2,1.89,34,"1976-2024","UK"
90,"Papilio machaon","Swallowtail",1987,2,2.07,20,"1976-2024","UK"
90,"Papilio machaon","Swallowtail",1988,3,1.87,36,"1976-2024","UK"
90,"Papilio machaon","Swallowtail",1989,3,2.2,6,"1976-2024","UK"
90,"Papilio machaon","Swallowtail",1990,3,2.02,27,"1976-2024","UK"
90,"Papilio machaon","Swallowtail",1991,3,2.06,22,"1976-2024","UK"
90,"Papilio machaon","Swallowtail",1992,4,2.09,17,"1976-2024","UK"
90,"Papilio machaon","Swallowtail",1993,3,2.2,6,"1976-2024","UK"
90,"Papilio machaon","Swallowtail",1994,4,2,29,"1976-2024","UK"
90,"Papilio machaon","Swallowtail",1995,5,2.35,3,"1976-2024","UK"
90,"Papilio machaon","Swallowtail",1996,6,2.08,18,"1976-2024","UK"
90,"Papilio machaon","Swallowtail",1997,4,2.03,24,"1976-2024","UK"
90,"Papilio machaon","Swallowtail",1998,4,2.13,13,"1976-2024","UK"
90,"Papilio machaon","Swallowtail",1999,4,2.15,10,"1976-2024","UK"
90,"Papilio machaon","Swallowtail",2000,3,2.1,15,"1976-2024","UK"
90,"Papilio machaon","Swallowtail",2001,4,1.98,31,"1976-2024","UK"
90,"Papilio machaon","Swallowtail",2002,5,1.97,32,"1976-2024","UK"
90,"Papilio machaon","Swallowtail",2003,6,2.03,24,"1976-2024","UK"
90,"Papilio machaon","Swallowtail",2004,12,2.2,6,"1976-2024","UK"
90,"Papilio machaon","Swallowtail",2005,15,2.21,5,"1976-2024","UK"
90,"Papilio machaon","Swallowtail",2006,15,2.14,11,"1976-2024","UK"
90,"Papilio machaon","Swallowtail",2007,13,2.03,24,"1976-2024","UK"
90,"Papilio machaon","Swallowtail",2008,17,2.29,4,"1976-2024","UK"
90,"Papilio machaon","Swallowtail",2009,19,2.13,13,"1976-2024","UK"
90,"Papilio machaon","Swallowtail",2010,23,2.07,20,"1976-2024","UK"
90,"Papilio machaon","Swallowtail",2011,24,2.2,6,"1976-2024","UK"
90,"Papilio machaon","Swallowtail",2012,28,1.74,41,"1976-2024","UK"
90,"Papilio machaon","Swallowtail",2013,29,2.04,23,"1976-2024","UK"
90,"Papilio machaon","Swallowtail",2014,28,2.08,18,"1976-2024","UK"
90,"Papilio machaon","Swallowtail",2015,27,1.66,45,"1976-2024","UK"
90,"Papilio machaon","Swallowtail",2016,26,1.65,46,"1976-2024","UK"
90,"Papilio machaon","Swallowtail",2017,27,2.14,11,"1976-2024","UK"
90,"Papilio machaon","Swallowtail",2018,30,1.83,38,"1976-2024","UK"
90,"Papilio machaon","Swallowtail",2019,30,1.87,36,"1976-2024","UK"
90,"Papilio machaon","Swallowtail",2020,28,2.1,15,"1976-2024","UK"
90,"Papilio machaon","Swallowtail",2021,29,2.01,28,"1976-2024","UK"
90,"Papilio machaon","Swallowtail",2022,30,1.92,33,"1976-2024","UK"
90,"Papilio machaon","Swallowtail",2023,29,1.69,43,"1976-2024","UK"
90,"Papilio machaon","Swallowtail",2024,32,1.76,40,"1976-2024","UK"
93,"Pararge aegeria","Speckled Wood",1976,34,1.99,27,"1976-2024","UK"
93,"Pararge aegeria","Speckled Wood",1977,51,1.45,49,"1976-2024","UK"
93,"Pararge aegeria","Speckled Wood",1978,55,1.79,46,"1976-2024","UK"
93,"Pararge aegeria","Speckled Wood",1979,70,1.77,47,"1976-2024","UK"
93,"Pararge aegeria","Speckled Wood",1980,75,1.84,43,"1976-2024","UK"
93,"Pararge aegeria","Speckled Wood",1981,78,1.94,39,"1976-2024","UK"
93,"Pararge aegeria","Speckled Wood",1982,82,1.97,33,"1976-2024","UK"
93,"Pararge aegeria","Speckled Wood",1983,93,1.92,40,"1976-2024","UK"
93,"Pararge aegeria","Speckled Wood",1984,104,1.8,45,"1976-2024","UK"
93,"Pararge aegeria","Speckled Wood",1985,114,1.6,48,"1976-2024","UK"
93,"Pararge aegeria","Speckled Wood",1986,122,1.85,42,"1976-2024","UK"
93,"Pararge aegeria","Speckled Wood",1987,144,1.99,27,"1976-2024","UK"
93,"Pararge aegeria","Speckled Wood",1988,167,2.15,5,"1976-2024","UK"
93,"Pararge aegeria","Speckled Wood",1989,201,2.18,3,"1976-2024","UK"
93,"Pararge aegeria","Speckled Wood",1990,229,1.97,33,"1976-2024","UK"
93,"Pararge aegeria","Speckled Wood",1991,258,1.95,38,"1976-2024","UK"
93,"Pararge aegeria","Speckled Wood",1992,286,2.1,9,"1976-2024","UK"
93,"Pararge aegeria","Speckled Wood",1993,317,2.02,25,"1976-2024","UK"
93,"Pararge aegeria","Speckled Wood",1994,350,2.05,22,"1976-2024","UK"
93,"Pararge aegeria","Speckled Wood",1995,413,1.96,36,"1976-2024","UK"
93,"Pararge aegeria","Speckled Wood",1996,444,1.81,44,"1976-2024","UK"
93,"Pararge aegeria","Speckled Wood",1997,478,1.98,30,"1976-2024","UK"
93,"Pararge aegeria","Speckled Wood",1998,491,2.03,24,"1976-2024","UK"
93,"Pararge aegeria","Speckled Wood",1999,511,2.06,20,"1976-2024","UK"
93,"Pararge aegeria","Speckled Wood",2000,561,2.09,14,"1976-2024","UK"
93,"Pararge aegeria","Speckled Wood",2001,520,1.97,33,"1976-2024","UK"
93,"Pararge aegeria","Speckled Wood",2002,620,2.09,14,"1976-2024","UK"
93,"Pararge aegeria","Speckled Wood",2003,668,2.16,4,"1976-2024","UK"
93,"Pararge aegeria","Speckled Wood",2004,698,2.1,9,"1976-2024","UK"
93,"Pararge aegeria","Speckled Wood",2005,723,2.1,9,"1976-2024","UK"
93,"Pararge aegeria","Speckled Wood",2006,798,2.08,16,"1976-2024","UK"
93,"Pararge aegeria","Speckled Wood",2007,1027,1.96,36,"1976-2024","UK"
93,"Pararge aegeria","Speckled Wood",2008,1009,2.14,7,"1976-2024","UK"
93,"Pararge aegeria","Speckled Wood",2009,1543,2.26,1,"1976-2024","UK"
93,"Pararge aegeria","Speckled Wood",2010,1542,2.08,16,"1976-2024","UK"
93,"Pararge aegeria","Speckled Wood",2011,1547,2.12,8,"1976-2024","UK"
93,"Pararge aegeria","Speckled Wood",2012,1599,1.89,41,"1976-2024","UK"
93,"Pararge aegeria","Speckled Wood",2013,1782,2.1,9,"1976-2024","UK"
93,"Pararge aegeria","Speckled Wood",2014,1891,2.15,5,"1976-2024","UK"
93,"Pararge aegeria","Speckled Wood",2015,2004,1.99,27,"1976-2024","UK"
93,"Pararge aegeria","Speckled Wood",2016,2096,2.04,23,"1976-2024","UK"
93,"Pararge aegeria","Speckled Wood",2017,2243,2.1,9,"1976-2024","UK"
93,"Pararge aegeria","Speckled Wood",2018,2369,2.2,2,"1976-2024","UK"
93,"Pararge aegeria","Speckled Wood",2019,2508,2.06,20,"1976-2024","UK"
93,"Pararge aegeria","Speckled Wood",2020,2088,1.98,30,"1976-2024","UK"
93,"Pararge aegeria","Speckled Wood",2021,2504,2.01,26,"1976-2024","UK"
93,"Pararge aegeria","Speckled Wood",2022,2713,2.08,16,"1976-2024","UK"
93,"Pararge aegeria","Speckled Wood",2023,2786,2.08,16,"1976-2024","UK"
93,"Pararge aegeria","Speckled Wood",2024,2960,1.98,30,"1976-2024","UK"
73,"Phengaris arion","Large Blue",1983,1,0.1,42,"1976-2024","UK"
73,"Phengaris arion","Large Blue",1984,1,0.68,41,"1976-2024","UK"
73,"Phengaris arion","Large Blue",1985,1,1.37,37,"1976-2024","UK"
73,"Phengaris arion","Large Blue",1986,1,1.98,29,"1976-2024","UK"
73,"Phengaris arion","Large Blue",1987,1,2.21,18,"1976-2024","UK"
73,"Phengaris arion","Large Blue",1988,2,2.55,5,"1976-2024","UK"
73,"Phengaris arion","Large Blue",1989,2,2.42,11,"1976-2024","UK"
73,"Phengaris arion","Large Blue",1990,2,1.51,35,"1976-2024","UK"
73,"Phengaris arion","Large Blue",1991,2,1.52,34,"1976-2024","UK"
73,"Phengaris arion","Large Blue",1992,4,0.78,40,"1976-2024","UK"
73,"Phengaris arion","Large Blue",1993,5,1.23,38,"1976-2024","UK"
73,"Phengaris arion","Large Blue",1994,5,1.56,33,"1976-2024","UK"
73,"Phengaris arion","Large Blue",1995,6,1.85,30,"1976-2024","UK"
73,"Phengaris arion","Large Blue",1996,5,1.75,32,"1976-2024","UK"
73,"Phengaris arion","Large Blue",1997,6,1.19,39,"1976-2024","UK"
73,"Phengaris arion","Large Blue",1998,6,1.47,36,"1976-2024","UK"
73,"Phengaris arion","Large Blue",1999,7,1.78,31,"1976-2024","UK"
73,"Phengaris arion","Large Blue",2000,9,2.21,18,"1976-2024","UK"
73,"Phengaris arion","Large Blue",2001,8,2.06,27,"1976-2024","UK"
73,"Phengaris arion","Large Blue",2002,17,2.11,25,"1976-2024","UK"
73,"Phengaris arion","Large Blue",2003,17,2.14,21,"1976-2024","UK"
73,"Phengaris arion","Large Blue",2004,16,2.22,16,"1976-2024","UK"
73,"Phengaris arion","Large Blue",2005,18,2.26,14,"1976-2024","UK"
73,"Phengaris arion","Large Blue",2006,20,2.26,14,"1976-2024","UK"
73,"Phengaris arion","Large Blue",2007,21,2.15,20,"1976-2024","UK"
73,"Phengaris arion","Large Blue",2008,23,2.12,24,"1976-2024","UK"
73,"Phengaris arion","Large Blue",2009,25,2.08,26,"1976-2024","UK"
73,"Phengaris arion","Large Blue",2010,24,2.22,16,"1976-2024","UK"
73,"Phengaris arion","Large Blue",2011,26,2.13,22,"1976-2024","UK"
73,"Phengaris arion","Large Blue",2012,28,2.35,13,"1976-2024","UK"
73,"Phengaris arion","Large Blue",2013,30,2.13,22,"1976-2024","UK"
73,"Phengaris arion","Large Blue",2014,34,2.03,28,"1976-2024","UK"
73,"Phengaris arion","Large Blue",2015,36,2.39,12,"1976-2024","UK"
73,"Phengaris arion","Large Blue",2016,34,2.53,6,"1976-2024","UK"
73,"Phengaris arion","Large Blue",2017,31,2.52,7,"1976-2024","UK"
73,"Phengaris arion","Large Blue",2018,32,2.73,1,"1976-2024","UK"
73,"Phengaris arion","Large Blue",2019,31,2.59,4,"1976-2024","UK"
73,"Phengaris arion","Large Blue",2020,18,2.52,7,"1976-2024","UK"
73,"Phengaris arion","Large Blue",2021,21,2.44,10,"1976-2024","UK"
73,"Phengaris arion","Large Blue",2022,22,2.67,3,"1976-2024","UK"
73,"Phengaris arion","Large Blue",2023,24,2.72,2,"1976-2024","UK"
73,"Phengaris arion","Large Blue",2024,20,2.49,9,"1976-2024","UK"
98,"Pieris brassicae","Large White",1976,36,2.05,15,"1976-2024","UK"
98,"Pieris brassicae","Large White",1977,61,1.82,44,"1976-2024","UK"
98,"Pieris brassicae","Large White",1978,67,2.21,6,"1976-2024","UK"
98,"Pieris brassicae","Large White",1979,83,2.44,2,"1976-2024","UK"
98,"Pieris brassicae","Large White",1980,89,2.09,12,"1976-2024","UK"
98,"Pieris brassicae","Large White",1981,91,2.01,19,"1976-2024","UK"
98,"Pieris brassicae","Large White",1982,96,2.17,9,"1976-2024","UK"
98,"Pieris brassicae","Large White",1983,108,2.08,13,"1976-2024","UK"
98,"Pieris brassicae","Large White",1984,117,1.92,34,"1976-2024","UK"
98,"Pieris brassicae","Large White",1985,126,1.91,36,"1976-2024","UK"
98,"Pieris brassicae","Large White",1986,134,2.14,10,"1976-2024","UK"
98,"Pieris brassicae","Large White",1987,158,1.78,46,"1976-2024","UK"
98,"Pieris brassicae","Large White",1988,179,2.25,5,"1976-2024","UK"
98,"Pieris brassicae","Large White",1989,212,2.18,7,"1976-2024","UK"
98,"Pieris brassicae","Large White",1990,240,1.98,21,"1976-2024","UK"
98,"Pieris brassicae","Large White",1991,267,2,20,"1976-2024","UK"
98,"Pieris brassicae","Large White",1992,295,2.59,1,"1976-2024","UK"
98,"Pieris brassicae","Large White",1993,327,1.96,27,"1976-2024","UK"
98,"Pieris brassicae","Large White",1994,358,1.96,27,"1976-2024","UK"
98,"Pieris brassicae","Large White",1995,418,1.94,32,"1976-2024","UK"
98,"Pieris brassicae","Large White",1996,451,1.65,48,"1976-2024","UK"
98,"Pieris brassicae","Large White",1997,487,2.04,16,"1976-2024","UK"
98,"Pieris brassicae","Large White",1998,502,2.1,11,"1976-2024","UK"
98,"Pieris brassicae","Large White",1999,525,1.87,40,"1976-2024","UK"
98,"Pieris brassicae","Large White",2000,573,1.92,34,"1976-2024","UK"
98,"Pieris brassicae","Large White",2001,539,1.84,42,"1976-2024","UK"
98,"Pieris brassicae","Large White",2002,633,1.97,23,"1976-2024","UK"
98,"Pieris brassicae","Large White",2003,709,2.02,18,"1976-2024","UK"
98,"Pieris brassicae","Large White",2004,731,1.97,23,"1976-2024","UK"
98,"Pieris brassicae","Large White",2005,759,2.03,17,"1976-2024","UK"
98,"Pieris brassicae","Large White",2006,846,1.95,30,"1976-2024","UK"
98,"Pieris brassicae","Large White",2007,1097,1.83,43,"1976-2024","UK"
98,"Pieris brassicae","Large White",2008,1061,1.98,21,"1976-2024","UK"
98,"Pieris brassicae","Large White",2009,1668,2.33,3,"1976-2024","UK"
98,"Pieris brassicae","Large White",2010,1633,1.97,23,"1976-2024","UK"
98,"Pieris brassicae","Large White",2011,1646,1.9,37,"1976-2024","UK"
98,"Pieris brassicae","Large White",2012,1690,1.62,49,"1976-2024","UK"
98,"Pieris brassicae","Large White",2013,1881,2.27,4,"1976-2024","UK"
98,"Pieris brassicae","Large White",2014,1991,1.77,47,"1976-2024","UK"
98,"Pieris brassicae","Large White",2015,2107,1.95,30,"1976-2024","UK"
98,"Pieris brassicae","Large White",2016,2184,1.93,33,"1976-2024","UK"
98,"Pieris brassicae","Large White",2017,2332,1.85,41,"1976-2024","UK"
98,"Pieris brassicae","Large White",2018,2481,2.18,7,"1976-2024","UK"
98,"Pieris brassicae","Large White",2019,2625,1.96,27,"1976-2024","UK"
98,"Pieris brassicae","Large White",2020,2180,2.07,14,"1976-2024","UK"
98,"Pieris brassicae","Large White",2021,2628,1.89,38,"1976-2024","UK"
98,"Pieris brassicae","Large White",2022,2837,1.89,38,"1976-2024","UK"
98,"Pieris brassicae","Large White",2023,2902,1.97,23,"1976-2024","UK"
98,"Pieris brassicae","Large White",2024,3083,1.8,45,"1976-2024","UK"
99,"Pieris napi","Green-veined White",1976,37,1.92,33,"1976-2024","UK"
99,"Pieris napi","Green-veined White",1977,62,1.79,47,"1976-2024","UK"
99,"Pieris napi","Green-veined White",1978,68,2.24,1,"1976-2024","UK"
99,"Pieris napi","Green-veined White",1979,84,2.2,4,"1976-2024","UK"
99,"Pieris napi","Green-veined White",1980,88,2.11,10,"1976-2024","UK"
99,"Pieris napi","Green-veined White",1981,93,2.05,21,"1976-2024","UK"
99,"Pieris napi","Green-veined White",1982,97,2.23,2,"1976-2024","UK"
99,"Pieris napi","Green-veined White",1983,108,2.05,21,"1976-2024","UK"
99,"Pieris napi","Green-veined White",1984,116,2.03,24,"1976-2024","UK"
99,"Pieris napi","Green-veined White",1985,127,1.91,34,"1976-2024","UK"
99,"Pieris napi","Green-veined White",1986,134,2.07,18,"1976-2024","UK"
99,"Pieris napi","Green-veined White",1987,157,1.93,32,"1976-2024","UK"
99,"Pieris napi","Green-veined White",1988,179,2.09,16,"1976-2024","UK"
99,"Pieris napi","Green-veined White",1989,213,2.18,5,"1976-2024","UK"
99,"Pieris napi","Green-veined White",1990,239,1.97,27,"1976-2024","UK"
99,"Pieris napi","Green-veined White",1991,267,1.9,36,"1976-2024","UK"
99,"Pieris napi","Green-veined White",1992,299,2.15,8,"1976-2024","UK"
99,"Pieris napi","Green-veined White",1993,326,1.86,41,"1976-2024","UK"
99,"Pieris napi","Green-veined White",1994,360,1.9,36,"1976-2024","UK"
99,"Pieris napi","Green-veined White",1995,417,2.09,16,"1976-2024","UK"
99,"Pieris napi","Green-veined White",1996,455,1.85,42,"1976-2024","UK"
99,"Pieris napi","Green-veined White",1997,487,2.14,9,"1976-2024","UK"
99,"Pieris napi","Green-veined White",1998,503,2.11,10,"1976-2024","UK"
99,"Pieris napi","Green-veined White",1999,518,1.99,25,"1976-2024","UK"
99,"Pieris napi","Green-veined White",2000,569,2.06,19,"1976-2024","UK"
99,"Pieris napi","Green-veined White",2001,540,1.94,30,"1976-2024","UK"
99,"Pieris napi","Green-veined White",2002,638,2.05,21,"1976-2024","UK"
99,"Pieris napi","Green-veined White",2003,706,2.06,19,"1976-2024","UK"
99,"Pieris napi","Green-veined White",2004,732,2.11,10,"1976-2024","UK"
99,"Pieris napi","Green-veined White",2005,756,1.95,28,"1976-2024","UK"
99,"Pieris napi","Green-veined White",2006,835,1.85,42,"1976-2024","UK"
99,"Pieris napi","Green-veined White",2007,1066,1.82,45,"1976-2024","UK"
99,"Pieris napi","Green-veined White",2008,1055,1.89,38,"1976-2024","UK"
99,"Pieris napi","Green-veined White",2009,1605,2.22,3,"1976-2024","UK"
99,"Pieris napi","Green-veined White",2010,1604,2.11,10,"1976-2024","UK"
99,"Pieris napi","Green-veined White",2011,1651,2.1,15,"1976-2024","UK"
99,"Pieris napi","Green-veined White",2012,1668,1.73,48,"1976-2024","UK"
99,"Pieris napi","Green-veined White",2013,1854,2.18,5,"1976-2024","UK"
99,"Pieris napi","Green-veined White",2014,1971,2.11,10,"1976-2024","UK"
99,"Pieris napi","Green-veined White",2015,2087,1.89,38,"1976-2024","UK"
99,"Pieris napi","Green-veined White",2016,2185,1.95,28,"1976-2024","UK"
99,"Pieris napi","Green-veined White",2017,2329,1.94,30,"1976-2024","UK"
99,"Pieris napi","Green-veined White",2018,2464,2.16,7,"1976-2024","UK"
99,"Pieris napi","Green-veined White",2019,2572,1.91,34,"1976-2024","UK"
99,"Pieris napi","Green-veined White",2020,2143,1.98,26,"1976-2024","UK"
99,"Pieris napi","Green-veined White",2021,2583,1.84,44,"1976-2024","UK"
99,"Pieris napi","Green-veined White",2022,2769,1.88,40,"1976-2024","UK"
99,"Pieris napi","Green-veined White",2023,2810,1.82,45,"1976-2024","UK"
99,"Pieris napi","Green-veined White",2024,2920,1.72,49,"1976-2024","UK"
100,"Pieris rapae","Small White",1976,35,1.95,26,"1976-2024","UK"
100,"Pieris rapae","Small White",1977,60,1.92,31,"1976-2024","UK"
100,"Pieris rapae","Small White",1978,66,2.25,5,"1976-2024","UK"
100,"Pieris rapae","Small White",1979,81,2.14,13,"1976-2024","UK"
100,"Pieris rapae","Small White",1980,86,1.87,37,"1976-2024","UK"
100,"Pieris rapae","Small White",1981,90,1.75,47,"1976-2024","UK"
100,"Pieris rapae","Small White",1982,95,2.18,9,"1976-2024","UK"
100,"Pieris rapae","Small White",1983,107,1.99,20,"1976-2024","UK"
100,"Pieris rapae","Small White",1984,115,2.05,18,"1976-2024","UK"
100,"Pieris rapae","Small White",1985,125,1.89,35,"1976-2024","UK"
100,"Pieris rapae","Small White",1986,133,2.33,2,"1976-2024","UK"
100,"Pieris rapae","Small White",1987,157,1.88,36,"1976-2024","UK"
100,"Pieris rapae","Small White",1988,176,1.95,26,"1976-2024","UK"
100,"Pieris rapae","Small White",1989,210,2.19,8,"1976-2024","UK"
100,"Pieris rapae","Small White",1990,238,2.08,16,"1976-2024","UK"
100,"Pieris rapae","Small White",1991,264,1.96,25,"1976-2024","UK"
100,"Pieris rapae","Small White",1992,289,2.24,6,"1976-2024","UK"
100,"Pieris rapae","Small White",1993,318,1.75,47,"1976-2024","UK"
100,"Pieris rapae","Small White",1994,355,2.16,10,"1976-2024","UK"
100,"Pieris rapae","Small White",1995,414,2.35,1,"1976-2024","UK"
100,"Pieris rapae","Small White",1996,450,1.95,26,"1976-2024","UK"
100,"Pieris rapae","Small White",1997,479,2.27,4,"1976-2024","UK"
100,"Pieris rapae","Small White",1998,500,1.92,31,"1976-2024","UK"
100,"Pieris rapae","Small White",1999,525,1.85,41,"1976-2024","UK"
100,"Pieris rapae","Small White",2000,573,1.86,39,"1976-2024","UK"
100,"Pieris rapae","Small White",2001,541,1.91,33,"1976-2024","UK"
100,"Pieris rapae","Small White",2002,628,1.87,37,"1976-2024","UK"
100,"Pieris rapae","Small White",2003,706,2.16,10,"1976-2024","UK"
100,"Pieris rapae","Small White",2004,730,2.12,14,"1976-2024","UK"
100,"Pieris rapae","Small White",2005,756,1.95,26,"1976-2024","UK"
100,"Pieris rapae","Small White",2006,849,1.99,20,"1976-2024","UK"
100,"Pieris rapae","Small White",2007,1085,1.82,45,"1976-2024","UK"
100,"Pieris rapae","Small White",2008,1061,1.83,43,"1976-2024","UK"
100,"Pieris rapae","Small White",2009,1657,2.11,15,"1976-2024","UK"
100,"Pieris rapae","Small White",2010,1621,1.99,20,"1976-2024","UK"
100,"Pieris rapae","Small White",2011,1630,1.97,24,"1976-2024","UK"
100,"Pieris rapae","Small White",2012,1688,1.62,49,"1976-2024","UK"
100,"Pieris rapae","Small White",2013,1872,2.3,3,"1976-2024","UK"
100,"Pieris rapae","Small White",2014,1975,1.84,42,"1976-2024","UK"
100,"Pieris rapae","Small White",2015,2096,1.86,39,"1976-2024","UK"
100,"Pieris rapae","Small White",2016,2169,1.91,33,"1976-2024","UK"
100,"Pieris rapae","Small White",2017,2333,1.83,43,"1976-2024","UK"
100,"Pieris rapae","Small White",2018,2473,2.23,7,"1976-2024","UK"
100,"Pieris rapae","Small White",2019,2618,2.07,17,"1976-2024","UK"
100,"Pieris rapae","Small White",2020,2181,2.16,10,"1976-2024","UK"
100,"Pieris rapae","Small White",2021,2638,1.98,23,"1976-2024","UK"
100,"Pieris rapae","Small White",2022,2851,1.93,30,"1976-2024","UK"
100,"Pieris rapae","Small White",2023,2914,2.02,19,"1976-2024","UK"
100,"Pieris rapae","Small White",2024,3098,1.78,46,"1976-2024","UK"
102,"Plebejus argus","Silver-studded Blue",1979,12,1.8,37,"1976-2024","UK"
102,"Plebejus argus","Silver-studded Blue",1980,13,1.77,41,"1976-2024","UK"
102,"Plebejus argus","Silver-studded Blue",1981,13,1.43,46,"1976-2024","UK"
102,"Plebejus argus","Silver-studded Blue",1982,13,2.13,13,"1976-2024","UK"
102,"Plebejus argus","Silver-studded Blue",1983,15,1.68,44,"1976-2024","UK"
102,"Plebejus argus","Silver-studded Blue",1984,14,1.69,43,"1976-2024","UK"
102,"Plebejus argus","Silver-studded Blue",1985,14,2.02,25,"1976-2024","UK"
102,"Plebejus argus","Silver-studded Blue",1986,14,2.25,3,"1976-2024","UK"
102,"Plebejus argus","Silver-studded Blue",1987,14,2.45,1,"1976-2024","UK"
102,"Plebejus argus","Silver-studded Blue",1988,16,1.78,40,"1976-2024","UK"
102,"Plebejus argus","Silver-studded Blue",1989,19,2.08,16,"1976-2024","UK"
102,"Plebejus argus","Silver-studded Blue",1990,21,1.99,28,"1976-2024","UK"
102,"Plebejus argus","Silver-studded Blue",1991,24,1.64,45,"1976-2024","UK"
102,"Plebejus argus","Silver-studded Blue",1992,28,1.8,37,"1976-2024","UK"
102,"Plebejus argus","Silver-studded Blue",1993,31,1.95,29,"1976-2024","UK"
102,"Plebejus argus","Silver-studded Blue",1994,29,2.18,9,"1976-2024","UK"
102,"Plebejus argus","Silver-studded Blue",1995,36,2.19,8,"1976-2024","UK"
102,"Plebejus argus","Silver-studded Blue",1996,36,2.41,2,"1976-2024","UK"
102,"Plebejus argus","Silver-studded Blue",1997,39,2.03,22,"1976-2024","UK"
102,"Plebejus argus","Silver-studded Blue",1998,40,1.79,39,"1976-2024","UK"
102,"Plebejus argus","Silver-studded Blue",1999,48,1.86,34,"1976-2024","UK"
102,"Plebejus argus","Silver-studded Blue",2000,48,1.91,33,"1976-2024","UK"
102,"Plebejus argus","Silver-studded Blue",2001,49,2.07,17,"1976-2024","UK"
102,"Plebejus argus","Silver-studded Blue",2002,47,2.02,25,"1976-2024","UK"
102,"Plebejus argus","Silver-studded Blue",2003,51,2.17,10,"1976-2024","UK"
102,"Plebejus argus","Silver-studded Blue",2004,51,2.16,12,"1976-2024","UK"
102,"Plebejus argus","Silver-studded Blue",2005,56,1.95,29,"1976-2024","UK"
102,"Plebejus argus","Silver-studded Blue",2006,60,2.2,6,"1976-2024","UK"
102,"Plebejus argus","Silver-studded Blue",2007,68,1.83,36,"1976-2024","UK"
102,"Plebejus argus","Silver-studded Blue",2008,71,1.86,34,"1976-2024","UK"
102,"Plebejus argus","Silver-studded Blue",2009,78,2.03,22,"1976-2024","UK"
102,"Plebejus argus","Silver-studded Blue",2010,80,2.04,21,"1976-2024","UK"
102,"Plebejus argus","Silver-studded Blue",2011,73,2.07,17,"1976-2024","UK"
102,"Plebejus argus","Silver-studded Blue",2012,74,1.76,42,"1976-2024","UK"
102,"Plebejus argus","Silver-studded Blue",2013,83,2.03,22,"1976-2024","UK"
102,"Plebejus argus","Silver-studded Blue",2014,94,1.92,31,"1976-2024","UK"
102,"Plebejus argus","Silver-studded Blue",2015,107,1.92,31,"1976-2024","UK"
102,"Plebejus argus","Silver-studded Blue",2016,109,2.06,19,"1976-2024","UK"
102,"Plebejus argus","Silver-studded Blue",2017,121,2.05,20,"1976-2024","UK"
102,"Plebejus argus","Silver-studded Blue",2018,127,2.2,6,"1976-2024","UK"
102,"Plebejus argus","Silver-studded Blue",2019,140,2.1,15,"1976-2024","UK"
102,"Plebejus argus","Silver-studded Blue",2020,126,2.21,5,"1976-2024","UK"
102,"Plebejus argus","Silver-studded Blue",2021,137,2.22,4,"1976-2024","UK"
102,"Plebejus argus","Silver-studded Blue",2022,141,2.17,10,"1976-2024","UK"
102,"Plebejus argus","Silver-studded Blue",2023,148,2.11,14,"1976-2024","UK"
102,"Plebejus argus","Silver-studded Blue",2024,156,2,27,"1976-2024","UK"
104,"Polygonia c-album","Comma",1976,37,1.66,45,"1976-2024","UK"
104,"Polygonia c-album","Comma",1977,49,1.18,49,"1976-2024","UK"
104,"Polygonia c-album","Comma",1978,53,1.45,48,"1976-2024","UK"
104,"Polygonia c-album","Comma",1979,64,1.71,42,"1976-2024","UK"
104,"Polygonia c-album","Comma",1980,73,1.71,42,"1976-2024","UK"
104,"Polygonia c-album","Comma",1981,76,1.68,44,"1976-2024","UK"
104,"Polygonia c-album","Comma",1982,79,2.2,6,"1976-2024","UK"
104,"Polygonia c-album","Comma",1983,89,1.98,33,"1976-2024","UK"
104,"Polygonia c-album","Comma",1984,100,1.84,40,"1976-2024","UK"
104,"Polygonia c-album","Comma",1985,110,1.87,39,"1976-2024","UK"
104,"Polygonia c-album","Comma",1986,117,2.02,29,"1976-2024","UK"
104,"Polygonia c-album","Comma",1987,140,2.05,27,"1976-2024","UK"
104,"Polygonia c-album","Comma",1988,160,1.83,41,"1976-2024","UK"
104,"Polygonia c-album","Comma",1989,192,2.11,17,"1976-2024","UK"
104,"Polygonia c-album","Comma",1990,219,2.08,21,"1976-2024","UK"
104,"Polygonia c-album","Comma",1991,244,2.2,6,"1976-2024","UK"
104,"Polygonia c-album","Comma",1992,276,2.12,15,"1976-2024","UK"
104,"Polygonia c-album","Comma",1993,296,1.63,46,"1976-2024","UK"
104,"Polygonia c-album","Comma",1994,326,1.62,47,"1976-2024","UK"
104,"Polygonia c-album","Comma",1995,389,2.06,25,"1976-2024","UK"
104,"Polygonia c-album","Comma",1996,419,1.99,32,"1976-2024","UK"
104,"Polygonia c-album","Comma",1997,457,2.16,10,"1976-2024","UK"
104,"Polygonia c-album","Comma",1998,464,1.91,38,"1976-2024","UK"
104,"Polygonia c-album","Comma",1999,488,2.01,30,"1976-2024","UK"
104,"Polygonia c-album","Comma",2000,532,2.18,9,"1976-2024","UK"
104,"Polygonia c-album","Comma",2001,488,2.16,10,"1976-2024","UK"
104,"Polygonia c-album","Comma",2002,593,2.08,21,"1976-2024","UK"
104,"Polygonia c-album","Comma",2003,658,2.28,2,"1976-2024","UK"
104,"Polygonia c-album","Comma",2004,671,2.15,12,"1976-2024","UK"
104,"Polygonia c-album","Comma",2005,697,2.14,14,"1976-2024","UK"
104,"Polygonia c-album","Comma",2006,756,2.27,3,"1976-2024","UK"
104,"Polygonia c-album","Comma",2007,943,2,31,"1976-2024","UK"
104,"Polygonia c-album","Comma",2008,959,2.1,19,"1976-2024","UK"
104,"Polygonia c-album","Comma",2009,1434,2.32,1,"1976-2024","UK"
104,"Polygonia c-album","Comma",2010,1440,2.19,8,"1976-2024","UK"
104,"Polygonia c-album","Comma",2011,1446,2.03,28,"1976-2024","UK"
104,"Polygonia c-album","Comma",2012,1497,1.93,37,"1976-2024","UK"
104,"Polygonia c-album","Comma",2013,1648,2.15,12,"1976-2024","UK"
104,"Polygonia c-album","Comma",2014,1745,2.06,25,"1976-2024","UK"
104,"Polygonia c-album","Comma",2015,1880,2.11,17,"1976-2024","UK"
104,"Polygonia c-album","Comma",2016,1948,1.98,33,"1976-2024","UK"
104,"Polygonia c-album","Comma",2017,2111,2.27,3,"1976-2024","UK"
104,"Polygonia c-album","Comma",2018,2223,2.1,19,"1976-2024","UK"
104,"Polygonia c-album","Comma",2019,2355,2.08,21,"1976-2024","UK"
104,"Polygonia c-album","Comma",2020,1988,2.07,24,"1976-2024","UK"
104,"Polygonia c-album","Comma",2021,2365,1.98,33,"1976-2024","UK"
104,"Polygonia c-album","Comma",2022,2540,2.12,15,"1976-2024","UK"
104,"Polygonia c-album","Comma",2023,2583,2.27,3,"1976-2024","UK"
104,"Polygonia c-album","Comma",2024,2682,1.94,36,"1976-2024","UK"
70,"Polyommatus bellargus","Adonis Blue",1979,10,1.62,42,"1976-2024","UK"
70,"Polyommatus bellargus","Adonis Blue",1980,13,1.83,36,"1976-2024","UK"
70,"Polyommatus bellargus","Adonis Blue",1981,13,1.58,43,"1976-2024","UK"
70,"Polyommatus bellargus","Adonis Blue",1982,14,2.17,14,"1976-2024","UK"
70,"Polyommatus bellargus","Adonis Blue",1983,15,2.11,17,"1976-2024","UK"
70,"Polyommatus bellargus","Adonis Blue",1984,16,2.31,7,"1976-2024","UK"
70,"Polyommatus bellargus","Adonis Blue",1985,21,2.01,21,"1976-2024","UK"
70,"Polyommatus bellargus","Adonis Blue",1986,23,2.15,15,"1976-2024","UK"
70,"Polyommatus bellargus","Adonis Blue",1987,25,1.74,39,"1976-2024","UK"
70,"Polyommatus bellargus","Adonis Blue",1988,28,1.45,45,"1976-2024","UK"
70,"Polyommatus bellargus","Adonis Blue",1989,34,1.81,38,"1976-2024","UK"
70,"Polyommatus bellargus","Adonis Blue",1990,40,2.13,16,"1976-2024","UK"
70,"Polyommatus bellargus","Adonis Blue",1991,42,1.9,32,"1976-2024","UK"
70,"Polyommatus bellargus","Adonis Blue",1992,49,1.83,36,"1976-2024","UK"
70,"Polyommatus bellargus","Adonis Blue",1993,51,1.27,46,"1976-2024","UK"
70,"Polyommatus bellargus","Adonis Blue",1994,55,1.67,40,"1976-2024","UK"
70,"Polyommatus bellargus","Adonis Blue",1995,66,1.64,41,"1976-2024","UK"
70,"Polyommatus bellargus","Adonis Blue",1996,73,2.29,8,"1976-2024","UK"
70,"Polyommatus bellargus","Adonis Blue",1997,77,2.34,5,"1976-2024","UK"
70,"Polyommatus bellargus","Adonis Blue",1998,80,1.94,29,"1976-2024","UK"
70,"Polyommatus bellargus","Adonis Blue",1999,77,1.93,30,"1976-2024","UK"
70,"Polyommatus bellargus","Adonis Blue",2000,83,1.98,24,"1976-2024","UK"
70,"Polyommatus bellargus","Adonis Blue",2001,82,1.85,35,"1976-2024","UK"
70,"Polyommatus bellargus","Adonis Blue",2002,86,1.95,27,"1976-2024","UK"
70,"Polyommatus bellargus","Adonis Blue",2003,99,2.39,3,"1976-2024","UK"
70,"Polyommatus bellargus","Adonis Blue",2004,99,2.26,9,"1976-2024","UK"
70,"Polyommatus bellargus","Adonis Blue",2005,102,2.37,4,"1976-2024","UK"
70,"Polyommatus bellargus","Adonis Blue",2006,112,2.54,1,"1976-2024","UK"
70,"Polyommatus bellargus","Adonis Blue",2007,124,2.01,21,"1976-2024","UK"
70,"Polyommatus bellargus","Adonis Blue",2008,133,2.06,19,"1976-2024","UK"
70,"Polyommatus bellargus","Adonis Blue",2009,141,2.19,13,"1976-2024","UK"
70,"Polyommatus bellargus","Adonis Blue",2010,137,2.42,2,"1976-2024","UK"
70,"Polyommatus bellargus","Adonis Blue",2011,143,2.2,12,"1976-2024","UK"
70,"Polyommatus bellargus","Adonis Blue",2012,136,2.25,10,"1976-2024","UK"
70,"Polyommatus bellargus","Adonis Blue",2013,140,2.34,5,"1976-2024","UK"
70,"Polyommatus bellargus","Adonis Blue",2014,146,1.99,23,"1976-2024","UK"
70,"Polyommatus bellargus","Adonis Blue",2015,164,1.95,27,"1976-2024","UK"
70,"Polyommatus bellargus","Adonis Blue",2016,162,1.86,34,"1976-2024","UK"
70,"Polyommatus bellargus","Adonis Blue",2017,173,2.04,20,"1976-2024","UK"
70,"Polyommatus bellargus","Adonis Blue",2018,198,2.24,11,"1976-2024","UK"
70,"Polyommatus bellargus","Adonis Blue",2019,211,1.98,24,"1976-2024","UK"
70,"Polyommatus bellargus","Adonis Blue",2020,189,1.88,33,"1976-2024","UK"
70,"Polyommatus bellargus","Adonis Blue",2021,207,2.08,18,"1976-2024","UK"
70,"Polyommatus bellargus","Adonis Blue",2022,219,1.97,26,"1976-2024","UK"
70,"Polyommatus bellargus","Adonis Blue",2023,210,1.92,31,"1976-2024","UK"
70,"Polyommatus bellargus","Adonis Blue",2024,202,1.56,44,"1976-2024","UK"
71,"Polyommatus coridon","Chalk Hill Blue",1976,12,2.26,2,"1976-2024","UK"
71,"Polyommatus coridon","Chalk Hill Blue",1977,15,1.78,45,"1976-2024","UK"
71,"Polyommatus coridon","Chalk Hill Blue",1978,15,1.98,30,"1976-2024","UK"
71,"Polyommatus coridon","Chalk Hill Blue",1979,21,2.17,6,"1976-2024","UK"
71,"Polyommatus coridon","Chalk Hill Blue",1980,24,2.07,15,"1976-2024","UK"
71,"Polyommatus coridon","Chalk Hill Blue",1981,27,1.68,48,"1976-2024","UK"
71,"Polyommatus coridon","Chalk Hill Blue",1982,29,1.92,35,"1976-2024","UK"
71,"Polyommatus coridon","Chalk Hill Blue",1983,33,1.88,37,"1976-2024","UK"
71,"Polyommatus coridon","Chalk Hill Blue",1984,35,2.07,15,"1976-2024","UK"
71,"Polyommatus coridon","Chalk Hill Blue",1985,42,1.98,30,"1976-2024","UK"
71,"Polyommatus coridon","Chalk Hill Blue",1986,46,2.16,9,"1976-2024","UK"
71,"Polyommatus coridon","Chalk Hill Blue",1987,52,2.04,21,"1976-2024","UK"
71,"Polyommatus coridon","Chalk Hill Blue",1988,59,1.96,33,"1976-2024","UK"
71,"Polyommatus coridon","Chalk Hill Blue",1989,76,2,27,"1976-2024","UK"
71,"Polyommatus coridon","Chalk Hill Blue",1990,89,2.05,20,"1976-2024","UK"
71,"Polyommatus coridon","Chalk Hill Blue",1991,92,2.07,15,"1976-2024","UK"
71,"Polyommatus coridon","Chalk Hill Blue",1992,100,2.13,12,"1976-2024","UK"
71,"Polyommatus coridon","Chalk Hill Blue",1993,107,1.92,35,"1976-2024","UK"
71,"Polyommatus coridon","Chalk Hill Blue",1994,115,2,27,"1976-2024","UK"
71,"Polyommatus coridon","Chalk Hill Blue",1995,135,2.04,21,"1976-2024","UK"
71,"Polyommatus coridon","Chalk Hill Blue",1996,145,2.19,5,"1976-2024","UK"
71,"Polyommatus coridon","Chalk Hill Blue",1997,150,2.21,4,"1976-2024","UK"
71,"Polyommatus coridon","Chalk Hill Blue",1998,153,2.02,24,"1976-2024","UK"
71,"Polyommatus coridon","Chalk Hill Blue",1999,160,2.16,9,"1976-2024","UK"
71,"Polyommatus coridon","Chalk Hill Blue",2000,173,1.98,30,"1976-2024","UK"
71,"Polyommatus coridon","Chalk Hill Blue",2001,172,1.85,39,"1976-2024","UK"
71,"Polyommatus coridon","Chalk Hill Blue",2002,166,1.8,43,"1976-2024","UK"
71,"Polyommatus coridon","Chalk Hill Blue",2003,197,2,27,"1976-2024","UK"
71,"Polyommatus coridon","Chalk Hill Blue",2004,191,2.01,26,"1976-2024","UK"
71,"Polyommatus coridon","Chalk Hill Blue",2005,192,2.15,11,"1976-2024","UK"
71,"Polyommatus coridon","Chalk Hill Blue",2006,198,2.17,6,"1976-2024","UK"
71,"Polyommatus coridon","Chalk Hill Blue",2007,203,1.69,47,"1976-2024","UK"
71,"Polyommatus coridon","Chalk Hill Blue",2008,217,1.79,44,"1976-2024","UK"
71,"Polyommatus coridon","Chalk Hill Blue",2009,236,1.85,39,"1976-2024","UK"
71,"Polyommatus coridon","Chalk Hill Blue",2010,227,2.12,14,"1976-2024","UK"
71,"Polyommatus coridon","Chalk Hill Blue",2011,233,2.06,18,"1976-2024","UK"
71,"Polyommatus coridon","Chalk Hill Blue",2012,230,2.13,12,"1976-2024","UK"
71,"Polyommatus coridon","Chalk Hill Blue",2013,248,2.36,1,"1976-2024","UK"
71,"Polyommatus coridon","Chalk Hill Blue",2014,251,2.02,24,"1976-2024","UK"
71,"Polyommatus coridon","Chalk Hill Blue",2015,278,2.04,21,"1976-2024","UK"
71,"Polyommatus coridon","Chalk Hill Blue",2016,282,1.74,46,"1976-2024","UK"
71,"Polyommatus coridon","Chalk Hill Blue",2017,293,1.84,42,"1976-2024","UK"
71,"Polyommatus coridon","Chalk Hill Blue",2018,314,1.85,39,"1976-2024","UK"
71,"Polyommatus coridon","Chalk Hill Blue",2019,319,1.94,34,"1976-2024","UK"
71,"Polyommatus coridon","Chalk Hill Blue",2020,286,2.06,18,"1976-2024","UK"
71,"Polyommatus coridon","Chalk Hill Blue",2021,318,2.24,3,"1976-2024","UK"
71,"Polyommatus coridon","Chalk Hill Blue",2022,334,2.17,6,"1976-2024","UK"
71,"Polyommatus coridon","Chalk Hill Blue",2023,330,1.88,37,"1976-2024","UK"
71,"Polyommatus coridon","Chalk Hill Blue",2024,326,1.5,49,"1976-2024","UK"
106,"Polyommatus icarus","Common Blue",1976,38,2.41,1,"1976-2024","UK"
106,"Polyommatus icarus","Common Blue",1977,60,1.78,44,"1976-2024","UK"
106,"Polyommatus icarus","Common Blue",1978,64,1.69,46,"1976-2024","UK"
106,"Polyommatus icarus","Common Blue",1979,82,2.03,22,"1976-2024","UK"
106,"Polyommatus icarus","Common Blue",1980,89,2.02,23,"1976-2024","UK"
106,"Polyommatus icarus","Common Blue",1981,92,1.89,35,"1976-2024","UK"
106,"Polyommatus icarus","Common Blue",1982,97,2.11,13,"1976-2024","UK"
106,"Polyommatus icarus","Common Blue",1983,109,2.26,5,"1976-2024","UK"
106,"Polyommatus icarus","Common Blue",1984,117,2.32,3,"1976-2024","UK"
106,"Polyommatus icarus","Common Blue",1985,129,1.92,33,"1976-2024","UK"
106,"Polyommatus icarus","Common Blue",1986,136,1.84,42,"1976-2024","UK"
106,"Polyommatus icarus","Common Blue",1987,161,1.89,35,"1976-2024","UK"
106,"Polyommatus icarus","Common Blue",1988,183,1.97,27,"1976-2024","UK"
106,"Polyommatus icarus","Common Blue",1989,213,2.2,10,"1976-2024","UK"
106,"Polyommatus icarus","Common Blue",1990,242,2.24,6,"1976-2024","UK"
106,"Polyommatus icarus","Common Blue",1991,271,2.05,18,"1976-2024","UK"
106,"Polyommatus icarus","Common Blue",1992,298,2.08,15,"1976-2024","UK"
106,"Polyommatus icarus","Common Blue",1993,328,1.88,37,"1976-2024","UK"
106,"Polyommatus icarus","Common Blue",1994,361,2.05,18,"1976-2024","UK"
106,"Polyommatus icarus","Common Blue",1995,421,2.13,12,"1976-2024","UK"
106,"Polyommatus icarus","Common Blue",1996,460,2.23,7,"1976-2024","UK"
106,"Polyommatus icarus","Common Blue",1997,484,2.22,9,"1976-2024","UK"
106,"Polyommatus icarus","Common Blue",1998,493,1.87,39,"1976-2024","UK"
106,"Polyommatus icarus","Common Blue",1999,523,1.95,30,"1976-2024","UK"
106,"Polyommatus icarus","Common Blue",2000,558,1.96,28,"1976-2024","UK"
106,"Polyommatus icarus","Common Blue",2001,538,1.87,39,"1976-2024","UK"
106,"Polyommatus icarus","Common Blue",2002,622,1.95,30,"1976-2024","UK"
106,"Polyommatus icarus","Common Blue",2003,695,2.23,7,"1976-2024","UK"
106,"Polyommatus icarus","Common Blue",2004,721,2.09,14,"1976-2024","UK"
106,"Polyommatus icarus","Common Blue",2005,750,2.05,18,"1976-2024","UK"
106,"Polyommatus icarus","Common Blue",2006,815,2.14,11,"1976-2024","UK"
106,"Polyommatus icarus","Common Blue",2007,985,1.61,47,"1976-2024","UK"
106,"Polyommatus icarus","Common Blue",2008,988,1.79,43,"1976-2024","UK"
106,"Polyommatus icarus","Common Blue",2009,1461,2,24,"1976-2024","UK"
106,"Polyommatus icarus","Common Blue",2010,1473,2.34,2,"1976-2024","UK"
106,"Polyommatus icarus","Common Blue",2011,1477,1.99,25,"1976-2024","UK"
106,"Polyommatus icarus","Common Blue",2012,1496,1.6,48,"1976-2024","UK"
106,"Polyommatus icarus","Common Blue",2013,1660,2.07,17,"1976-2024","UK"
106,"Polyommatus icarus","Common Blue",2014,1769,2.08,15,"1976-2024","UK"
106,"Polyommatus icarus","Common Blue",2015,1897,2.04,21,"1976-2024","UK"
106,"Polyommatus icarus","Common Blue",2016,1964,1.72,45,"1976-2024","UK"
106,"Polyommatus icarus","Common Blue",2017,2115,1.99,25,"1976-2024","UK"
106,"Polyommatus icarus","Common Blue",2018,2255,2.3,4,"1976-2024","UK"
106,"Polyommatus icarus","Common Blue",2019,2372,1.96,28,"1976-2024","UK"
106,"Polyommatus icarus","Common Blue",2020,1985,1.9,34,"1976-2024","UK"
106,"Polyommatus icarus","Common Blue",2021,2378,1.87,39,"1976-2024","UK"
106,"Polyommatus icarus","Common Blue",2022,2559,1.94,32,"1976-2024","UK"
106,"Polyommatus icarus","Common Blue",2023,2612,1.88,37,"1976-2024","UK"
106,"Polyommatus icarus","Common Blue",2024,2690,1.6,48,"1976-2024","UK"
110,"Pyrgus malvae","Grizzled Skipper",1976,17,2.6,1,"1976-2024","UK"
110,"Pyrgus malvae","Grizzled Skipper",1977,21,2.32,3,"1976-2024","UK"
110,"Pyrgus malvae","Grizzled Skipper",1978,22,2.02,16,"1976-2024","UK"
110,"Pyrgus malvae","Grizzled Skipper",1979,29,1.99,22,"1976-2024","UK"
110,"Pyrgus malvae","Grizzled Skipper",1980,32,2.13,8,"1976-2024","UK"
110,"Pyrgus malvae","Grizzled Skipper",1981,34,1.87,38,"1976-2024","UK"
110,"Pyrgus malvae","Grizzled Skipper",1982,36,1.9,35,"1976-2024","UK"
110,"Pyrgus malvae","Grizzled Skipper",1983,40,2,20,"1976-2024","UK"
110,"Pyrgus malvae","Grizzled Skipper",1984,46,1.98,24,"1976-2024","UK"
110,"Pyrgus malvae","Grizzled Skipper",1985,52,2.22,4,"1976-2024","UK"
110,"Pyrgus malvae","Grizzled Skipper",1986,59,2.06,14,"1976-2024","UK"
110,"Pyrgus malvae","Grizzled Skipper",1987,74,2.12,10,"1976-2024","UK"
110,"Pyrgus malvae","Grizzled Skipper",1988,90,2.02,16,"1976-2024","UK"
110,"Pyrgus malvae","Grizzled Skipper",1989,107,1.86,40,"1976-2024","UK"
110,"Pyrgus malvae","Grizzled Skipper",1990,119,2.13,8,"1976-2024","UK"
110,"Pyrgus malvae","Grizzled Skipper",1991,133,2.17,6,"1976-2024","UK"
110,"Pyrgus malvae","Grizzled Skipper",1992,140,2.03,15,"1976-2024","UK"
110,"Pyrgus malvae","Grizzled Skipper",1993,152,1.99,22,"1976-2024","UK"
110,"Pyrgus malvae","Grizzled Skipper",1994,163,1.91,34,"1976-2024","UK"
110,"Pyrgus malvae","Grizzled Skipper",1995,188,2,20,"1976-2024","UK"
110,"Pyrgus malvae","Grizzled Skipper",1996,204,2.15,7,"1976-2024","UK"
110,"Pyrgus malvae","Grizzled Skipper",1997,212,2.44,2,"1976-2024","UK"
110,"Pyrgus malvae","Grizzled Skipper",1998,226,2.09,11,"1976-2024","UK"
110,"Pyrgus malvae","Grizzled Skipper",1999,232,1.98,24,"1976-2024","UK"
110,"Pyrgus malvae","Grizzled Skipper",2000,243,1.94,30,"1976-2024","UK"
110,"Pyrgus malvae","Grizzled Skipper",2001,231,1.9,35,"1976-2024","UK"
110,"Pyrgus malvae","Grizzled Skipper",2002,257,2.09,11,"1976-2024","UK"
110,"Pyrgus malvae","Grizzled Skipper",2003,271,1.86,40,"1976-2024","UK"
110,"Pyrgus malvae","Grizzled Skipper",2004,265,1.95,27,"1976-2024","UK"
110,"Pyrgus malvae","Grizzled Skipper",2005,267,1.97,26,"1976-2024","UK"
110,"Pyrgus malvae","Grizzled Skipper",2006,278,1.85,42,"1976-2024","UK"
110,"Pyrgus malvae","Grizzled Skipper",2007,288,1.94,30,"1976-2024","UK"
110,"Pyrgus malvae","Grizzled Skipper",2008,305,1.83,44,"1976-2024","UK"
110,"Pyrgus malvae","Grizzled Skipper",2009,315,1.95,27,"1976-2024","UK"
110,"Pyrgus malvae","Grizzled Skipper",2010,308,2.01,19,"1976-2024","UK"
110,"Pyrgus malvae","Grizzled Skipper",2011,319,2.22,4,"1976-2024","UK"
110,"Pyrgus malvae","Grizzled Skipper",2012,303,2.08,13,"1976-2024","UK"
110,"Pyrgus malvae","Grizzled Skipper",2013,323,1.83,44,"1976-2024","UK"
110,"Pyrgus malvae","Grizzled Skipper",2014,338,1.93,32,"1976-2024","UK"
110,"Pyrgus malvae","Grizzled Skipper",2015,385,1.85,42,"1976-2024","UK"
110,"Pyrgus malvae","Grizzled Skipper",2016,392,1.81,46,"1976-2024","UK"
110,"Pyrgus malvae","Grizzled Skipper",2017,401,1.77,48,"1976-2024","UK"
110,"Pyrgus malvae","Grizzled Skipper",2018,426,1.89,37,"1976-2024","UK"
110,"Pyrgus malvae","Grizzled Skipper",2019,441,1.93,32,"1976-2024","UK"
110,"Pyrgus malvae","Grizzled Skipper",2020,389,2.02,16,"1976-2024","UK"
110,"Pyrgus malvae","Grizzled Skipper",2021,432,1.95,27,"1976-2024","UK"
110,"Pyrgus malvae","Grizzled Skipper",2022,442,1.87,38,"1976-2024","UK"
110,"Pyrgus malvae","Grizzled Skipper",2023,442,1.81,46,"1976-2024","UK"
110,"Pyrgus malvae","Grizzled Skipper",2024,440,1.72,49,"1976-2024","UK"
76,"Pyronia tithonus","Gatekeeper",1976,36,2.21,7,"1976-2024","UK"
76,"Pyronia tithonus","Gatekeeper",1977,50,2.07,14,"1976-2024","UK"
76,"Pyronia tithonus","Gatekeeper",1978,55,2.01,23,"1976-2024","UK"
76,"Pyronia tithonus","Gatekeeper",1979,66,2.08,12,"1976-2024","UK"
76,"Pyronia tithonus","Gatekeeper",1980,73,1.93,32,"1976-2024","UK"
76,"Pyronia tithonus","Gatekeeper",1981,75,2.02,21,"1976-2024","UK"
76,"Pyronia tithonus","Gatekeeper",1982,78,2.24,4,"1976-2024","UK"
76,"Pyronia tithonus","Gatekeeper",1983,91,2.24,4,"1976-2024","UK"
76,"Pyronia tithonus","Gatekeeper",1984,100,2.37,1,"1976-2024","UK"
76,"Pyronia tithonus","Gatekeeper",1985,110,2.06,17,"1976-2024","UK"
76,"Pyronia tithonus","Gatekeeper",1986,117,1.9,37,"1976-2024","UK"
76,"Pyronia tithonus","Gatekeeper",1987,141,1.66,49,"1976-2024","UK"
76,"Pyronia tithonus","Gatekeeper",1988,161,1.71,47,"1976-2024","UK"
76,"Pyronia tithonus","Gatekeeper",1989,191,1.88,40,"1976-2024","UK"
76,"Pyronia tithonus","Gatekeeper",1990,219,2.08,12,"1976-2024","UK"
76,"Pyronia tithonus","Gatekeeper",1991,244,2.25,3,"1976-2024","UK"
76,"Pyronia tithonus","Gatekeeper",1992,269,2.28,2,"1976-2024","UK"
76,"Pyronia tithonus","Gatekeeper",1993,300,2,24,"1976-2024","UK"
76,"Pyronia tithonus","Gatekeeper",1994,332,2.04,19,"1976-2024","UK"
76,"Pyronia tithonus","Gatekeeper",1995,391,2.07,14,"1976-2024","UK"
76,"Pyronia tithonus","Gatekeeper",1996,431,2.22,6,"1976-2024","UK"
76,"Pyronia tithonus","Gatekeeper",1997,455,2.12,10,"1976-2024","UK"
76,"Pyronia tithonus","Gatekeeper",1998,469,1.95,29,"1976-2024","UK"
76,"Pyronia tithonus","Gatekeeper",1999,492,2.04,19,"1976-2024","UK"
76,"Pyronia tithonus","Gatekeeper",2000,529,2.07,14,"1976-2024","UK"
76,"Pyronia tithonus","Gatekeeper",2001,510,2,24,"1976-2024","UK"
76,"Pyronia tithonus","Gatekeeper",2002,575,1.97,28,"1976-2024","UK"
76,"Pyronia tithonus","Gatekeeper",2003,626,2.06,17,"1976-2024","UK"
76,"Pyronia tithonus","Gatekeeper",2004,644,2.15,8,"1976-2024","UK"
76,"Pyronia tithonus","Gatekeeper",2005,670,2.11,11,"1976-2024","UK"
76,"Pyronia tithonus","Gatekeeper",2006,727,2.02,21,"1976-2024","UK"
76,"Pyronia tithonus","Gatekeeper",2007,957,1.82,44,"1976-2024","UK"
76,"Pyronia tithonus","Gatekeeper",2008,929,1.9,37,"1976-2024","UK"
76,"Pyronia tithonus","Gatekeeper",2009,1429,1.92,35,"1976-2024","UK"
76,"Pyronia tithonus","Gatekeeper",2010,1408,1.9,37,"1976-2024","UK"
76,"Pyronia tithonus","Gatekeeper",2011,1396,1.84,43,"1976-2024","UK"
76,"Pyronia tithonus","Gatekeeper",2012,1467,1.71,47,"1976-2024","UK"
76,"Pyronia tithonus","Gatekeeper",2013,1611,1.85,42,"1976-2024","UK"
76,"Pyronia tithonus","Gatekeeper",2014,1711,1.94,31,"1976-2024","UK"
76,"Pyronia tithonus","Gatekeeper",2015,1813,2,24,"1976-2024","UK"
76,"Pyronia tithonus","Gatekeeper",2016,1878,1.73,46,"1976-2024","UK"
76,"Pyronia tithonus","Gatekeeper",2017,2038,1.93,32,"1976-2024","UK"
76,"Pyronia tithonus","Gatekeeper",2018,2151,1.82,44,"1976-2024","UK"
76,"Pyronia tithonus","Gatekeeper",2019,2302,2,24,"1976-2024","UK"
76,"Pyronia tithonus","Gatekeeper",2020,1944,1.93,32,"1976-2024","UK"
76,"Pyronia tithonus","Gatekeeper",2021,2309,1.88,40,"1976-2024","UK"
76,"Pyronia tithonus","Gatekeeper",2022,2481,1.95,29,"1976-2024","UK"
76,"Pyronia tithonus","Gatekeeper",2023,2545,2.13,9,"1976-2024","UK"
76,"Pyronia tithonus","Gatekeeper",2024,2744,1.91,36,"1976-2024","UK"
112,"Satyrium pruni","Black Hairstreak",1995,10,2.02,16,"1976-2024","UK"
112,"Satyrium pruni","Black Hairstreak",1996,10,2.02,16,"1976-2024","UK"
112,"Satyrium pruni","Black Hairstreak",1997,11,1.49,26,"1976-2024","UK"
112,"Satyrium pruni","Black Hairstreak",1998,10,1.34,28,"1976-2024","UK"
112,"Satyrium pruni","Black Hairstreak",1999,11,1.32,29,"1976-2024","UK"
112,"Satyrium pruni","Black Hairstreak",2000,10,1.78,22,"1976-2024","UK"
112,"Satyrium pruni","Black Hairstreak",2001,9,1.75,24,"1976-2024","UK"
112,"Satyrium pruni","Black Hairstreak",2002,11,1.92,19,"1976-2024","UK"
112,"Satyrium pruni","Black Hairstreak",2003,12,1.65,25,"1976-2024","UK"
112,"Satyrium pruni","Black Hairstreak",2004,13,2.07,13,"1976-2024","UK"
112,"Satyrium pruni","Black Hairstreak",2005,13,1.78,22,"1976-2024","UK"
112,"Satyrium pruni","Black Hairstreak",2006,13,2.2,8,"1976-2024","UK"
112,"Satyrium pruni","Black Hairstreak",2007,15,2.13,10,"1976-2024","UK"
112,"Satyrium pruni","Black Hairstreak",2008,15,1.85,20,"1976-2024","UK"
112,"Satyrium pruni","Black Hairstreak",2009,16,2.01,18,"1976-2024","UK"
112,"Satyrium pruni","Black Hairstreak",2010,16,2.4,6,"1976-2024","UK"
112,"Satyrium pruni","Black Hairstreak",2011,16,2.05,15,"1976-2024","UK"
112,"Satyrium pruni","Black Hairstreak",2012,15,0.81,30,"1976-2024","UK"
112,"Satyrium pruni","Black Hairstreak",2013,16,1.39,27,"1976-2024","UK"
112,"Satyrium pruni","Black Hairstreak",2014,16,1.79,21,"1976-2024","UK"
112,"Satyrium pruni","Black Hairstreak",2015,15,2.1,11,"1976-2024","UK"
112,"Satyrium pruni","Black Hairstreak",2016,16,2.06,14,"1976-2024","UK"
112,"Satyrium pruni","Black Hairstreak",2017,17,2.08,12,"1976-2024","UK"
112,"Satyrium pruni","Black Hairstreak",2018,16,3.07,1,"1976-2024","UK"
112,"Satyrium pruni","Black Hairstreak",2019,17,2.78,2,"1976-2024","UK"
112,"Satyrium pruni","Black Hairstreak",2020,15,2.2,8,"1976-2024","UK"
112,"Satyrium pruni","Black Hairstreak",2021,16,2.41,5,"1976-2024","UK"
112,"Satyrium pruni","Black Hairstreak",2022,17,2.25,7,"1976-2024","UK"
112,"Satyrium pruni","Black Hairstreak",2023,17,2.66,3,"1976-2024","UK"
112,"Satyrium pruni","Black Hairstreak",2024,18,2.63,4,"1976-2024","UK"
113,"Satyrium w-album","White-letter Hairstreak",1976,18,3.4,1,"1976-2024","UK"
113,"Satyrium w-album","White-letter Hairstreak",1977,23,1.83,29,"1976-2024","UK"
113,"Satyrium w-album","White-letter Hairstreak",1978,23,2.33,8,"1976-2024","UK"
113,"Satyrium w-album","White-letter Hairstreak",1979,28,2.55,4,"1976-2024","UK"
113,"Satyrium w-album","White-letter Hairstreak",1980,28,2.04,17,"1976-2024","UK"
113,"Satyrium w-album","White-letter Hairstreak",1981,30,1.5,48,"1976-2024","UK"
113,"Satyrium w-album","White-letter Hairstreak",1982,32,1.74,37,"1976-2024","UK"
113,"Satyrium w-album","White-letter Hairstreak",1983,32,2.44,6,"1976-2024","UK"
113,"Satyrium w-album","White-letter Hairstreak",1984,35,2.9,2,"1976-2024","UK"
113,"Satyrium w-album","White-letter Hairstreak",1985,36,2.48,5,"1976-2024","UK"
113,"Satyrium w-album","White-letter Hairstreak",1986,39,2.57,3,"1976-2024","UK"
113,"Satyrium w-album","White-letter Hairstreak",1987,42,2.24,12,"1976-2024","UK"
113,"Satyrium w-album","White-letter Hairstreak",1988,48,2.04,17,"1976-2024","UK"
113,"Satyrium w-album","White-letter Hairstreak",1989,55,2.21,13,"1976-2024","UK"
113,"Satyrium w-album","White-letter Hairstreak",1990,66,1.79,34,"1976-2024","UK"
113,"Satyrium w-album","White-letter Hairstreak",1991,71,2.21,13,"1976-2024","UK"
113,"Satyrium w-album","White-letter Hairstreak",1992,75,2.29,9,"1976-2024","UK"
113,"Satyrium w-album","White-letter Hairstreak",1993,86,2.28,10,"1976-2024","UK"
113,"Satyrium w-album","White-letter Hairstreak",1994,96,2.1,16,"1976-2024","UK"
113,"Satyrium w-album","White-letter Hairstreak",1995,105,2.25,11,"1976-2024","UK"
113,"Satyrium w-album","White-letter Hairstreak",1996,121,2.44,6,"1976-2024","UK"
113,"Satyrium w-album","White-letter Hairstreak",1997,126,1.86,27,"1976-2024","UK"
113,"Satyrium w-album","White-letter Hairstreak",1998,129,1.73,38,"1976-2024","UK"
113,"Satyrium w-album","White-letter Hairstreak",1999,136,1.47,49,"1976-2024","UK"
113,"Satyrium w-album","White-letter Hairstreak",2000,147,1.79,34,"1976-2024","UK"
113,"Satyrium w-album","White-letter Hairstreak",2001,143,1.82,31,"1976-2024","UK"
113,"Satyrium w-album","White-letter Hairstreak",2002,160,1.67,43,"1976-2024","UK"
113,"Satyrium w-album","White-letter Hairstreak",2003,174,1.64,44,"1976-2024","UK"
113,"Satyrium w-album","White-letter Hairstreak",2004,183,1.85,28,"1976-2024","UK"
113,"Satyrium w-album","White-letter Hairstreak",2005,190,1.91,24,"1976-2024","UK"
113,"Satyrium w-album","White-letter Hairstreak",2006,187,2.02,20,"1976-2024","UK"
113,"Satyrium w-album","White-letter Hairstreak",2007,193,1.89,25,"1976-2024","UK"
113,"Satyrium w-album","White-letter Hairstreak",2008,203,1.72,39,"1976-2024","UK"
113,"Satyrium w-album","White-letter Hairstreak",2009,238,1.82,31,"1976-2024","UK"
113,"Satyrium w-album","White-letter Hairstreak",2010,242,2.03,19,"1976-2024","UK"
113,"Satyrium w-album","White-letter Hairstreak",2011,241,1.97,21,"1976-2024","UK"
113,"Satyrium w-album","White-letter Hairstreak",2012,242,1.63,45,"1976-2024","UK"
113,"Satyrium w-album","White-letter Hairstreak",2013,267,1.72,39,"1976-2024","UK"
113,"Satyrium w-album","White-letter Hairstreak",2014,294,1.71,41,"1976-2024","UK"
113,"Satyrium w-album","White-letter Hairstreak",2015,319,1.71,41,"1976-2024","UK"
113,"Satyrium w-album","White-letter Hairstreak",2016,330,1.55,46,"1976-2024","UK"
113,"Satyrium w-album","White-letter Hairstreak",2017,359,1.88,26,"1976-2024","UK"
113,"Satyrium w-album","White-letter Hairstreak",2018,363,2.14,15,"1976-2024","UK"
113,"Satyrium w-album","White-letter Hairstreak",2019,373,1.92,23,"1976-2024","UK"
113,"Satyrium w-album","White-letter Hairstreak",2020,319,1.93,22,"1976-2024","UK"
113,"Satyrium w-album","White-letter Hairstreak",2021,375,1.83,29,"1976-2024","UK"
113,"Satyrium w-album","White-letter Hairstreak",2022,373,1.8,33,"1976-2024","UK"
113,"Satyrium w-album","White-letter Hairstreak",2023,376,1.78,36,"1976-2024","UK"
113,"Satyrium w-album","White-letter Hairstreak",2024,376,1.55,46,"1976-2024","UK"
12,"Speyeria aglaja","Dark Green Fritillary",1976,19,2.41,2,"1976-2024","UK"
12,"Speyeria aglaja","Dark Green Fritillary",1977,34,1.89,32,"1976-2024","UK"
12,"Speyeria aglaja","Dark Green Fritillary",1978,39,1.95,27,"1976-2024","UK"
12,"Speyeria aglaja","Dark Green Fritillary",1979,52,1.82,36,"1976-2024","UK"
12,"Speyeria aglaja","Dark Green Fritillary",1980,57,1.76,42,"1976-2024","UK"
12,"Speyeria aglaja","Dark Green Fritillary",1981,61,1.43,49,"1976-2024","UK"
12,"Speyeria aglaja","Dark Green Fritillary",1982,65,1.63,46,"1976-2024","UK"
12,"Speyeria aglaja","Dark Green Fritillary",1983,70,1.53,48,"1976-2024","UK"
12,"Speyeria aglaja","Dark Green Fritillary",1984,73,1.91,30,"1976-2024","UK"
12,"Speyeria aglaja","Dark Green Fritillary",1985,81,1.78,39,"1976-2024","UK"
12,"Speyeria aglaja","Dark Green Fritillary",1986,90,1.84,34,"1976-2024","UK"
12,"Speyeria aglaja","Dark Green Fritillary",1987,97,1.9,31,"1976-2024","UK"
12,"Speyeria aglaja","Dark Green Fritillary",1988,110,1.68,43,"1976-2024","UK"
12,"Speyeria aglaja","Dark Green Fritillary",1989,134,1.59,47,"1976-2024","UK"
12,"Speyeria aglaja","Dark Green Fritillary",1990,143,1.65,44,"1976-2024","UK"
12,"Speyeria aglaja","Dark Green Fritillary",1991,154,1.79,38,"1976-2024","UK"
12,"Speyeria aglaja","Dark Green Fritillary",1992,172,1.8,37,"1976-2024","UK"
12,"Speyeria aglaja","Dark Green Fritillary",1993,184,1.65,44,"1976-2024","UK"
12,"Speyeria aglaja","Dark Green Fritillary",1994,205,1.78,39,"1976-2024","UK"
12,"Speyeria aglaja","Dark Green Fritillary",1995,232,2.06,23,"1976-2024","UK"
12,"Speyeria aglaja","Dark Green Fritillary",1996,251,2.15,16,"1976-2024","UK"
12,"Speyeria aglaja","Dark Green Fritillary",1997,265,2.27,9,"1976-2024","UK"
12,"Speyeria aglaja","Dark Green Fritillary",1998,266,1.99,26,"1976-2024","UK"
12,"Speyeria aglaja","Dark Green Fritillary",1999,278,1.94,28,"1976-2024","UK"
12,"Speyeria aglaja","Dark Green Fritillary",2000,297,1.85,33,"1976-2024","UK"
12,"Speyeria aglaja","Dark Green Fritillary",2001,282,1.93,29,"1976-2024","UK"
12,"Speyeria aglaja","Dark Green Fritillary",2002,336,1.84,34,"1976-2024","UK"
12,"Speyeria aglaja","Dark Green Fritillary",2003,361,2.12,19,"1976-2024","UK"
12,"Speyeria aglaja","Dark Green Fritillary",2004,358,2.14,18,"1976-2024","UK"
12,"Speyeria aglaja","Dark Green Fritillary",2005,377,2.12,19,"1976-2024","UK"
12,"Speyeria aglaja","Dark Green Fritillary",2006,406,2.29,8,"1976-2024","UK"
12,"Speyeria aglaja","Dark Green Fritillary",2007,454,2.18,12,"1976-2024","UK"
12,"Speyeria aglaja","Dark Green Fritillary",2008,470,2.02,24,"1976-2024","UK"
12,"Speyeria aglaja","Dark Green Fritillary",2009,558,2.15,16,"1976-2024","UK"
12,"Speyeria aglaja","Dark Green Fritillary",2010,553,2.25,10,"1976-2024","UK"
12,"Speyeria aglaja","Dark Green Fritillary",2011,566,2.3,7,"1976-2024","UK"
12,"Speyeria aglaja","Dark Green Fritillary",2012,557,2.16,14,"1976-2024","UK"
12,"Speyeria aglaja","Dark Green Fritillary",2013,607,2.35,5,"1976-2024","UK"
12,"Speyeria aglaja","Dark Green Fritillary",2014,661,2.18,12,"1976-2024","UK"
12,"Speyeria aglaja","Dark Green Fritillary",2015,729,2.2,11,"1976-2024","UK"
12,"Speyeria aglaja","Dark Green Fritillary",2016,755,2.02,24,"1976-2024","UK"
12,"Speyeria aglaja","Dark Green Fritillary",2017,778,2.1,22,"1976-2024","UK"
12,"Speyeria aglaja","Dark Green Fritillary",2018,826,2.16,14,"1976-2024","UK"
12,"Speyeria aglaja","Dark Green Fritillary",2019,853,2.34,6,"1976-2024","UK"
12,"Speyeria aglaja","Dark Green Fritillary",2020,739,2.38,4,"1976-2024","UK"
12,"Speyeria aglaja","Dark Green Fritillary",2021,858,2.42,1,"1976-2024","UK"
12,"Speyeria aglaja","Dark Green Fritillary",2022,892,2.39,3,"1976-2024","UK"
12,"Speyeria aglaja","Dark Green Fritillary",2023,892,2.12,19,"1976-2024","UK"
12,"Speyeria aglaja","Dark Green Fritillary",2024,870,1.77,41,"1976-2024","UK"
115,"Thecla betulae","Brown Hairstreak",1983,11,1.49,42,"1976-2024","UK"
115,"Thecla betulae","Brown Hairstreak",1984,12,2.14,10,"1976-2024","UK"
115,"Thecla betulae","Brown Hairstreak",1985,13,2.11,11,"1976-2024","UK"
115,"Thecla betulae","Brown Hairstreak",1986,14,2.11,11,"1976-2024","UK"
115,"Thecla betulae","Brown Hairstreak",1987,14,1.79,37,"1976-2024","UK"
115,"Thecla betulae","Brown Hairstreak",1988,19,1.92,32,"1976-2024","UK"
115,"Thecla betulae","Brown Hairstreak",1989,23,1.99,22,"1976-2024","UK"
115,"Thecla betulae","Brown Hairstreak",1990,28,2.18,6,"1976-2024","UK"
115,"Thecla betulae","Brown Hairstreak",1991,32,2.2,5,"1976-2024","UK"
115,"Thecla betulae","Brown Hairstreak",1992,33,2,20,"1976-2024","UK"
115,"Thecla betulae","Brown Hairstreak",1993,38,1.9,33,"1976-2024","UK"
115,"Thecla betulae","Brown Hairstreak",1994,47,1.93,30,"1976-2024","UK"
115,"Thecla betulae","Brown Hairstreak",1995,53,2.65,1,"1976-2024","UK"
115,"Thecla betulae","Brown Hairstreak",1996,55,2.35,2,"1976-2024","UK"
115,"Thecla betulae","Brown Hairstreak",1997,57,1.78,38,"1976-2024","UK"
115,"Thecla betulae","Brown Hairstreak",1998,64,2.11,11,"1976-2024","UK"
115,"Thecla betulae","Brown Hairstreak",1999,58,2.21,4,"1976-2024","UK"
115,"Thecla betulae","Brown Hairstreak",2000,67,2.15,8,"1976-2024","UK"
115,"Thecla betulae","Brown Hairstreak",2001,73,1.65,40,"1976-2024","UK"
115,"Thecla betulae","Brown Hairstreak",2002,86,1.62,41,"1976-2024","UK"
115,"Thecla betulae","Brown Hairstreak",2003,98,1.73,39,"1976-2024","UK"
115,"Thecla betulae","Brown Hairstreak",2004,100,2.05,15,"1976-2024","UK"
115,"Thecla betulae","Brown Hairstreak",2005,113,2.05,15,"1976-2024","UK"
115,"Thecla betulae","Brown Hairstreak",2006,111,2.08,14,"1976-2024","UK"
115,"Thecla betulae","Brown Hairstreak",2007,119,2.16,7,"1976-2024","UK"
115,"Thecla betulae","Brown Hairstreak",2008,127,1.83,35,"1976-2024","UK"
115,"Thecla betulae","Brown Hairstreak",2009,144,1.98,24,"1976-2024","UK"
115,"Thecla betulae","Brown Hairstreak",2010,138,2.01,18,"1976-2024","UK"
115,"Thecla betulae","Brown Hairstreak",2011,153,2.24,3,"1976-2024","UK"
115,"Thecla betulae","Brown Hairstreak",2012,148,1.93,30,"1976-2024","UK"
115,"Thecla betulae","Brown Hairstreak",2013,157,1.95,27,"1976-2024","UK"
115,"Thecla betulae","Brown Hairstreak",2014,166,2.15,8,"1976-2024","UK"
115,"Thecla betulae","Brown Hairstreak",2015,182,1.99,22,"1976-2024","UK"
115,"Thecla betulae","Brown Hairstreak",2016,189,2,20,"1976-2024","UK"
115,"Thecla betulae","Brown Hairstreak",2017,227,1.86,34,"1976-2024","UK"
115,"Thecla betulae","Brown Hairstreak",2018,232,1.81,36,"1976-2024","UK"
115,"Thecla betulae","Brown Hairstreak",2019,232,2.01,18,"1976-2024","UK"
115,"Thecla betulae","Brown Hairstreak",2020,199,1.98,24,"1976-2024","UK"
115,"Thecla betulae","Brown Hairstreak",2021,199,1.98,24,"1976-2024","UK"
115,"Thecla betulae","Brown Hairstreak",2022,219,1.95,27,"1976-2024","UK"
115,"Thecla betulae","Brown Hairstreak",2023,218,1.94,29,"1976-2024","UK"
115,"Thecla betulae","Brown Hairstreak",2024,230,2.04,17,"1976-2024","UK"
118,"Thymelicus acteon","Lulworth Skipper",1992,5,2.58,1,"1976-2024","UK"
118,"Thymelicus acteon","Lulworth Skipper",1993,5,2.23,8,"1976-2024","UK"
118,"Thymelicus acteon","Lulworth Skipper",1994,6,2.29,6,"1976-2024","UK"
118,"Thymelicus acteon","Lulworth Skipper",1995,6,2.16,13,"1976-2024","UK"
118,"Thymelicus acteon","Lulworth Skipper",1996,5,1.94,21,"1976-2024","UK"
118,"Thymelicus acteon","Lulworth Skipper",1997,5,1.9,23,"1976-2024","UK"
118,"Thymelicus acteon","Lulworth Skipper",1998,6,2.23,8,"1976-2024","UK"
118,"Thymelicus acteon","Lulworth Skipper",1999,6,2.48,2,"1976-2024","UK"
118,"Thymelicus acteon","Lulworth Skipper",2000,7,2.44,3,"1976-2024","UK"
118,"Thymelicus acteon","Lulworth Skipper",2001,7,2.18,11,"1976-2024","UK"
118,"Thymelicus acteon","Lulworth Skipper",2002,8,2.32,5,"1976-2024","UK"
118,"Thymelicus acteon","Lulworth Skipper",2003,10,2.28,7,"1976-2024","UK"
118,"Thymelicus acteon","Lulworth Skipper",2004,10,1.95,20,"1976-2024","UK"
118,"Thymelicus acteon","Lulworth Skipper",2005,10,2.1,14,"1976-2024","UK"
118,"Thymelicus acteon","Lulworth Skipper",2006,9,2,18,"1976-2024","UK"
118,"Thymelicus acteon","Lulworth Skipper",2007,17,1.67,26,"1976-2024","UK"
118,"Thymelicus acteon","Lulworth Skipper",2008,19,1.57,29,"1976-2024","UK"
118,"Thymelicus acteon","Lulworth Skipper",2009,20,1.4,32,"1976-2024","UK"
118,"Thymelicus acteon","Lulworth Skipper",2010,22,1.31,33,"1976-2024","UK"
118,"Thymelicus acteon","Lulworth Skipper",2011,24,1.56,30,"1976-2024","UK"
118,"Thymelicus acteon","Lulworth Skipper",2012,22,1.66,27,"1976-2024","UK"
118,"Thymelicus acteon","Lulworth Skipper",2013,24,2.1,14,"1976-2024","UK"
118,"Thymelicus acteon","Lulworth Skipper",2014,25,2.1,14,"1976-2024","UK"
118,"Thymelicus acteon","Lulworth Skipper",2015,23,2.08,17,"1976-2024","UK"
118,"Thymelicus acteon","Lulworth Skipper",2016,25,1.79,25,"1976-2024","UK"
118,"Thymelicus acteon","Lulworth Skipper",2017,24,1.55,31,"1976-2024","UK"
118,"Thymelicus acteon","Lulworth Skipper",2018,26,1.6,28,"1976-2024","UK"
118,"Thymelicus acteon","Lulworth Skipper",2019,26,1.98,19,"1976-2024","UK"
118,"Thymelicus acteon","Lulworth Skipper",2020,26,1.93,22,"1976-2024","UK"
118,"Thymelicus acteon","Lulworth Skipper",2021,25,1.84,24,"1976-2024","UK"
118,"Thymelicus acteon","Lulworth Skipper",2022,26,2.17,12,"1976-2024","UK"
118,"Thymelicus acteon","Lulworth Skipper",2023,21,2.39,4,"1976-2024","UK"
118,"Thymelicus acteon","Lulworth Skipper",2024,25,2.2,10,"1976-2024","UK"
119,"Thymelicus lineola","Essex Skipper",1977,27,1.56,47,"1976-2024","UK"
119,"Thymelicus lineola","Essex Skipper",1978,30,1.48,48,"1976-2024","UK"
119,"Thymelicus lineola","Essex Skipper",1979,42,2.16,13,"1976-2024","UK"
119,"Thymelicus lineola","Essex Skipper",1980,44,1.88,31,"1976-2024","UK"
119,"Thymelicus lineola","Essex Skipper",1981,45,1.87,35,"1976-2024","UK"
119,"Thymelicus lineola","Essex Skipper",1982,46,2.11,21,"1976-2024","UK"
119,"Thymelicus lineola","Essex Skipper",1983,52,2.12,18,"1976-2024","UK"
119,"Thymelicus lineola","Essex Skipper",1984,57,2.15,14,"1976-2024","UK"
119,"Thymelicus lineola","Essex Skipper",1985,59,1.74,40,"1976-2024","UK"
119,"Thymelicus lineola","Essex Skipper",1986,71,1.9,29,"1976-2024","UK"
119,"Thymelicus lineola","Essex Skipper",1987,79,2.12,18,"1976-2024","UK"
119,"Thymelicus lineola","Essex Skipper",1988,90,2.12,18,"1976-2024","UK"
119,"Thymelicus lineola","Essex Skipper",1989,98,2.13,17,"1976-2024","UK"
119,"Thymelicus lineola","Essex Skipper",1990,121,1.78,38,"1976-2024","UK"
119,"Thymelicus lineola","Essex Skipper",1991,128,2.37,1,"1976-2024","UK"
119,"Thymelicus lineola","Essex Skipper",1992,150,2.35,3,"1976-2024","UK"
119,"Thymelicus lineola","Essex Skipper",1993,158,2.14,15,"1976-2024","UK"
119,"Thymelicus lineola","Essex Skipper",1994,179,2.3,6,"1976-2024","UK"
119,"Thymelicus lineola","Essex Skipper",1995,223,2.37,1,"1976-2024","UK"
119,"Thymelicus lineola","Essex Skipper",1996,243,2.33,4,"1976-2024","UK"
119,"Thymelicus lineola","Essex Skipper",1997,269,2.28,7,"1976-2024","UK"
119,"Thymelicus lineola","Essex Skipper",1998,273,2.17,12,"1976-2024","UK"
119,"Thymelicus lineola","Essex Skipper",1999,276,2.26,8,"1976-2024","UK"
119,"Thymelicus lineola","Essex Skipper",2000,300,2.06,23,"1976-2024","UK"
119,"Thymelicus lineola","Essex Skipper",2001,309,2.2,10,"1976-2024","UK"
119,"Thymelicus lineola","Essex Skipper",2002,340,2.19,11,"1976-2024","UK"
119,"Thymelicus lineola","Essex Skipper",2003,381,2.09,22,"1976-2024","UK"
119,"Thymelicus lineola","Essex Skipper",2004,408,2.26,8,"1976-2024","UK"
119,"Thymelicus lineola","Essex Skipper",2005,422,2.32,5,"1976-2024","UK"
119,"Thymelicus lineola","Essex Skipper",2006,455,1.93,28,"1976-2024","UK"
119,"Thymelicus lineola","Essex Skipper",2007,509,1.73,43,"1976-2024","UK"
119,"Thymelicus lineola","Essex Skipper",2008,539,1.76,39,"1976-2024","UK"
119,"Thymelicus lineola","Essex Skipper",2009,733,1.74,40,"1976-2024","UK"
119,"Thymelicus lineola","Essex Skipper",2010,731,1.63,45,"1976-2024","UK"
119,"Thymelicus lineola","Essex Skipper",2011,742,1.71,44,"1976-2024","UK"
119,"Thymelicus lineola","Essex Skipper",2012,764,1.63,45,"1976-2024","UK"
119,"Thymelicus lineola","Essex Skipper",2013,850,1.86,36,"1976-2024","UK"
119,"Thymelicus lineola","Essex Skipper",2014,938,2.06,23,"1976-2024","UK"
119,"Thymelicus lineola","Essex Skipper",2015,1007,2.14,15,"1976-2024","UK"
119,"Thymelicus lineola","Essex Skipper",2016,1033,1.88,31,"1976-2024","UK"
119,"Thymelicus lineola","Essex Skipper",2017,1112,1.95,27,"1976-2024","UK"
119,"Thymelicus lineola","Essex Skipper",2018,1175,1.8,37,"1976-2024","UK"
119,"Thymelicus lineola","Essex Skipper",2019,1220,1.98,26,"1976-2024","UK"
119,"Thymelicus lineola","Essex Skipper",2020,1073,1.88,31,"1976-2024","UK"
119,"Thymelicus lineola","Essex Skipper",2021,1214,1.88,31,"1976-2024","UK"
119,"Thymelicus lineola","Essex Skipper",2022,1289,1.89,30,"1976-2024","UK"
119,"Thymelicus lineola","Essex Skipper",2023,1311,2.01,25,"1976-2024","UK"
119,"Thymelicus lineola","Essex Skipper",2024,1314,1.74,40,"1976-2024","UK"
120,"Thymelicus sylvestris","Small Skipper",1976,34,2.04,21,"1976-2024","UK"
120,"Thymelicus sylvestris","Small Skipper",1977,49,2.02,24,"1976-2024","UK"
120,"Thymelicus sylvestris","Small Skipper",1978,54,1.8,38,"1976-2024","UK"
120,"Thymelicus sylvestris","Small Skipper",1979,65,2.1,16,"1976-2024","UK"
120,"Thymelicus sylvestris","Small Skipper",1980,72,2.05,18,"1976-2024","UK"
120,"Thymelicus sylvestris","Small Skipper",1981,75,2.29,8,"1976-2024","UK"
120,"Thymelicus sylvestris","Small Skipper",1982,79,2.44,2,"1976-2024","UK"
120,"Thymelicus sylvestris","Small Skipper",1983,90,2.37,4,"1976-2024","UK"
120,"Thymelicus sylvestris","Small Skipper",1984,98,2.54,1,"1976-2024","UK"
120,"Thymelicus sylvestris","Small Skipper",1985,108,2.24,11,"1976-2024","UK"
120,"Thymelicus sylvestris","Small Skipper",1986,117,2.27,10,"1976-2024","UK"
120,"Thymelicus sylvestris","Small Skipper",1987,140,2.08,17,"1976-2024","UK"
120,"Thymelicus sylvestris","Small Skipper",1988,160,2.02,24,"1976-2024","UK"
120,"Thymelicus sylvestris","Small Skipper",1989,188,2.19,12,"1976-2024","UK"
120,"Thymelicus sylvestris","Small Skipper",1990,213,2.13,15,"1976-2024","UK"
120,"Thymelicus sylvestris","Small Skipper",1991,237,2.38,3,"1976-2024","UK"
120,"Thymelicus sylvestris","Small Skipper",1992,263,2.34,5,"1976-2024","UK"
120,"Thymelicus sylvestris","Small Skipper",1993,288,2.18,13,"1976-2024","UK"
120,"Thymelicus sylvestris","Small Skipper",1994,314,2.34,5,"1976-2024","UK"
120,"Thymelicus sylvestris","Small Skipper",1995,369,2.28,9,"1976-2024","UK"
120,"Thymelicus sylvestris","Small Skipper",1996,407,2.3,7,"1976-2024","UK"
120,"Thymelicus sylvestris","Small Skipper",1997,435,2.17,14,"1976-2024","UK"
120,"Thymelicus sylvestris","Small Skipper",1998,445,1.93,29,"1976-2024","UK"
120,"Thymelicus sylvestris","Small Skipper",1999,478,2.05,18,"1976-2024","UK"
120,"Thymelicus sylvestris","Small Skipper",2000,517,2.05,18,"1976-2024","UK"
120,"Thymelicus sylvestris","Small Skipper",2001,499,2.03,23,"1976-2024","UK"
120,"Thymelicus sylvestris","Small Skipper",2002,575,1.94,28,"1976-2024","UK"
120,"Thymelicus sylvestris","Small Skipper",2003,638,2.01,26,"1976-2024","UK"
120,"Thymelicus sylvestris","Small Skipper",2004,635,1.81,36,"1976-2024","UK"
120,"Thymelicus sylvestris","Small Skipper",2005,645,1.86,32,"1976-2024","UK"
120,"Thymelicus sylvestris","Small Skipper",2006,687,1.75,41,"1976-2024","UK"
120,"Thymelicus sylvestris","Small Skipper",2007,850,1.63,47,"1976-2024","UK"
120,"Thymelicus sylvestris","Small Skipper",2008,866,1.65,46,"1976-2024","UK"
120,"Thymelicus sylvestris","Small Skipper",2009,1229,1.76,40,"1976-2024","UK"
120,"Thymelicus sylvestris","Small Skipper",2010,1248,1.68,45,"1976-2024","UK"
120,"Thymelicus sylvestris","Small Skipper",2011,1282,1.69,44,"1976-2024","UK"
120,"Thymelicus sylvestris","Small Skipper",2012,1336,1.6,48,"1976-2024","UK"
120,"Thymelicus sylvestris","Small Skipper",2013,1476,1.91,30,"1976-2024","UK"
120,"Thymelicus sylvestris","Small Skipper",2014,1603,2.04,21,"1976-2024","UK"
120,"Thymelicus sylvestris","Small Skipper",2015,1723,2.01,26,"1976-2024","UK"
120,"Thymelicus sylvestris","Small Skipper",2016,1788,1.75,41,"1976-2024","UK"
120,"Thymelicus sylvestris","Small Skipper",2017,1919,1.85,34,"1976-2024","UK"
120,"Thymelicus sylvestris","Small Skipper",2018,2015,1.73,43,"1976-2024","UK"
120,"Thymelicus sylvestris","Small Skipper",2019,2134,1.86,32,"1976-2024","UK"
120,"Thymelicus sylvestris","Small Skipper",2020,1790,1.83,35,"1976-2024","UK"
120,"Thymelicus sylvestris","Small Skipper",2021,2122,1.78,39,"1976-2024","UK"
120,"Thymelicus sylvestris","Small Skipper",2022,2288,1.81,36,"1976-2024","UK"
120,"Thymelicus sylvestris","Small Skipper",2023,2325,1.89,31,"1976-2024","UK"
120,"Thymelicus sylvestris","Small Skipper",2024,2386,1.55,49,"1976-2024","UK"
122,"Vanessa atalanta","Red Admiral",1976,38,2.11,21,"1976-2024","UK"
122,"Vanessa atalanta","Red Admiral",1977,60,1.43,47,"1976-2024","UK"
122,"Vanessa atalanta","Red Admiral",1978,65,1.21,49,"1976-2024","UK"
122,"Vanessa atalanta","Red Admiral",1979,81,1.32,48,"1976-2024","UK"
122,"Vanessa atalanta","Red Admiral",1980,87,1.59,43,"1976-2024","UK"
122,"Vanessa atalanta","Red Admiral",1981,91,1.54,46,"1976-2024","UK"
122,"Vanessa atalanta","Red Admiral",1982,96,2.37,5,"1976-2024","UK"
122,"Vanessa atalanta","Red Admiral",1983,109,1.72,39,"1976-2024","UK"
122,"Vanessa atalanta","Red Admiral",1984,117,1.63,42,"1976-2024","UK"
122,"Vanessa atalanta","Red Admiral",1985,126,1.57,44,"1976-2024","UK"
122,"Vanessa atalanta","Red Admiral",1986,135,1.66,41,"1976-2024","UK"
122,"Vanessa atalanta","Red Admiral",1987,158,1.9,34,"1976-2024","UK"
122,"Vanessa atalanta","Red Admiral",1988,180,1.56,45,"1976-2024","UK"
122,"Vanessa atalanta","Red Admiral",1989,215,2.12,18,"1976-2024","UK"
122,"Vanessa atalanta","Red Admiral",1990,241,2.04,26,"1976-2024","UK"
122,"Vanessa atalanta","Red Admiral",1991,268,1.82,37,"1976-2024","UK"
122,"Vanessa atalanta","Red Admiral",1992,301,2.27,9,"1976-2024","UK"
122,"Vanessa atalanta","Red Admiral",1993,331,1.9,34,"1976-2024","UK"
122,"Vanessa atalanta","Red Admiral",1994,365,2.05,25,"1976-2024","UK"
122,"Vanessa atalanta","Red Admiral",1995,422,2.2,13,"1976-2024","UK"
122,"Vanessa atalanta","Red Admiral",1996,463,2.56,2,"1976-2024","UK"
122,"Vanessa atalanta","Red Admiral",1997,490,1.98,29,"1976-2024","UK"
122,"Vanessa atalanta","Red Admiral",1998,507,2.03,27,"1976-2024","UK"
122,"Vanessa atalanta","Red Admiral",1999,526,2.07,22,"1976-2024","UK"
122,"Vanessa atalanta","Red Admiral",2000,574,2.19,15,"1976-2024","UK"
122,"Vanessa atalanta","Red Admiral",2001,543,2.06,23,"1976-2024","UK"
122,"Vanessa atalanta","Red Admiral",2002,639,2,28,"1976-2024","UK"
122,"Vanessa atalanta","Red Admiral",2003,713,2.45,4,"1976-2024","UK"
122,"Vanessa atalanta","Red Admiral",2004,735,1.8,38,"1976-2024","UK"
122,"Vanessa atalanta","Red Admiral",2005,764,2.12,18,"1976-2024","UK"
122,"Vanessa atalanta","Red Admiral",2006,849,2.3,8,"1976-2024","UK"
122,"Vanessa atalanta","Red Admiral",2007,1078,2.23,11,"1976-2024","UK"
122,"Vanessa atalanta","Red Admiral",2008,1056,1.98,29,"1976-2024","UK"
122,"Vanessa atalanta","Red Admiral",2009,1602,1.93,31,"1976-2024","UK"
122,"Vanessa atalanta","Red Admiral",2010,1598,1.92,33,"1976-2024","UK"
122,"Vanessa atalanta","Red Admiral",2011,1636,2.25,10,"1976-2024","UK"
122,"Vanessa atalanta","Red Admiral",2012,1666,2.13,17,"1976-2024","UK"
122,"Vanessa atalanta","Red Admiral",2013,1848,1.71,40,"1976-2024","UK"
122,"Vanessa atalanta","Red Admiral",2014,1963,2.15,16,"1976-2024","UK"
122,"Vanessa atalanta","Red Admiral",2015,2089,1.93,31,"1976-2024","UK"
122,"Vanessa atalanta","Red Admiral",2016,2168,2.2,13,"1976-2024","UK"
122,"Vanessa atalanta","Red Admiral",2017,2339,2.46,3,"1976-2024","UK"
122,"Vanessa atalanta","Red Admiral",2018,2468,1.85,36,"1976-2024","UK"
122,"Vanessa atalanta","Red Admiral",2019,2621,2.32,7,"1976-2024","UK"
122,"Vanessa atalanta","Red Admiral",2020,2177,2.23,11,"1976-2024","UK"
122,"Vanessa atalanta","Red Admiral",2021,2635,2.34,6,"1976-2024","UK"
122,"Vanessa atalanta","Red Admiral",2022,2848,2.06,23,"1976-2024","UK"
122,"Vanessa atalanta","Red Admiral",2023,2921,2.65,1,"1976-2024","UK"
122,"Vanessa atalanta","Red Admiral",2024,3068,2.12,18,"1976-2024","UK"
123,"Vanessa cardui","Painted Lady",1976,37,1.73,31,"1976-2024","UK"
123,"Vanessa cardui","Painted Lady",1977,55,1.67,34,"1976-2024","UK"
123,"Vanessa cardui","Painted Lady",1978,59,0.91,48,"1976-2024","UK"
123,"Vanessa cardui","Painted Lady",1979,78,1.59,37,"1976-2024","UK"
123,"Vanessa cardui","Painted Lady",1980,84,2.75,6,"1976-2024","UK"
123,"Vanessa cardui","Painted Lady",1981,88,1.32,45,"1976-2024","UK"
123,"Vanessa cardui","Painted Lady",1982,92,2.62,7,"1976-2024","UK"
123,"Vanessa cardui","Painted Lady",1983,106,2.03,21,"1976-2024","UK"
123,"Vanessa cardui","Painted Lady",1984,112,0.83,49,"1976-2024","UK"
123,"Vanessa cardui","Painted Lady",1985,125,2.37,11,"1976-2024","UK"
123,"Vanessa cardui","Painted Lady",1986,133,1.69,33,"1976-2024","UK"
123,"Vanessa cardui","Painted Lady",1987,156,1.34,43,"1976-2024","UK"
123,"Vanessa cardui","Painted Lady",1988,178,2.62,7,"1976-2024","UK"
123,"Vanessa cardui","Painted Lady",1989,211,1.88,27,"1976-2024","UK"
123,"Vanessa cardui","Painted Lady",1990,237,2.23,15,"1976-2024","UK"
123,"Vanessa cardui","Painted Lady",1991,262,2.01,22,"1976-2024","UK"
123,"Vanessa cardui","Painted Lady",1992,292,2.32,14,"1976-2024","UK"
123,"Vanessa cardui","Painted Lady",1993,323,0.96,47,"1976-2024","UK"
123,"Vanessa cardui","Painted Lady",1994,355,2.33,13,"1976-2024","UK"
123,"Vanessa cardui","Painted Lady",1995,411,1.94,25,"1976-2024","UK"
123,"Vanessa cardui","Painted Lady",1996,462,3.8,1,"1976-2024","UK"
123,"Vanessa cardui","Painted Lady",1997,470,1.36,42,"1976-2024","UK"
123,"Vanessa cardui","Painted Lady",1998,488,1.99,23,"1976-2024","UK"
123,"Vanessa cardui","Painted Lady",1999,508,1.71,32,"1976-2024","UK"
123,"Vanessa cardui","Painted Lady",2000,558,2.56,9,"1976-2024","UK"
123,"Vanessa cardui","Painted Lady",2001,536,1.85,28,"1976-2024","UK"
123,"Vanessa cardui","Painted Lady",2002,630,2.39,10,"1976-2024","UK"
123,"Vanessa cardui","Painted Lady",2003,713,3.19,4,"1976-2024","UK"
123,"Vanessa cardui","Painted Lady",2004,731,2.34,12,"1976-2024","UK"
123,"Vanessa cardui","Painted Lady",2005,754,1.61,36,"1976-2024","UK"
123,"Vanessa cardui","Painted Lady",2006,835,2.8,5,"1976-2024","UK"
123,"Vanessa cardui","Painted Lady",2007,986,2.2,16,"1976-2024","UK"
123,"Vanessa cardui","Painted Lady",2008,1009,1.33,44,"1976-2024","UK"
123,"Vanessa cardui","Painted Lady",2009,1609,3.52,2,"1976-2024","UK"
123,"Vanessa cardui","Painted Lady",2010,1500,1.66,35,"1976-2024","UK"
123,"Vanessa cardui","Painted Lady",2011,1508,1.59,37,"1976-2024","UK"
123,"Vanessa cardui","Painted Lady",2012,1513,1.3,46,"1976-2024","UK"
123,"Vanessa cardui","Painted Lady",2013,1667,1.74,30,"1976-2024","UK"
123,"Vanessa cardui","Painted Lady",2014,1790,1.58,39,"1976-2024","UK"
123,"Vanessa cardui","Painted Lady",2015,1940,2.11,19,"1976-2024","UK"
123,"Vanessa cardui","Painted Lady",2016,2021,2.05,20,"1976-2024","UK"
123,"Vanessa cardui","Painted Lady",2017,2176,1.95,24,"1976-2024","UK"
123,"Vanessa cardui","Painted Lady",2018,2328,1.89,26,"1976-2024","UK"
123,"Vanessa cardui","Painted Lady",2019,2518,3.2,3,"1976-2024","UK"
123,"Vanessa cardui","Painted Lady",2020,2029,1.44,41,"1976-2024","UK"
123,"Vanessa cardui","Painted Lady",2021,2389,2.12,18,"1976-2024","UK"
123,"Vanessa cardui","Painted Lady",2022,2544,2.16,17,"1976-2024","UK"
123,"Vanessa cardui","Painted Lady",2023,2513,1.85,28,"1976-2024","UK"
123,"Vanessa cardui","Painted Lady",2024,2518,1.58,39,"1976-2024","UK"
84,"Aglais io","Peacock",1976,6,2.43,1,"1976-2024","Wales"
84,"Aglais io","Peacock",1977,10,2.2,7,"1976-2024","Wales"
84,"Aglais io","Peacock",1978,10,2.14,16,"1976-2024","Wales"
84,"Aglais io","Peacock",1979,12,2.11,18,"1976-2024","Wales"
84,"Aglais io","Peacock",1980,10,1.83,37,"1976-2024","Wales"
84,"Aglais io","Peacock",1981,10,1.84,36,"1976-2024","Wales"
84,"Aglais io","Peacock",1982,9,2.25,5,"1976-2024","Wales"
84,"Aglais io","Peacock",1983,11,2.34,3,"1976-2024","Wales"
84,"Aglais io","Peacock",1984,9,2.2,7,"1976-2024","Wales"
84,"Aglais io","Peacock",1985,9,2.25,5,"1976-2024","Wales"
84,"Aglais io","Peacock",1986,7,1.9,32,"1976-2024","Wales"
84,"Aglais io","Peacock",1987,8,1.74,46,"1976-2024","Wales"
84,"Aglais io","Peacock",1988,7,1.9,32,"1976-2024","Wales"
84,"Aglais io","Peacock",1989,6,1.76,44,"1976-2024","Wales"
84,"Aglais io","Peacock",1990,7,1.83,37,"1976-2024","Wales"
84,"Aglais io","Peacock",1991,7,2.37,2,"1976-2024","Wales"
84,"Aglais io","Peacock",1992,8,2.31,4,"1976-2024","Wales"
84,"Aglais io","Peacock",1993,12,1.95,25,"1976-2024","Wales"
84,"Aglais io","Peacock",1994,11,1.79,40,"1976-2024","Wales"
84,"Aglais io","Peacock",1995,15,1.76,44,"1976-2024","Wales"
84,"Aglais io","Peacock",1996,15,2.2,7,"1976-2024","Wales"
84,"Aglais io","Peacock",1997,16,2.19,11,"1976-2024","Wales"
84,"Aglais io","Peacock",1998,13,1.86,35,"1976-2024","Wales"
84,"Aglais io","Peacock",1999,14,1.88,34,"1976-2024","Wales"
84,"Aglais io","Peacock",2000,15,2.2,7,"1976-2024","Wales"
84,"Aglais io","Peacock",2001,18,2.18,12,"1976-2024","Wales"
84,"Aglais io","Peacock",2002,23,2.08,19,"1976-2024","Wales"
84,"Aglais io","Peacock",2003,27,2.07,20,"1976-2024","Wales"
84,"Aglais io","Peacock",2004,29,1.91,29,"1976-2024","Wales"
84,"Aglais io","Peacock",2005,34,1.93,27,"1976-2024","Wales"
84,"Aglais io","Peacock",2006,37,1.99,23,"1976-2024","Wales"
84,"Aglais io","Peacock",2007,64,2.04,21,"1976-2024","Wales"
84,"Aglais io","Peacock",2008,55,1.94,26,"1976-2024","Wales"
84,"Aglais io","Peacock",2009,69,1.91,29,"1976-2024","Wales"
84,"Aglais io","Peacock",2010,68,2.03,22,"1976-2024","Wales"
84,"Aglais io","Peacock",2011,64,1.79,40,"1976-2024","Wales"
84,"Aglais io","Peacock",2012,65,1.63,49,"1976-2024","Wales"
84,"Aglais io","Peacock",2013,82,2.16,15,"1976-2024","Wales"
84,"Aglais io","Peacock",2014,87,2.18,12,"1976-2024","Wales"
84,"Aglais io","Peacock",2015,83,2.18,12,"1976-2024","Wales"
84,"Aglais io","Peacock",2016,83,1.8,39,"1976-2024","Wales"
84,"Aglais io","Peacock",2017,85,1.93,27,"1976-2024","Wales"
84,"Aglais io","Peacock",2018,85,1.74,46,"1976-2024","Wales"
84,"Aglais io","Peacock",2019,86,2.14,16,"1976-2024","Wales"
84,"Aglais io","Peacock",2020,50,1.98,24,"1976-2024","Wales"
84,"Aglais io","Peacock",2021,77,1.78,42,"1976-2024","Wales"
84,"Aglais io","Peacock",2022,78,1.64,48,"1976-2024","Wales"
84,"Aglais io","Peacock",2023,80,1.91,29,"1976-2024","Wales"
84,"Aglais io","Peacock",2024,91,1.77,43,"1976-2024","Wales"
2,"Aglais urticae","Small Tortoiseshell",1976,6,2.61,2,"1976-2024","Wales"
2,"Aglais urticae","Small Tortoiseshell",1977,10,2.08,21,"1976-2024","Wales"
2,"Aglais urticae","Small Tortoiseshell",1978,10,1.91,32,"1976-2024","Wales"
2,"Aglais urticae","Small Tortoiseshell",1979,12,2.03,23,"1976-2024","Wales"
2,"Aglais urticae","Small Tortoiseshell",1980,10,2.2,12,"1976-2024","Wales"
2,"Aglais urticae","Small Tortoiseshell",1981,10,1.92,31,"1976-2024","Wales"
2,"Aglais urticae","Small Tortoiseshell",1982,9,2.77,1,"1976-2024","Wales"
2,"Aglais urticae","Small Tortoiseshell",1983,11,2.19,13,"1976-2024","Wales"
2,"Aglais urticae","Small Tortoiseshell",1984,9,2.36,7,"1976-2024","Wales"
2,"Aglais urticae","Small Tortoiseshell",1985,9,2.03,23,"1976-2024","Wales"
2,"Aglais urticae","Small Tortoiseshell",1986,7,1.2,48,"1976-2024","Wales"
2,"Aglais urticae","Small Tortoiseshell",1987,8,1.85,37,"1976-2024","Wales"
2,"Aglais urticae","Small Tortoiseshell",1988,7,1.88,35,"1976-2024","Wales"
2,"Aglais urticae","Small Tortoiseshell",1989,6,2.17,16,"1976-2024","Wales"
2,"Aglais urticae","Small Tortoiseshell",1990,7,2.32,8,"1976-2024","Wales"
2,"Aglais urticae","Small Tortoiseshell",1991,7,2.25,11,"1976-2024","Wales"
2,"Aglais urticae","Small Tortoiseshell",1992,8,2.03,23,"1976-2024","Wales"
2,"Aglais urticae","Small Tortoiseshell",1993,12,1.87,36,"1976-2024","Wales"
2,"Aglais urticae","Small Tortoiseshell",1994,12,1.63,43,"1976-2024","Wales"
2,"Aglais urticae","Small Tortoiseshell",1995,15,2.28,10,"1976-2024","Wales"
2,"Aglais urticae","Small Tortoiseshell",1996,15,2.37,6,"1976-2024","Wales"
2,"Aglais urticae","Small Tortoiseshell",1997,16,2.42,4,"1976-2024","Wales"
2,"Aglais urticae","Small Tortoiseshell",1998,13,1.44,47,"1976-2024","Wales"
2,"Aglais urticae","Small Tortoiseshell",1999,14,1.55,45,"1976-2024","Wales"
2,"Aglais urticae","Small Tortoiseshell",2000,15,1.94,29,"1976-2024","Wales"
2,"Aglais urticae","Small Tortoiseshell",2001,18,2.38,5,"1976-2024","Wales"
2,"Aglais urticae","Small Tortoiseshell",2002,23,2.09,20,"1976-2024","Wales"
2,"Aglais urticae","Small Tortoiseshell",2003,27,2.46,3,"1976-2024","Wales"
2,"Aglais urticae","Small Tortoiseshell",2004,29,2.18,15,"1976-2024","Wales"
2,"Aglais urticae","Small Tortoiseshell",2005,34,1.89,34,"1976-2024","Wales"
2,"Aglais urticae","Small Tortoiseshell",2006,37,1.98,27,"1976-2024","Wales"
2,"Aglais urticae","Small Tortoiseshell",2007,70,2.01,26,"1976-2024","Wales"
2,"Aglais urticae","Small Tortoiseshell",2008,57,1.62,44,"1976-2024","Wales"
2,"Aglais urticae","Small Tortoiseshell",2009,72,1.79,38,"1976-2024","Wales"
2,"Aglais urticae","Small Tortoiseshell",2010,69,2.16,17,"1976-2024","Wales"
2,"Aglais urticae","Small Tortoiseshell",2011,63,2.12,19,"1976-2024","Wales"
2,"Aglais urticae","Small Tortoiseshell",2012,64,1.94,29,"1976-2024","Wales"
2,"Aglais urticae","Small Tortoiseshell",2013,82,2.3,9,"1976-2024","Wales"
2,"Aglais urticae","Small Tortoiseshell",2014,89,2.16,17,"1976-2024","Wales"
2,"Aglais urticae","Small Tortoiseshell",2015,86,2.07,22,"1976-2024","Wales"
2,"Aglais urticae","Small Tortoiseshell",2016,85,1.74,40,"1976-2024","Wales"
2,"Aglais urticae","Small Tortoiseshell",2017,88,1.66,42,"1976-2024","Wales"
2,"Aglais urticae","Small Tortoiseshell",2018,90,1.71,41,"1976-2024","Wales"
2,"Aglais urticae","Small Tortoiseshell",2019,86,1.95,28,"1976-2024","Wales"
2,"Aglais urticae","Small Tortoiseshell",2020,52,2.19,13,"1976-2024","Wales"
2,"Aglais urticae","Small Tortoiseshell",2021,81,1.91,32,"1976-2024","Wales"
2,"Aglais urticae","Small Tortoiseshell",2022,81,1.78,39,"1976-2024","Wales"
2,"Aglais urticae","Small Tortoiseshell",2023,83,1.47,46,"1976-2024","Wales"
2,"Aglais urticae","Small Tortoiseshell",2024,90,1.15,49,"1976-2024","Wales"
4,"Anthocharis cardamines","Orange-tip",1978,8,1.6,46,"1976-2024","Wales"
4,"Anthocharis cardamines","Orange-tip",1979,11,1.69,39,"1976-2024","Wales"
4,"Anthocharis cardamines","Orange-tip",1980,9,1.65,42,"1976-2024","Wales"
4,"Anthocharis cardamines","Orange-tip",1981,10,1.98,27,"1976-2024","Wales"
4,"Anthocharis cardamines","Orange-tip",1982,9,1.53,47,"1976-2024","Wales"
4,"Anthocharis cardamines","Orange-tip",1983,10,1.65,42,"1976-2024","Wales"
4,"Anthocharis cardamines","Orange-tip",1984,8,1.9,33,"1976-2024","Wales"
4,"Anthocharis cardamines","Orange-tip",1985,8,1.69,39,"1976-2024","Wales"
4,"Anthocharis cardamines","Orange-tip",1986,6,1.79,38,"1976-2024","Wales"
4,"Anthocharis cardamines","Orange-tip",1987,7,1.92,32,"1976-2024","Wales"
4,"Anthocharis cardamines","Orange-tip",1988,6,1.81,37,"1976-2024","Wales"
4,"Anthocharis cardamines","Orange-tip",1989,5,1.96,28,"1976-2024","Wales"
4,"Anthocharis cardamines","Orange-tip",1990,6,1.93,30,"1976-2024","Wales"
4,"Anthocharis cardamines","Orange-tip",1991,6,1.93,30,"1976-2024","Wales"
4,"Anthocharis cardamines","Orange-tip",1992,7,1.63,45,"1976-2024","Wales"
4,"Anthocharis cardamines","Orange-tip",1993,11,1.67,41,"1976-2024","Wales"
4,"Anthocharis cardamines","Orange-tip",1994,11,1.65,42,"1976-2024","Wales"
4,"Anthocharis cardamines","Orange-tip",1995,14,1.87,35,"1976-2024","Wales"
4,"Anthocharis cardamines","Orange-tip",1996,13,1.95,29,"1976-2024","Wales"
4,"Anthocharis cardamines","Orange-tip",1997,14,1.83,36,"1976-2024","Wales"
4,"Anthocharis cardamines","Orange-tip",1998,11,1.89,34,"1976-2024","Wales"
4,"Anthocharis cardamines","Orange-tip",1999,12,2.05,24,"1976-2024","Wales"
4,"Anthocharis cardamines","Orange-tip",2000,13,2.21,6,"1976-2024","Wales"
4,"Anthocharis cardamines","Orange-tip",2001,13,2.08,21,"1976-2024","Wales"
4,"Anthocharis cardamines","Orange-tip",2002,20,2.17,14,"1976-2024","Wales"
4,"Anthocharis cardamines","Orange-tip",2003,24,2.05,24,"1976-2024","Wales"
4,"Anthocharis cardamines","Orange-tip",2004,25,2,26,"1976-2024","Wales"
4,"Anthocharis cardamines","Orange-tip",2005,30,2.07,22,"1976-2024","Wales"
4,"Anthocharis cardamines","Orange-tip",2006,32,2.19,9,"1976-2024","Wales"
4,"Anthocharis cardamines","Orange-tip",2007,40,2.19,9,"1976-2024","Wales"
4,"Anthocharis cardamines","Orange-tip",2008,39,2.07,22,"1976-2024","Wales"
4,"Anthocharis cardamines","Orange-tip",2009,38,2.21,6,"1976-2024","Wales"
4,"Anthocharis cardamines","Orange-tip",2010,34,2.17,14,"1976-2024","Wales"
4,"Anthocharis cardamines","Orange-tip",2011,32,2.35,2,"1976-2024","Wales"
4,"Anthocharis cardamines","Orange-tip",2012,30,2.1,20,"1976-2024","Wales"
4,"Anthocharis cardamines","Orange-tip",2013,34,2.12,18,"1976-2024","Wales"
4,"Anthocharis cardamines","Orange-tip",2014,42,2.33,3,"1976-2024","Wales"
4,"Anthocharis cardamines","Orange-tip",2015,47,2.2,8,"1976-2024","Wales"
4,"Anthocharis cardamines","Orange-tip",2016,50,2.11,19,"1976-2024","Wales"
4,"Anthocharis cardamines","Orange-tip",2017,55,2.25,5,"1976-2024","Wales"
4,"Anthocharis cardamines","Orange-tip",2018,57,2.18,11,"1976-2024","Wales"
4,"Anthocharis cardamines","Orange-tip",2019,56,2.41,1,"1976-2024","Wales"
4,"Anthocharis cardamines","Orange-tip",2020,34,2.15,16,"1976-2024","Wales"
4,"Anthocharis cardamines","Orange-tip",2021,52,2.18,11,"1976-2024","Wales"
4,"Anthocharis cardamines","Orange-tip",2022,52,2.18,11,"1976-2024","Wales"
4,"Anthocharis cardamines","Orange-tip",2023,57,2.13,17,"1976-2024","Wales"
4,"Anthocharis cardamines","Orange-tip",2024,63,2.28,4,"1976-2024","Wales"
8,"Aphantopus hyperantus","Ringlet",1983,7,1.86,34,"1976-2024","Wales"
8,"Aphantopus hyperantus","Ringlet",1984,6,1.83,37,"1976-2024","Wales"
8,"Aphantopus hyperantus","Ringlet",1985,6,1.88,29,"1976-2024","Wales"
8,"Aphantopus hyperantus","Ringlet",1986,5,1.89,28,"1976-2024","Wales"
8,"Aphantopus hyperantus","Ringlet",1987,6,1.95,23,"1976-2024","Wales"
8,"Aphantopus hyperantus","Ringlet",1988,5,1.64,40,"1976-2024","Wales"
8,"Aphantopus hyperantus","Ringlet",1989,5,1.71,39,"1976-2024","Wales"
8,"Aphantopus hyperantus","Ringlet",1990,6,1.64,40,"1976-2024","Wales"
8,"Aphantopus hyperantus","Ringlet",1991,7,1.63,42,"1976-2024","Wales"
8,"Aphantopus hyperantus","Ringlet",1992,8,1.93,25,"1976-2024","Wales"
8,"Aphantopus hyperantus","Ringlet",1993,10,1.87,30,"1976-2024","Wales"
8,"Aphantopus hyperantus","Ringlet",1994,11,1.87,30,"1976-2024","Wales"
8,"Aphantopus hyperantus","Ringlet",1995,14,1.84,36,"1976-2024","Wales"
8,"Aphantopus hyperantus","Ringlet",1996,13,1.85,35,"1976-2024","Wales"
8,"Aphantopus hyperantus","Ringlet",1997,14,1.97,21,"1976-2024","Wales"
8,"Aphantopus hyperantus","Ringlet",1998,12,1.9,27,"1976-2024","Wales"
8,"Aphantopus hyperantus","Ringlet",1999,13,1.79,38,"1976-2024","Wales"
8,"Aphantopus hyperantus","Ringlet",2000,14,2.2,8,"1976-2024","Wales"
8,"Aphantopus hyperantus","Ringlet",2001,17,1.97,21,"1976-2024","Wales"
8,"Aphantopus hyperantus","Ringlet",2002,22,1.87,30,"1976-2024","Wales"
8,"Aphantopus hyperantus","Ringlet",2003,24,2.2,8,"1976-2024","Wales"
8,"Aphantopus hyperantus","Ringlet",2004,26,2.03,18,"1976-2024","Wales"
8,"Aphantopus hyperantus","Ringlet",2005,30,2.02,19,"1976-2024","Wales"
8,"Aphantopus hyperantus","Ringlet",2006,34,2.07,14,"1976-2024","Wales"
8,"Aphantopus hyperantus","Ringlet",2007,58,1.94,24,"1976-2024","Wales"
8,"Aphantopus hyperantus","Ringlet",2008,50,2.06,15,"1976-2024","Wales"
8,"Aphantopus hyperantus","Ringlet",2009,62,2.17,11,"1976-2024","Wales"
8,"Aphantopus hyperantus","Ringlet",2010,63,2.21,7,"1976-2024","Wales"
8,"Aphantopus hyperantus","Ringlet",2011,59,2.2,8,"1976-2024","Wales"
8,"Aphantopus hyperantus","Ringlet",2012,65,2.06,15,"1976-2024","Wales"
8,"Aphantopus hyperantus","Ringlet",2013,71,2.33,3,"1976-2024","Wales"
8,"Aphantopus hyperantus","Ringlet",2014,79,2.41,1,"1976-2024","Wales"
8,"Aphantopus hyperantus","Ringlet",2015,80,2.4,2,"1976-2024","Wales"
8,"Aphantopus hyperantus","Ringlet",2016,80,2.24,5,"1976-2024","Wales"
8,"Aphantopus hyperantus","Ringlet",2017,85,2.29,4,"1976-2024","Wales"
8,"Aphantopus hyperantus","Ringlet",2018,84,2.09,13,"1976-2024","Wales"
8,"Aphantopus hyperantus","Ringlet",2019,83,2.24,5,"1976-2024","Wales"
8,"Aphantopus hyperantus","Ringlet",2020,48,2.13,12,"1976-2024","Wales"
8,"Aphantopus hyperantus","Ringlet",2021,74,2.02,19,"1976-2024","Wales"
8,"Aphantopus hyperantus","Ringlet",2022,73,2.06,15,"1976-2024","Wales"
8,"Aphantopus hyperantus","Ringlet",2023,76,1.87,30,"1976-2024","Wales"
8,"Aphantopus hyperantus","Ringlet",2024,88,1.91,26,"1976-2024","Wales"
17,"Argynnis paphia","Silver-washed Fritillary",1995,7,3.04,2,"1976-2024","Wales"
17,"Argynnis paphia","Silver-washed Fritillary",1996,7,3.63,1,"1976-2024","Wales"
17,"Argynnis paphia","Silver-washed Fritillary",1997,7,2.74,3,"1976-2024","Wales"
17,"Argynnis paphia","Silver-washed Fritillary",1998,4,2.3,5,"1976-2024","Wales"
17,"Argynnis paphia","Silver-washed Fritillary",1999,4,2.35,4,"1976-2024","Wales"
17,"Argynnis paphia","Silver-washed Fritillary",2002,6,1.57,24,"1976-2024","Wales"
17,"Argynnis paphia","Silver-washed Fritillary",2003,5,0.87,28,"1976-2024","Wales"
17,"Argynnis paphia","Silver-washed Fritillary",2004,6,1.25,27,"1976-2024","Wales"
17,"Argynnis paphia","Silver-washed Fritillary",2005,7,2.1,9,"1976-2024","Wales"
17,"Argynnis paphia","Silver-washed Fritillary",2006,8,1.85,19,"1976-2024","Wales"
17,"Argynnis paphia","Silver-washed Fritillary",2007,14,1.63,23,"1976-2024","Wales"
17,"Argynnis paphia","Silver-washed Fritillary",2008,12,1.74,21,"1976-2024","Wales"
17,"Argynnis paphia","Silver-washed Fritillary",2009,9,2.27,6,"1976-2024","Wales"
17,"Argynnis paphia","Silver-washed Fritillary",2010,13,2,15,"1976-2024","Wales"
17,"Argynnis paphia","Silver-washed Fritillary",2011,11,2.14,8,"1976-2024","Wales"
17,"Argynnis paphia","Silver-washed Fritillary",2012,13,1.64,22,"1976-2024","Wales"
17,"Argynnis paphia","Silver-washed Fritillary",2013,12,2.17,7,"1976-2024","Wales"
17,"Argynnis paphia","Silver-washed Fritillary",2014,17,2.06,11,"1976-2024","Wales"
17,"Argynnis paphia","Silver-washed Fritillary",2015,19,2.06,11,"1976-2024","Wales"
17,"Argynnis paphia","Silver-washed Fritillary",2016,17,1.96,18,"1976-2024","Wales"
17,"Argynnis paphia","Silver-washed Fritillary",2017,18,2.07,10,"1976-2024","Wales"
17,"Argynnis paphia","Silver-washed Fritillary",2018,20,2.02,14,"1976-2024","Wales"
17,"Argynnis paphia","Silver-washed Fritillary",2019,21,2.04,13,"1976-2024","Wales"
17,"Argynnis paphia","Silver-washed Fritillary",2020,14,2,15,"1976-2024","Wales"
17,"Argynnis paphia","Silver-washed Fritillary",2021,21,1.98,17,"1976-2024","Wales"
17,"Argynnis paphia","Silver-washed Fritillary",2022,22,1.79,20,"1976-2024","Wales"
17,"Argynnis paphia","Silver-washed Fritillary",2023,19,1.48,25,"1976-2024","Wales"
17,"Argynnis paphia","Silver-washed Fritillary",2024,21,1.26,26,"1976-2024","Wales"
20,"Aricia agestis","Brown Argus",1997,2,2.43,2,"1976-2024","Wales"
20,"Aricia agestis","Brown Argus",1998,2,1.72,22,"1976-2024","Wales"
20,"Aricia agestis","Brown Argus",1999,3,1.72,22,"1976-2024","Wales"
20,"Aricia agestis","Brown Argus",2000,3,2.12,10,"1976-2024","Wales"
20,"Aricia agestis","Brown Argus",2001,4,1.49,28,"1976-2024","Wales"
20,"Aricia agestis","Brown Argus",2002,5,1.72,22,"1976-2024","Wales"
20,"Aricia agestis","Brown Argus",2003,6,2.07,12,"1976-2024","Wales"
20,"Aricia agestis","Brown Argus",2004,6,1.71,26,"1976-2024","Wales"
20,"Aricia agestis","Brown Argus",2005,7,1.92,17,"1976-2024","Wales"
20,"Aricia agestis","Brown Argus",2006,8,2.38,4,"1976-2024","Wales"
20,"Aricia agestis","Brown Argus",2007,9,2.15,9,"1976-2024","Wales"
20,"Aricia agestis","Brown Argus",2008,8,2.1,11,"1976-2024","Wales"
20,"Aricia agestis","Brown Argus",2009,11,1.68,27,"1976-2024","Wales"
20,"Aricia agestis","Brown Argus",2010,10,1.98,13,"1976-2024","Wales"
20,"Aricia agestis","Brown Argus",2011,10,1.84,19,"1976-2024","Wales"
20,"Aricia agestis","Brown Argus",2012,8,1.72,22,"1976-2024","Wales"
20,"Aricia agestis","Brown Argus",2013,7,2.25,6,"1976-2024","Wales"
20,"Aricia agestis","Brown Argus",2014,13,2.23,8,"1976-2024","Wales"
20,"Aricia agestis","Brown Argus",2015,14,1.84,19,"1976-2024","Wales"
20,"Aricia agestis","Brown Argus",2016,18,1.75,21,"1976-2024","Wales"
20,"Aricia agestis","Brown Argus",2017,19,1.94,15,"1976-2024","Wales"
20,"Aricia agestis","Brown Argus",2018,19,2.54,1,"1976-2024","Wales"
20,"Aricia agestis","Brown Argus",2019,19,2.29,5,"1976-2024","Wales"
20,"Aricia agestis","Brown Argus",2020,12,1.86,18,"1976-2024","Wales"
20,"Aricia agestis","Brown Argus",2021,19,2.24,7,"1976-2024","Wales"
20,"Aricia agestis","Brown Argus",2022,19,1.94,15,"1976-2024","Wales"
20,"Aricia agestis","Brown Argus",2023,20,2.41,3,"1976-2024","Wales"
20,"Aricia agestis","Brown Argus",2024,22,1.95,14,"1976-2024","Wales"
14,"Boloria euphrosyne","Pearl-bordered Fritillary",1997,13,1.9,21,"1976-2024","Wales"
14,"Boloria euphrosyne","Pearl-bordered Fritillary",1998,15,1.98,18,"1976-2024","Wales"
14,"Boloria euphrosyne","Pearl-bordered Fritillary",1999,12,1.35,27,"1976-2024","Wales"
14,"Boloria euphrosyne","Pearl-bordered Fritillary",2000,12,1.64,26,"1976-2024","Wales"
14,"Boloria euphrosyne","Pearl-bordered Fritillary",2001,5,1.23,28,"1976-2024","Wales"
14,"Boloria euphrosyne","Pearl-bordered Fritillary",2002,12,1.91,20,"1976-2024","Wales"
14,"Boloria euphrosyne","Pearl-bordered Fritillary",2003,9,1.9,21,"1976-2024","Wales"
14,"Boloria euphrosyne","Pearl-bordered Fritillary",2004,12,2.04,16,"1976-2024","Wales"
14,"Boloria euphrosyne","Pearl-bordered Fritillary",2005,9,2.14,6,"1976-2024","Wales"
14,"Boloria euphrosyne","Pearl-bordered Fritillary",2006,9,1.92,19,"1976-2024","Wales"
14,"Boloria euphrosyne","Pearl-bordered Fritillary",2007,10,2.05,15,"1976-2024","Wales"
14,"Boloria euphrosyne","Pearl-bordered Fritillary",2008,13,1.69,25,"1976-2024","Wales"
14,"Boloria euphrosyne","Pearl-bordered Fritillary",2009,11,1.87,24,"1976-2024","Wales"
14,"Boloria euphrosyne","Pearl-bordered Fritillary",2010,12,2.07,13,"1976-2024","Wales"
14,"Boloria euphrosyne","Pearl-bordered Fritillary",2011,11,2.18,4,"1976-2024","Wales"
14,"Boloria euphrosyne","Pearl-bordered Fritillary",2012,13,2.17,5,"1976-2024","Wales"
14,"Boloria euphrosyne","Pearl-bordered Fritillary",2013,13,2.43,2,"1976-2024","Wales"
14,"Boloria euphrosyne","Pearl-bordered Fritillary",2014,14,2.45,1,"1976-2024","Wales"
14,"Boloria euphrosyne","Pearl-bordered Fritillary",2015,13,2.1,10,"1976-2024","Wales"
14,"Boloria euphrosyne","Pearl-bordered Fritillary",2016,15,2.04,16,"1976-2024","Wales"
14,"Boloria euphrosyne","Pearl-bordered Fritillary",2017,15,2.08,12,"1976-2024","Wales"
14,"Boloria euphrosyne","Pearl-bordered Fritillary",2018,15,2.14,6,"1976-2024","Wales"
14,"Boloria euphrosyne","Pearl-bordered Fritillary",2019,10,2.42,3,"1976-2024","Wales"
14,"Boloria euphrosyne","Pearl-bordered Fritillary",2020,1,2.09,11,"1976-2024","Wales"
14,"Boloria euphrosyne","Pearl-bordered Fritillary",2021,13,2.07,13,"1976-2024","Wales"
14,"Boloria euphrosyne","Pearl-bordered Fritillary",2022,13,2.11,9,"1976-2024","Wales"
14,"Boloria euphrosyne","Pearl-bordered Fritillary",2023,11,2.14,6,"1976-2024","Wales"
14,"Boloria euphrosyne","Pearl-bordered Fritillary",2024,12,1.89,23,"1976-2024","Wales"
18,"Boloria selene","Small Pearl-bordered Fritillary",1992,5,2.77,1,"1976-2024","Wales"
18,"Boloria selene","Small Pearl-bordered Fritillary",1993,8,2.7,3,"1976-2024","Wales"
18,"Boloria selene","Small Pearl-bordered Fritillary",1994,8,2.76,2,"1976-2024","Wales"
18,"Boloria selene","Small Pearl-bordered Fritillary",1995,9,2.4,5,"1976-2024","Wales"
18,"Boloria selene","Small Pearl-bordered Fritillary",1996,8,2.24,6,"1976-2024","Wales"
18,"Boloria selene","Small Pearl-bordered Fritillary",1997,9,2.51,4,"1976-2024","Wales"
18,"Boloria selene","Small Pearl-bordered Fritillary",1998,8,2.18,7,"1976-2024","Wales"
18,"Boloria selene","Small Pearl-bordered Fritillary",1999,9,1.86,22,"1976-2024","Wales"
18,"Boloria selene","Small Pearl-bordered Fritillary",2000,9,2.18,7,"1976-2024","Wales"
18,"Boloria selene","Small Pearl-bordered Fritillary",2001,10,1.91,20,"1976-2024","Wales"
18,"Boloria selene","Small Pearl-bordered Fritillary",2002,11,1.3,32,"1976-2024","Wales"
18,"Boloria selene","Small Pearl-bordered Fritillary",2003,11,1.3,32,"1976-2024","Wales"
18,"Boloria selene","Small Pearl-bordered Fritillary",2004,12,1.57,31,"1976-2024","Wales"
18,"Boloria selene","Small Pearl-bordered Fritillary",2005,13,1.81,24,"1976-2024","Wales"
18,"Boloria selene","Small Pearl-bordered Fritillary",2006,15,1.73,29,"1976-2024","Wales"
18,"Boloria selene","Small Pearl-bordered Fritillary",2007,18,1.83,23,"1976-2024","Wales"
18,"Boloria selene","Small Pearl-bordered Fritillary",2008,18,1.8,26,"1976-2024","Wales"
18,"Boloria selene","Small Pearl-bordered Fritillary",2009,17,1.95,17,"1976-2024","Wales"
18,"Boloria selene","Small Pearl-bordered Fritillary",2010,16,2.03,13,"1976-2024","Wales"
18,"Boloria selene","Small Pearl-bordered Fritillary",2011,13,1.94,19,"1976-2024","Wales"
18,"Boloria selene","Small Pearl-bordered Fritillary",2012,15,2.06,10,"1976-2024","Wales"
18,"Boloria selene","Small Pearl-bordered Fritillary",2013,15,2.01,16,"1976-2024","Wales"
18,"Boloria selene","Small Pearl-bordered Fritillary",2014,22,2.08,9,"1976-2024","Wales"
18,"Boloria selene","Small Pearl-bordered Fritillary",2015,22,1.95,17,"1976-2024","Wales"
18,"Boloria selene","Small Pearl-bordered Fritillary",2016,21,1.77,28,"1976-2024","Wales"
18,"Boloria selene","Small Pearl-bordered Fritillary",2017,22,1.81,24,"1976-2024","Wales"
18,"Boloria selene","Small Pearl-bordered Fritillary",2018,22,1.91,20,"1976-2024","Wales"
18,"Boloria selene","Small Pearl-bordered Fritillary",2019,25,2.03,13,"1976-2024","Wales"
18,"Boloria selene","Small Pearl-bordered Fritillary",2020,15,1.79,27,"1976-2024","Wales"
18,"Boloria selene","Small Pearl-bordered Fritillary",2021,18,2.06,10,"1976-2024","Wales"
18,"Boloria selene","Small Pearl-bordered Fritillary",2022,19,2.02,15,"1976-2024","Wales"
18,"Boloria selene","Small Pearl-bordered Fritillary",2023,19,2.04,12,"1976-2024","Wales"
18,"Boloria selene","Small Pearl-bordered Fritillary",2024,19,1.67,30,"1976-2024","Wales"
23,"Callophrys rubi","Green Hairstreak",1993,8,2.25,7,"1976-2024","Wales"
23,"Callophrys rubi","Green Hairstreak",1994,9,1.44,30,"1976-2024","Wales"
23,"Callophrys rubi","Green Hairstreak",1995,9,1.53,29,"1976-2024","Wales"
23,"Callophrys rubi","Green Hairstreak",1996,9,1.9,21,"1976-2024","Wales"
23,"Callophrys rubi","Green Hairstreak",1997,9,1.9,21,"1976-2024","Wales"
23,"Callophrys rubi","Green Hairstreak",1998,8,2.06,14,"1976-2024","Wales"
23,"Callophrys rubi","Green Hairstreak",1999,8,2.06,14,"1976-2024","Wales"
23,"Callophrys rubi","Green Hairstreak",2000,8,1.79,24,"1976-2024","Wales"
23,"Callophrys rubi","Green Hairstreak",2001,7,2.25,7,"1976-2024","Wales"
23,"Callophrys rubi","Green Hairstreak",2002,9,1.65,28,"1976-2024","Wales"
23,"Callophrys rubi","Green Hairstreak",2003,12,1.4,31,"1976-2024","Wales"
23,"Callophrys rubi","Green Hairstreak",2004,10,1.33,32,"1976-2024","Wales"
23,"Callophrys rubi","Green Hairstreak",2005,13,2.05,16,"1976-2024","Wales"
23,"Callophrys rubi","Green Hairstreak",2006,14,1.85,23,"1976-2024","Wales"
23,"Callophrys rubi","Green Hairstreak",2007,16,1.79,24,"1976-2024","Wales"
23,"Callophrys rubi","Green Hairstreak",2008,15,1.95,20,"1976-2024","Wales"
23,"Callophrys rubi","Green Hairstreak",2009,14,2.03,18,"1976-2024","Wales"
23,"Callophrys rubi","Green Hairstreak",2010,15,2.19,12,"1976-2024","Wales"
23,"Callophrys rubi","Green Hairstreak",2011,13,1.7,26,"1976-2024","Wales"
23,"Callophrys rubi","Green Hairstreak",2012,13,1.67,27,"1976-2024","Wales"
23,"Callophrys rubi","Green Hairstreak",2013,14,2.04,17,"1976-2024","Wales"
23,"Callophrys rubi","Green Hairstreak",2014,18,2.54,1,"1976-2024","Wales"
23,"Callophrys rubi","Green Hairstreak",2015,20,2.32,5,"1976-2024","Wales"
23,"Callophrys rubi","Green Hairstreak",2016,20,2.22,10,"1976-2024","Wales"
23,"Callophrys rubi","Green Hairstreak",2017,21,2.31,6,"1976-2024","Wales"
23,"Callophrys rubi","Green Hairstreak",2018,20,2.21,11,"1976-2024","Wales"
23,"Callophrys rubi","Green Hairstreak",2019,21,2.36,4,"1976-2024","Wales"
23,"Callophrys rubi","Green Hairstreak",2020,14,2.4,2,"1976-2024","Wales"
23,"Callophrys rubi","Green Hairstreak",2021,19,2,19,"1976-2024","Wales"
23,"Callophrys rubi","Green Hairstreak",2022,17,2.39,3,"1976-2024","Wales"
23,"Callophrys rubi","Green Hairstreak",2023,19,2.23,9,"1976-2024","Wales"
23,"Callophrys rubi","Green Hairstreak",2024,21,2.19,12,"1976-2024","Wales"
27,"Celastrina argiolus","Holly Blue",1999,10,2.61,1,"1976-2024","Wales"
27,"Celastrina argiolus","Holly Blue",2000,11,2.36,4,"1976-2024","Wales"
27,"Celastrina argiolus","Holly Blue",2001,11,1.31,26,"1976-2024","Wales"
27,"Celastrina argiolus","Holly Blue",2002,16,1.65,24,"1976-2024","Wales"
27,"Celastrina argiolus","Holly Blue",2003,18,1.92,16,"1976-2024","Wales"
27,"Celastrina argiolus","Holly Blue",2004,19,2.43,2,"1976-2024","Wales"
27,"Celastrina argiolus","Holly Blue",2005,22,1.75,22,"1976-2024","Wales"
27,"Celastrina argiolus","Holly Blue",2006,25,2.08,12,"1976-2024","Wales"
27,"Celastrina argiolus","Holly Blue",2007,38,2.16,8,"1976-2024","Wales"
27,"Celastrina argiolus","Holly Blue",2008,31,2.19,5,"1976-2024","Wales"
27,"Celastrina argiolus","Holly Blue",2009,35,1.67,23,"1976-2024","Wales"
27,"Celastrina argiolus","Holly Blue",2010,39,1.93,15,"1976-2024","Wales"
27,"Celastrina argiolus","Holly Blue",2011,33,1.92,16,"1976-2024","Wales"
27,"Celastrina argiolus","Holly Blue",2012,31,1.82,20,"1976-2024","Wales"
27,"Celastrina argiolus","Holly Blue",2013,38,1.51,25,"1976-2024","Wales"
27,"Celastrina argiolus","Holly Blue",2014,45,1.89,18,"1976-2024","Wales"
27,"Celastrina argiolus","Holly Blue",2015,52,2.03,13,"1976-2024","Wales"
27,"Celastrina argiolus","Holly Blue",2016,54,1.8,21,"1976-2024","Wales"
27,"Celastrina argiolus","Holly Blue",2017,56,2.19,5,"1976-2024","Wales"
27,"Celastrina argiolus","Holly Blue",2018,52,2.19,5,"1976-2024","Wales"
27,"Celastrina argiolus","Holly Blue",2019,49,2.09,10,"1976-2024","Wales"
27,"Celastrina argiolus","Holly Blue",2020,33,2.16,8,"1976-2024","Wales"
27,"Celastrina argiolus","Holly Blue",2021,49,1.99,14,"1976-2024","Wales"
27,"Celastrina argiolus","Holly Blue",2022,50,2.09,10,"1976-2024","Wales"
27,"Celastrina argiolus","Holly Blue",2023,56,2.42,3,"1976-2024","Wales"
27,"Celastrina argiolus","Holly Blue",2024,56,1.84,19,"1976-2024","Wales"
29,"Coenonympha pamphilus","Small Heath",1976,6,2.08,15,"1976-2024","Wales"
29,"Coenonympha pamphilus","Small Heath",1977,10,2.16,7,"1976-2024","Wales"
29,"Coenonympha pamphilus","Small Heath",1978,10,1.88,36,"1976-2024","Wales"
29,"Coenonympha pamphilus","Small Heath",1979,12,1.87,38,"1976-2024","Wales"
29,"Coenonympha pamphilus","Small Heath",1980,10,1.86,41,"1976-2024","Wales"
29,"Coenonympha pamphilus","Small Heath",1981,10,1.88,36,"1976-2024","Wales"
29,"Coenonympha pamphilus","Small Heath",1982,9,2.17,5,"1976-2024","Wales"
29,"Coenonympha pamphilus","Small Heath",1983,11,2.07,17,"1976-2024","Wales"
29,"Coenonympha pamphilus","Small Heath",1984,9,2.17,5,"1976-2024","Wales"
29,"Coenonympha pamphilus","Small Heath",1985,9,1.95,29,"1976-2024","Wales"
29,"Coenonympha pamphilus","Small Heath",1986,7,1.9,34,"1976-2024","Wales"
29,"Coenonympha pamphilus","Small Heath",1987,8,1.95,29,"1976-2024","Wales"
29,"Coenonympha pamphilus","Small Heath",1988,7,1.89,35,"1976-2024","Wales"
29,"Coenonympha pamphilus","Small Heath",1989,6,2.22,3,"1976-2024","Wales"
29,"Coenonympha pamphilus","Small Heath",1990,7,2.21,4,"1976-2024","Wales"
29,"Coenonympha pamphilus","Small Heath",1991,8,1.87,38,"1976-2024","Wales"
29,"Coenonympha pamphilus","Small Heath",1992,9,1.91,33,"1976-2024","Wales"
29,"Coenonympha pamphilus","Small Heath",1993,12,1.83,44,"1976-2024","Wales"
29,"Coenonympha pamphilus","Small Heath",1994,12,1.82,46,"1976-2024","Wales"
29,"Coenonympha pamphilus","Small Heath",1995,15,2.09,14,"1976-2024","Wales"
29,"Coenonympha pamphilus","Small Heath",1996,15,2.31,2,"1976-2024","Wales"
29,"Coenonympha pamphilus","Small Heath",1997,16,2.32,1,"1976-2024","Wales"
29,"Coenonympha pamphilus","Small Heath",1998,14,2,25,"1976-2024","Wales"
29,"Coenonympha pamphilus","Small Heath",1999,15,2,25,"1976-2024","Wales"
29,"Coenonympha pamphilus","Small Heath",2000,16,2.02,21,"1976-2024","Wales"
29,"Coenonympha pamphilus","Small Heath",2001,14,2.02,21,"1976-2024","Wales"
29,"Coenonympha pamphilus","Small Heath",2002,20,1.87,38,"1976-2024","Wales"
29,"Coenonympha pamphilus","Small Heath",2003,21,2.02,21,"1976-2024","Wales"
29,"Coenonympha pamphilus","Small Heath",2004,22,2.11,10,"1976-2024","Wales"
29,"Coenonympha pamphilus","Small Heath",2005,25,2.1,12,"1976-2024","Wales"
29,"Coenonympha pamphilus","Small Heath",2006,29,2,25,"1976-2024","Wales"
29,"Coenonympha pamphilus","Small Heath",2007,54,1.92,32,"1976-2024","Wales"
29,"Coenonympha pamphilus","Small Heath",2008,43,1.86,41,"1976-2024","Wales"
29,"Coenonympha pamphilus","Small Heath",2009,50,1.94,31,"1976-2024","Wales"
29,"Coenonympha pamphilus","Small Heath",2010,46,2.12,8,"1976-2024","Wales"
29,"Coenonympha pamphilus","Small Heath",2011,42,2.08,15,"1976-2024","Wales"
29,"Coenonympha pamphilus","Small Heath",2012,50,1.98,28,"1976-2024","Wales"
29,"Coenonympha pamphilus","Small Heath",2013,57,2.11,10,"1976-2024","Wales"
29,"Coenonympha pamphilus","Small Heath",2014,64,2.12,8,"1976-2024","Wales"
29,"Coenonympha pamphilus","Small Heath",2015,61,2.07,17,"1976-2024","Wales"
29,"Coenonympha pamphilus","Small Heath",2016,61,1.78,48,"1976-2024","Wales"
29,"Coenonympha pamphilus","Small Heath",2017,65,1.8,47,"1976-2024","Wales"
29,"Coenonympha pamphilus","Small Heath",2018,70,2.1,12,"1976-2024","Wales"
29,"Coenonympha pamphilus","Small Heath",2019,65,2.07,17,"1976-2024","Wales"
29,"Coenonympha pamphilus","Small Heath",2020,40,1.83,44,"1976-2024","Wales"
29,"Coenonympha pamphilus","Small Heath",2021,56,2.07,17,"1976-2024","Wales"
29,"Coenonympha pamphilus","Small Heath",2022,56,1.85,43,"1976-2024","Wales"
29,"Coenonympha pamphilus","Small Heath",2023,64,2.01,24,"1976-2024","Wales"
29,"Coenonympha pamphilus","Small Heath",2024,68,1.74,49,"1976-2024","Wales"
46,"Erynnis tages","Dingy Skipper",2004,10,2.34,2,"1976-2024","Wales"
46,"Erynnis tages","Dingy Skipper",2005,12,1.98,12,"1976-2024","Wales"
46,"Erynnis tages","Dingy Skipper",2006,13,1.93,14,"1976-2024","Wales"
46,"Erynnis tages","Dingy Skipper",2007,16,1.81,18,"1976-2024","Wales"
46,"Erynnis tages","Dingy Skipper",2008,14,2.05,9,"1976-2024","Wales"
46,"Erynnis tages","Dingy Skipper",2009,15,2.02,10,"1976-2024","Wales"
46,"Erynnis tages","Dingy Skipper",2010,16,1.86,15,"1976-2024","Wales"
46,"Erynnis tages","Dingy Skipper",2011,13,2.2,6,"1976-2024","Wales"
46,"Erynnis tages","Dingy Skipper",2012,13,2.14,7,"1976-2024","Wales"
46,"Erynnis tages","Dingy Skipper",2013,16,2.01,11,"1976-2024","Wales"
46,"Erynnis tages","Dingy Skipper",2014,22,2.31,3,"1976-2024","Wales"
46,"Erynnis tages","Dingy Skipper",2015,23,2.5,1,"1976-2024","Wales"
46,"Erynnis tages","Dingy Skipper",2016,29,2.3,4,"1976-2024","Wales"
46,"Erynnis tages","Dingy Skipper",2017,29,1.97,13,"1976-2024","Wales"
46,"Erynnis tages","Dingy Skipper",2018,28,1.86,15,"1976-2024","Wales"
46,"Erynnis tages","Dingy Skipper",2019,28,2.23,5,"1976-2024","Wales"
46,"Erynnis tages","Dingy Skipper",2020,19,2.11,8,"1976-2024","Wales"
46,"Erynnis tages","Dingy Skipper",2021,28,1.72,19,"1976-2024","Wales"
46,"Erynnis tages","Dingy Skipper",2022,26,1.82,17,"1976-2024","Wales"
46,"Erynnis tages","Dingy Skipper",2023,28,1.58,20,"1976-2024","Wales"
46,"Erynnis tages","Dingy Skipper",2024,27,1.28,21,"1976-2024","Wales"
50,"Euphydryas aurinia","Marsh Fritillary",1990,6,2.24,11,"1976-2024","Wales"
50,"Euphydryas aurinia","Marsh Fritillary",1991,15,2.45,5,"1976-2024","Wales"
50,"Euphydryas aurinia","Marsh Fritillary",1992,13,2.42,7,"1976-2024","Wales"
50,"Euphydryas aurinia","Marsh Fritillary",1993,27,2.44,6,"1976-2024","Wales"
50,"Euphydryas aurinia","Marsh Fritillary",1994,25,2.5,3,"1976-2024","Wales"
50,"Euphydryas aurinia","Marsh Fritillary",1995,27,1.61,29,"1976-2024","Wales"
50,"Euphydryas aurinia","Marsh Fritillary",1996,23,2.13,14,"1976-2024","Wales"
50,"Euphydryas aurinia","Marsh Fritillary",1997,38,1.82,25,"1976-2024","Wales"
50,"Euphydryas aurinia","Marsh Fritillary",1998,29,1.82,25,"1976-2024","Wales"
50,"Euphydryas aurinia","Marsh Fritillary",1999,29,2.35,8,"1976-2024","Wales"
50,"Euphydryas aurinia","Marsh Fritillary",2000,23,2.62,1,"1976-2024","Wales"
50,"Euphydryas aurinia","Marsh Fritillary",2001,19,2.6,2,"1976-2024","Wales"
50,"Euphydryas aurinia","Marsh Fritillary",2002,22,1.9,20,"1976-2024","Wales"
50,"Euphydryas aurinia","Marsh Fritillary",2003,14,1.56,30,"1976-2024","Wales"
50,"Euphydryas aurinia","Marsh Fritillary",2004,16,1.97,19,"1976-2024","Wales"
50,"Euphydryas aurinia","Marsh Fritillary",2005,20,2.25,10,"1976-2024","Wales"
50,"Euphydryas aurinia","Marsh Fritillary",2006,14,2.49,4,"1976-2024","Wales"
50,"Euphydryas aurinia","Marsh Fritillary",2007,17,1.55,31,"1976-2024","Wales"
50,"Euphydryas aurinia","Marsh Fritillary",2008,19,0.98,35,"1976-2024","Wales"
50,"Euphydryas aurinia","Marsh Fritillary",2009,22,1.45,34,"1976-2024","Wales"
50,"Euphydryas aurinia","Marsh Fritillary",2010,21,2.04,17,"1976-2024","Wales"
50,"Euphydryas aurinia","Marsh Fritillary",2011,24,1.7,28,"1976-2024","Wales"
50,"Euphydryas aurinia","Marsh Fritillary",2012,23,1.54,32,"1976-2024","Wales"
50,"Euphydryas aurinia","Marsh Fritillary",2013,22,2.13,14,"1976-2024","Wales"
50,"Euphydryas aurinia","Marsh Fritillary",2014,28,2.26,9,"1976-2024","Wales"
50,"Euphydryas aurinia","Marsh Fritillary",2015,28,2.15,13,"1976-2024","Wales"
50,"Euphydryas aurinia","Marsh Fritillary",2016,28,1.84,24,"1976-2024","Wales"
50,"Euphydryas aurinia","Marsh Fritillary",2017,31,1.86,23,"1976-2024","Wales"
50,"Euphydryas aurinia","Marsh Fritillary",2018,27,2.13,14,"1976-2024","Wales"
50,"Euphydryas aurinia","Marsh Fritillary",2019,29,2.18,12,"1976-2024","Wales"
50,"Euphydryas aurinia","Marsh Fritillary",2020,24,1.75,27,"1976-2024","Wales"
50,"Euphydryas aurinia","Marsh Fritillary",2021,17,2.01,18,"1976-2024","Wales"
50,"Euphydryas aurinia","Marsh Fritillary",2022,21,1.89,21,"1976-2024","Wales"
50,"Euphydryas aurinia","Marsh Fritillary",2023,16,1.89,21,"1976-2024","Wales"
50,"Euphydryas aurinia","Marsh Fritillary",2024,17,1.49,33,"1976-2024","Wales"
13,"Fabriciana adippe","High Brown Fritillary",1995,6,2.0600000000000001,11,"1976-2024","Wales"
13,"Fabriciana adippe","High Brown Fritillary",1996,7,2.5299999999999998,1,"1976-2024","Wales"
13,"Fabriciana adippe","High Brown Fritillary",1997,7,2.1800000000000002,8,"1976-2024","Wales"
13,"Fabriciana adippe","High Brown Fritillary",1998,7,1.8300000000000001,16,"1976-2024","Wales"
13,"Fabriciana adippe","High Brown Fritillary",2000,5,1.6100000000000001,19,"1976-2024","Wales"
13,"Fabriciana adippe","High Brown Fritillary",2002,4,1.75,17,"1976-2024","Wales"
13,"Fabriciana adippe","High Brown Fritillary",2010,9,2.21,7,"1976-2024","Wales"
13,"Fabriciana adippe","High Brown Fritillary",2011,9,2.25,5,"1976-2024","Wales"
13,"Fabriciana adippe","High Brown Fritillary",2012,9,1.3300000000000001,20,"1976-2024","Wales"
13,"Fabriciana adippe","High Brown Fritillary",2013,9,2.3700000000000001,3,"1976-2024","Wales"
13,"Fabriciana adippe","High Brown Fritillary",2014,9,2.25,5,"1976-2024","Wales"
13,"Fabriciana adippe","High Brown Fritillary",2015,9,2.3900000000000001,2,"1976-2024","Wales"
13,"Fabriciana adippe","High Brown Fritillary",2016,9,2.1200000000000001,9,"1976-2024","Wales"
13,"Fabriciana adippe","High Brown Fritillary",2017,9,1.9099999999999999,14,"1976-2024","Wales"
13,"Fabriciana adippe","High Brown Fritillary",2018,10,1.6799999999999999,18,"1976-2024","Wales"
13,"Fabriciana adippe","High Brown Fritillary",2019,10,2.1000000000000001,10,"1976-2024","Wales"
13,"Fabriciana adippe","High Brown Fritillary",2020,10,2.29,4,"1976-2024","Wales"
13,"Fabriciana adippe","High Brown Fritillary",2021,10,2.0600000000000001,11,"1976-2024","Wales"
13,"Fabriciana adippe","High Brown Fritillary",2022,10,2.02,13,"1976-2024","Wales"
13,"Fabriciana adippe","High Brown Fritillary",2023,10,1.8600000000000001,15,"1976-2024","Wales"
13,"Fabriciana adippe","High Brown Fritillary",2024,10,1.22,21,"1976-2024","Wales"
116,"Favonius quercus","Purple Hairstreak",2002,7,2.04,12,"1976-2024","Wales"
116,"Favonius quercus","Purple Hairstreak",2003,8,2.01,13,"1976-2024","Wales"
116,"Favonius quercus","Purple Hairstreak",2004,8,2.36,4,"1976-2024","Wales"
116,"Favonius quercus","Purple Hairstreak",2005,9,2.31,7,"1976-2024","Wales"
116,"Favonius quercus","Purple Hairstreak",2006,9,2.33,6,"1976-2024","Wales"
116,"Favonius quercus","Purple Hairstreak",2007,11,2.3,9,"1976-2024","Wales"
116,"Favonius quercus","Purple Hairstreak",2008,9,2.17,10,"1976-2024","Wales"
116,"Favonius quercus","Purple Hairstreak",2009,8,2.58,1,"1976-2024","Wales"
116,"Favonius quercus","Purple Hairstreak",2010,10,2.48,2,"1976-2024","Wales"
116,"Favonius quercus","Purple Hairstreak",2011,10,1.67,18,"1976-2024","Wales"
116,"Favonius quercus","Purple Hairstreak",2012,9,1.33,23,"1976-2024","Wales"
116,"Favonius quercus","Purple Hairstreak",2013,11,2.34,5,"1976-2024","Wales"
116,"Favonius quercus","Purple Hairstreak",2014,13,2.43,3,"1976-2024","Wales"
116,"Favonius quercus","Purple Hairstreak",2015,15,1.86,15,"1976-2024","Wales"
116,"Favonius quercus","Purple Hairstreak",2016,14,1.64,19,"1976-2024","Wales"
116,"Favonius quercus","Purple Hairstreak",2017,14,2.31,7,"1976-2024","Wales"
116,"Favonius quercus","Purple Hairstreak",2018,16,2.07,11,"1976-2024","Wales"
116,"Favonius quercus","Purple Hairstreak",2019,16,1.8,16,"1976-2024","Wales"
116,"Favonius quercus","Purple Hairstreak",2020,11,1.72,17,"1976-2024","Wales"
116,"Favonius quercus","Purple Hairstreak",2021,17,1.39,22,"1976-2024","Wales"
116,"Favonius quercus","Purple Hairstreak",2022,15,1.55,20,"1976-2024","Wales"
116,"Favonius quercus","Purple Hairstreak",2023,14,1.9,14,"1976-2024","Wales"
116,"Favonius quercus","Purple Hairstreak",2024,16,1.42,21,"1976-2024","Wales"
54,"Gonepteryx rhamni","Brimstone",1998,7,1.93,21,"1976-2024","Wales"
54,"Gonepteryx rhamni","Brimstone",1999,8,1.97,16,"1976-2024","Wales"
54,"Gonepteryx rhamni","Brimstone",2000,8,2.11,6,"1976-2024","Wales"
54,"Gonepteryx rhamni","Brimstone",2001,10,1.61,27,"1976-2024","Wales"
54,"Gonepteryx rhamni","Brimstone",2002,13,2.18,4,"1976-2024","Wales"
54,"Gonepteryx rhamni","Brimstone",2003,13,1.98,15,"1976-2024","Wales"
54,"Gonepteryx rhamni","Brimstone",2004,16,2.05,10,"1976-2024","Wales"
54,"Gonepteryx rhamni","Brimstone",2005,18,1.93,21,"1976-2024","Wales"
54,"Gonepteryx rhamni","Brimstone",2006,21,1.97,16,"1976-2024","Wales"
54,"Gonepteryx rhamni","Brimstone",2007,28,1.99,13,"1976-2024","Wales"
54,"Gonepteryx rhamni","Brimstone",2008,28,1.79,26,"1976-2024","Wales"
54,"Gonepteryx rhamni","Brimstone",2009,28,1.96,18,"1976-2024","Wales"
54,"Gonepteryx rhamni","Brimstone",2010,26,1.86,24,"1976-2024","Wales"
54,"Gonepteryx rhamni","Brimstone",2011,25,1.8,25,"1976-2024","Wales"
54,"Gonepteryx rhamni","Brimstone",2012,23,1.9,23,"1976-2024","Wales"
54,"Gonepteryx rhamni","Brimstone",2013,28,1.95,19,"1976-2024","Wales"
54,"Gonepteryx rhamni","Brimstone",2014,36,2.09,8,"1976-2024","Wales"
54,"Gonepteryx rhamni","Brimstone",2015,40,2.04,11,"1976-2024","Wales"
54,"Gonepteryx rhamni","Brimstone",2016,41,2.01,12,"1976-2024","Wales"
54,"Gonepteryx rhamni","Brimstone",2017,44,1.99,13,"1976-2024","Wales"
54,"Gonepteryx rhamni","Brimstone",2018,47,2.12,5,"1976-2024","Wales"
54,"Gonepteryx rhamni","Brimstone",2019,43,2.26,1,"1976-2024","Wales"
54,"Gonepteryx rhamni","Brimstone",2020,24,2.2,2,"1976-2024","Wales"
54,"Gonepteryx rhamni","Brimstone",2021,41,1.94,20,"1976-2024","Wales"
54,"Gonepteryx rhamni","Brimstone",2022,43,2.1,7,"1976-2024","Wales"
54,"Gonepteryx rhamni","Brimstone",2023,45,2.2,2,"1976-2024","Wales"
54,"Gonepteryx rhamni","Brimstone",2024,49,2.08,9,"1976-2024","Wales"
48,"Hipparchia semele","Grayling",1976,5,2.91,2,"1976-2024","Wales"
48,"Hipparchia semele","Grayling",1977,7,2.58,7,"1976-2024","Wales"
48,"Hipparchia semele","Grayling",1978,8,2.36,13,"1976-2024","Wales"
48,"Hipparchia semele","Grayling",1979,9,2.34,14,"1976-2024","Wales"
48,"Hipparchia semele","Grayling",1980,9,2.5,9,"1976-2024","Wales"
48,"Hipparchia semele","Grayling",1981,9,2.53,8,"1976-2024","Wales"
48,"Hipparchia semele","Grayling",1982,8,3.03,1,"1976-2024","Wales"
48,"Hipparchia semele","Grayling",1983,10,2.67,5,"1976-2024","Wales"
48,"Hipparchia semele","Grayling",1984,8,2.88,3,"1976-2024","Wales"
48,"Hipparchia semele","Grayling",1985,8,2.43,11,"1976-2024","Wales"
48,"Hipparchia semele","Grayling",1986,7,2.27,15,"1976-2024","Wales"
48,"Hipparchia semele","Grayling",1987,7,2.06,20,"1976-2024","Wales"
48,"Hipparchia semele","Grayling",1988,7,2.11,19,"1976-2024","Wales"
48,"Hipparchia semele","Grayling",1989,6,2.74,4,"1976-2024","Wales"
48,"Hipparchia semele","Grayling",1990,6,2.67,5,"1976-2024","Wales"
48,"Hipparchia semele","Grayling",1991,7,2.43,11,"1976-2024","Wales"
48,"Hipparchia semele","Grayling",1992,7,2.5,9,"1976-2024","Wales"
48,"Hipparchia semele","Grayling",1993,8,2.24,17,"1976-2024","Wales"
48,"Hipparchia semele","Grayling",1994,7,2.21,18,"1976-2024","Wales"
48,"Hipparchia semele","Grayling",1995,9,1.86,26,"1976-2024","Wales"
48,"Hipparchia semele","Grayling",1996,8,1.7,32,"1976-2024","Wales"
48,"Hipparchia semele","Grayling",1997,9,1.84,28,"1976-2024","Wales"
48,"Hipparchia semele","Grayling",1998,8,1.26,49,"1976-2024","Wales"
48,"Hipparchia semele","Grayling",1999,9,1.64,36,"1976-2024","Wales"
48,"Hipparchia semele","Grayling",2000,9,1.55,42,"1976-2024","Wales"
48,"Hipparchia semele","Grayling",2001,10,1.47,46,"1976-2024","Wales"
48,"Hipparchia semele","Grayling",2002,12,1.56,39,"1976-2024","Wales"
48,"Hipparchia semele","Grayling",2003,13,1.53,45,"1976-2024","Wales"
48,"Hipparchia semele","Grayling",2004,14,1.57,37,"1976-2024","Wales"
48,"Hipparchia semele","Grayling",2005,15,1.98,21,"1976-2024","Wales"
48,"Hipparchia semele","Grayling",2006,16,1.88,25,"1976-2024","Wales"
48,"Hipparchia semele","Grayling",2007,21,1.66,34,"1976-2024","Wales"
48,"Hipparchia semele","Grayling",2008,18,1.57,37,"1976-2024","Wales"
48,"Hipparchia semele","Grayling",2009,22,1.56,39,"1976-2024","Wales"
48,"Hipparchia semele","Grayling",2010,24,1.97,22,"1976-2024","Wales"
48,"Hipparchia semele","Grayling",2011,20,1.8,29,"1976-2024","Wales"
48,"Hipparchia semele","Grayling",2012,21,1.56,39,"1976-2024","Wales"
48,"Hipparchia semele","Grayling",2013,21,2.27,15,"1976-2024","Wales"
48,"Hipparchia semele","Grayling",2014,29,1.94,23,"1976-2024","Wales"
48,"Hipparchia semele","Grayling",2015,31,1.68,33,"1976-2024","Wales"
48,"Hipparchia semele","Grayling",2016,36,1.55,42,"1976-2024","Wales"
48,"Hipparchia semele","Grayling",2017,37,1.55,42,"1976-2024","Wales"
48,"Hipparchia semele","Grayling",2018,37,1.9,24,"1976-2024","Wales"
48,"Hipparchia semele","Grayling",2019,39,1.66,34,"1976-2024","Wales"
48,"Hipparchia semele","Grayling",2020,23,1.32,48,"1976-2024","Wales"
48,"Hipparchia semele","Grayling",2021,30,1.72,30,"1976-2024","Wales"
48,"Hipparchia semele","Grayling",2022,33,1.86,26,"1976-2024","Wales"
48,"Hipparchia semele","Grayling",2023,33,1.72,30,"1976-2024","Wales"
48,"Hipparchia semele","Grayling",2024,30,1.46,47,"1976-2024","Wales"
94,"Lasiommata megera","Wall",1976,6,2.51,2,"1976-2024","Wales"
94,"Lasiommata megera","Wall",1977,8,2.06,17,"1976-2024","Wales"
94,"Lasiommata megera","Wall",1978,9,2.03,20,"1976-2024","Wales"
94,"Lasiommata megera","Wall",1979,12,2.15,12,"1976-2024","Wales"
94,"Lasiommata megera","Wall",1980,10,2.01,24,"1976-2024","Wales"
94,"Lasiommata megera","Wall",1981,10,2.17,9,"1976-2024","Wales"
94,"Lasiommata megera","Wall",1982,9,2.31,5,"1976-2024","Wales"
94,"Lasiommata megera","Wall",1983,10,2.04,18,"1976-2024","Wales"
94,"Lasiommata megera","Wall",1984,8,2.03,20,"1976-2024","Wales"
94,"Lasiommata megera","Wall",1985,8,1.77,41,"1976-2024","Wales"
94,"Lasiommata megera","Wall",1986,6,1.99,25,"1976-2024","Wales"
94,"Lasiommata megera","Wall",1987,7,1.98,26,"1976-2024","Wales"
94,"Lasiommata megera","Wall",1988,6,2.22,7,"1976-2024","Wales"
94,"Lasiommata megera","Wall",1989,5,2.52,1,"1976-2024","Wales"
94,"Lasiommata megera","Wall",1990,6,2.47,3,"1976-2024","Wales"
94,"Lasiommata megera","Wall",1991,7,2.16,10,"1976-2024","Wales"
94,"Lasiommata megera","Wall",1992,8,2.16,10,"1976-2024","Wales"
94,"Lasiommata megera","Wall",1993,11,1.92,34,"1976-2024","Wales"
94,"Lasiommata megera","Wall",1994,12,1.73,44,"1976-2024","Wales"
94,"Lasiommata megera","Wall",1995,15,1.95,30,"1976-2024","Wales"
94,"Lasiommata megera","Wall",1996,14,2.09,14,"1976-2024","Wales"
94,"Lasiommata megera","Wall",1997,15,1.93,33,"1976-2024","Wales"
94,"Lasiommata megera","Wall",1998,12,2.29,6,"1976-2024","Wales"
94,"Lasiommata megera","Wall",1999,13,2.19,8,"1976-2024","Wales"
94,"Lasiommata megera","Wall",2000,15,2.15,12,"1976-2024","Wales"
94,"Lasiommata megera","Wall",2001,15,1.94,31,"1976-2024","Wales"
94,"Lasiommata megera","Wall",2002,22,1.8,39,"1976-2024","Wales"
94,"Lasiommata megera","Wall",2003,25,1.96,28,"1976-2024","Wales"
94,"Lasiommata megera","Wall",2004,26,2.07,15,"1976-2024","Wales"
94,"Lasiommata megera","Wall",2005,27,2.03,20,"1976-2024","Wales"
94,"Lasiommata megera","Wall",2006,29,2.04,18,"1976-2024","Wales"
94,"Lasiommata megera","Wall",2007,36,1.7,46,"1976-2024","Wales"
94,"Lasiommata megera","Wall",2008,34,1.64,47,"1976-2024","Wales"
94,"Lasiommata megera","Wall",2009,44,2.02,23,"1976-2024","Wales"
94,"Lasiommata megera","Wall",2010,46,2.07,15,"1976-2024","Wales"
94,"Lasiommata megera","Wall",2011,42,1.85,38,"1976-2024","Wales"
94,"Lasiommata megera","Wall",2012,40,1.77,41,"1976-2024","Wales"
94,"Lasiommata megera","Wall",2013,46,2.41,4,"1976-2024","Wales"
94,"Lasiommata megera","Wall",2014,56,1.94,31,"1976-2024","Wales"
94,"Lasiommata megera","Wall",2015,53,1.79,40,"1976-2024","Wales"
94,"Lasiommata megera","Wall",2016,55,1.48,49,"1976-2024","Wales"
94,"Lasiommata megera","Wall",2017,58,1.75,43,"1976-2024","Wales"
94,"Lasiommata megera","Wall",2018,58,1.98,26,"1976-2024","Wales"
94,"Lasiommata megera","Wall",2019,59,1.96,28,"1976-2024","Wales"
94,"Lasiommata megera","Wall",2020,36,1.55,48,"1976-2024","Wales"
94,"Lasiommata megera","Wall",2021,54,1.87,37,"1976-2024","Wales"
94,"Lasiommata megera","Wall",2022,49,1.9,36,"1976-2024","Wales"
94,"Lasiommata megera","Wall",2023,54,1.92,34,"1976-2024","Wales"
94,"Lasiommata megera","Wall",2024,59,1.72,45,"1976-2024","Wales"
68,"Lycaena phlaeas","Small Copper",1976,6,2.8,1,"1976-2024","Wales"
68,"Lycaena phlaeas","Small Copper",1977,9,1.62,46,"1976-2024","Wales"
68,"Lycaena phlaeas","Small Copper",1978,9,1.97,25,"1976-2024","Wales"
68,"Lycaena phlaeas","Small Copper",1979,11,2.4,6,"1976-2024","Wales"
68,"Lycaena phlaeas","Small Copper",1980,10,2.14,13,"1976-2024","Wales"
68,"Lycaena phlaeas","Small Copper",1981,10,1.97,25,"1976-2024","Wales"
68,"Lycaena phlaeas","Small Copper",1982,9,2.43,4,"1976-2024","Wales"
68,"Lycaena phlaeas","Small Copper",1983,11,2.03,22,"1976-2024","Wales"
68,"Lycaena phlaeas","Small Copper",1984,9,2.47,3,"1976-2024","Wales"
68,"Lycaena phlaeas","Small Copper",1985,9,1.55,48,"1976-2024","Wales"
68,"Lycaena phlaeas","Small Copper",1986,7,1.99,23,"1976-2024","Wales"
68,"Lycaena phlaeas","Small Copper",1987,8,2.5,2,"1976-2024","Wales"
68,"Lycaena phlaeas","Small Copper",1988,7,2.11,16,"1976-2024","Wales"
68,"Lycaena phlaeas","Small Copper",1989,6,2.41,5,"1976-2024","Wales"
68,"Lycaena phlaeas","Small Copper",1990,7,1.9,31,"1976-2024","Wales"
68,"Lycaena phlaeas","Small Copper",1991,7,1.99,23,"1976-2024","Wales"
68,"Lycaena phlaeas","Small Copper",1992,8,2.27,8,"1976-2024","Wales"
68,"Lycaena phlaeas","Small Copper",1993,12,1.85,36,"1976-2024","Wales"
68,"Lycaena phlaeas","Small Copper",1994,12,1.56,47,"1976-2024","Wales"
68,"Lycaena phlaeas","Small Copper",1995,15,2.33,7,"1976-2024","Wales"
68,"Lycaena phlaeas","Small Copper",1996,14,2.12,14,"1976-2024","Wales"
68,"Lycaena phlaeas","Small Copper",1997,15,2.12,14,"1976-2024","Wales"
68,"Lycaena phlaeas","Small Copper",1998,12,1.77,41,"1976-2024","Wales"
68,"Lycaena phlaeas","Small Copper",1999,13,1.83,38,"1976-2024","Wales"
68,"Lycaena phlaeas","Small Copper",2000,15,1.66,45,"1976-2024","Wales"
68,"Lycaena phlaeas","Small Copper",2001,15,1.86,35,"1976-2024","Wales"
68,"Lycaena phlaeas","Small Copper",2002,22,1.87,34,"1976-2024","Wales"
68,"Lycaena phlaeas","Small Copper",2003,25,2.1,17,"1976-2024","Wales"
68,"Lycaena phlaeas","Small Copper",2004,28,2.15,12,"1976-2024","Wales"
68,"Lycaena phlaeas","Small Copper",2005,31,1.97,25,"1976-2024","Wales"
68,"Lycaena phlaeas","Small Copper",2006,33,2.16,10,"1976-2024","Wales"
68,"Lycaena phlaeas","Small Copper",2007,47,1.89,32,"1976-2024","Wales"
68,"Lycaena phlaeas","Small Copper",2008,43,1.69,42,"1976-2024","Wales"
68,"Lycaena phlaeas","Small Copper",2009,61,1.89,32,"1976-2024","Wales"
68,"Lycaena phlaeas","Small Copper",2010,61,2.16,10,"1976-2024","Wales"
68,"Lycaena phlaeas","Small Copper",2011,52,2.1,17,"1976-2024","Wales"
68,"Lycaena phlaeas","Small Copper",2012,57,1.69,42,"1976-2024","Wales"
68,"Lycaena phlaeas","Small Copper",2013,65,2.1,17,"1976-2024","Wales"
68,"Lycaena phlaeas","Small Copper",2014,70,1.96,28,"1976-2024","Wales"
68,"Lycaena phlaeas","Small Copper",2015,71,1.84,37,"1976-2024","Wales"
68,"Lycaena phlaeas","Small Copper",2016,75,1.68,44,"1976-2024","Wales"
68,"Lycaena phlaeas","Small Copper",2017,77,1.8,39,"1976-2024","Wales"
68,"Lycaena phlaeas","Small Copper",2018,79,2.25,9,"1976-2024","Wales"
68,"Lycaena phlaeas","Small Copper",2019,76,2.06,20,"1976-2024","Wales"
68,"Lycaena phlaeas","Small Copper",2020,46,1.78,40,"1976-2024","Wales"
68,"Lycaena phlaeas","Small Copper",2021,70,1.92,30,"1976-2024","Wales"
68,"Lycaena phlaeas","Small Copper",2022,68,1.95,29,"1976-2024","Wales"
68,"Lycaena phlaeas","Small Copper",2023,73,2.05,21,"1976-2024","Wales"
68,"Lycaena phlaeas","Small Copper",2024,76,1.33,49,"1976-2024","Wales"
75,"Maniola jurtina","Meadow Brown",1976,6,1.85,43,"1976-2024","Wales"
75,"Maniola jurtina","Meadow Brown",1977,10,1.88,40,"1976-2024","Wales"
75,"Maniola jurtina","Meadow Brown",1978,10,1.62,49,"1976-2024","Wales"
75,"Maniola jurtina","Meadow Brown",1979,12,1.82,45,"1976-2024","Wales"
75,"Maniola jurtina","Meadow Brown",1980,10,1.91,33,"1976-2024","Wales"
75,"Maniola jurtina","Meadow Brown",1981,10,2.01,23,"1976-2024","Wales"
75,"Maniola jurtina","Meadow Brown",1982,9,2.38,1,"1976-2024","Wales"
75,"Maniola jurtina","Meadow Brown",1983,11,2.31,2,"1976-2024","Wales"
75,"Maniola jurtina","Meadow Brown",1984,9,2.27,3,"1976-2024","Wales"
75,"Maniola jurtina","Meadow Brown",1985,9,2.04,21,"1976-2024","Wales"
75,"Maniola jurtina","Meadow Brown",1986,7,1.75,47,"1976-2024","Wales"
75,"Maniola jurtina","Meadow Brown",1987,8,1.89,38,"1976-2024","Wales"
75,"Maniola jurtina","Meadow Brown",1988,7,1.89,38,"1976-2024","Wales"
75,"Maniola jurtina","Meadow Brown",1989,6,1.92,31,"1976-2024","Wales"
75,"Maniola jurtina","Meadow Brown",1990,7,2,27,"1976-2024","Wales"
75,"Maniola jurtina","Meadow Brown",1991,8,2.1,12,"1976-2024","Wales"
75,"Maniola jurtina","Meadow Brown",1992,9,2.09,13,"1976-2024","Wales"
75,"Maniola jurtina","Meadow Brown",1993,12,2.07,18,"1976-2024","Wales"
75,"Maniola jurtina","Meadow Brown",1994,12,2.11,10,"1976-2024","Wales"
75,"Maniola jurtina","Meadow Brown",1995,16,1.92,31,"1976-2024","Wales"
75,"Maniola jurtina","Meadow Brown",1996,16,2.08,15,"1976-2024","Wales"
75,"Maniola jurtina","Meadow Brown",1997,17,1.98,30,"1976-2024","Wales"
75,"Maniola jurtina","Meadow Brown",1998,14,2.08,15,"1976-2024","Wales"
75,"Maniola jurtina","Meadow Brown",1999,15,2.18,5,"1976-2024","Wales"
75,"Maniola jurtina","Meadow Brown",2000,16,2.22,4,"1976-2024","Wales"
75,"Maniola jurtina","Meadow Brown",2001,19,2.17,6,"1976-2024","Wales"
75,"Maniola jurtina","Meadow Brown",2002,24,2,27,"1976-2024","Wales"
75,"Maniola jurtina","Meadow Brown",2003,27,2.02,22,"1976-2024","Wales"
75,"Maniola jurtina","Meadow Brown",2004,28,2.06,19,"1976-2024","Wales"
75,"Maniola jurtina","Meadow Brown",2005,34,2.08,15,"1976-2024","Wales"
75,"Maniola jurtina","Meadow Brown",2006,38,2.14,7,"1976-2024","Wales"
75,"Maniola jurtina","Meadow Brown",2007,71,1.91,33,"1976-2024","Wales"
75,"Maniola jurtina","Meadow Brown",2008,56,2.01,23,"1976-2024","Wales"
75,"Maniola jurtina","Meadow Brown",2009,77,1.99,29,"1976-2024","Wales"
75,"Maniola jurtina","Meadow Brown",2010,71,1.87,42,"1976-2024","Wales"
75,"Maniola jurtina","Meadow Brown",2011,65,1.91,33,"1976-2024","Wales"
75,"Maniola jurtina","Meadow Brown",2012,70,2.12,9,"1976-2024","Wales"
75,"Maniola jurtina","Meadow Brown",2013,87,2.01,23,"1976-2024","Wales"
75,"Maniola jurtina","Meadow Brown",2014,89,2.13,8,"1976-2024","Wales"
75,"Maniola jurtina","Meadow Brown",2015,87,2.11,10,"1976-2024","Wales"
75,"Maniola jurtina","Meadow Brown",2016,85,1.78,46,"1976-2024","Wales"
75,"Maniola jurtina","Meadow Brown",2017,88,1.83,44,"1976-2024","Wales"
75,"Maniola jurtina","Meadow Brown",2018,91,1.91,33,"1976-2024","Wales"
75,"Maniola jurtina","Meadow Brown",2019,89,2.09,13,"1976-2024","Wales"
75,"Maniola jurtina","Meadow Brown",2020,49,2.01,23,"1976-2024","Wales"
75,"Maniola jurtina","Meadow Brown",2021,81,1.9,37,"1976-2024","Wales"
75,"Maniola jurtina","Meadow Brown",2022,84,1.88,40,"1976-2024","Wales"
75,"Maniola jurtina","Meadow Brown",2023,87,2.06,19,"1976-2024","Wales"
75,"Maniola jurtina","Meadow Brown",2024,107,1.66,48,"1976-2024","Wales"
88,"Ochlodes sylvanus","Large Skipper",1977,8,2.36,2,"1976-2024","Wales"
88,"Ochlodes sylvanus","Large Skipper",1978,8,1.94,27,"1976-2024","Wales"
88,"Ochlodes sylvanus","Large Skipper",1979,11,2.15,14,"1976-2024","Wales"
88,"Ochlodes sylvanus","Large Skipper",1980,9,2.13,15,"1976-2024","Wales"
88,"Ochlodes sylvanus","Large Skipper",1981,9,2.19,12,"1976-2024","Wales"
88,"Ochlodes sylvanus","Large Skipper",1982,9,2.22,8,"1976-2024","Wales"
88,"Ochlodes sylvanus","Large Skipper",1983,9,1.99,23,"1976-2024","Wales"
88,"Ochlodes sylvanus","Large Skipper",1984,7,2.43,1,"1976-2024","Wales"
88,"Ochlodes sylvanus","Large Skipper",1985,7,2.31,5,"1976-2024","Wales"
88,"Ochlodes sylvanus","Large Skipper",1986,6,2.34,4,"1976-2024","Wales"
88,"Ochlodes sylvanus","Large Skipper",1987,7,2.36,2,"1976-2024","Wales"
88,"Ochlodes sylvanus","Large Skipper",1988,6,2.31,5,"1976-2024","Wales"
88,"Ochlodes sylvanus","Large Skipper",1989,5,2.2,11,"1976-2024","Wales"
88,"Ochlodes sylvanus","Large Skipper",1990,6,1.88,33,"1976-2024","Wales"
88,"Ochlodes sylvanus","Large Skipper",1991,7,1.93,28,"1976-2024","Wales"
88,"Ochlodes sylvanus","Large Skipper",1992,8,1.96,24,"1976-2024","Wales"
88,"Ochlodes sylvanus","Large Skipper",1993,11,2.21,9,"1976-2024","Wales"
88,"Ochlodes sylvanus","Large Skipper",1994,12,1.8,39,"1976-2024","Wales"
88,"Ochlodes sylvanus","Large Skipper",1995,15,1.96,24,"1976-2024","Wales"
88,"Ochlodes sylvanus","Large Skipper",1996,14,2.21,9,"1976-2024","Wales"
88,"Ochlodes sylvanus","Large Skipper",1997,15,2.19,12,"1976-2024","Wales"
88,"Ochlodes sylvanus","Large Skipper",1998,12,2.06,19,"1976-2024","Wales"
88,"Ochlodes sylvanus","Large Skipper",1999,13,1.96,24,"1976-2024","Wales"
88,"Ochlodes sylvanus","Large Skipper",2000,13,2.08,17,"1976-2024","Wales"
88,"Ochlodes sylvanus","Large Skipper",2001,15,1.84,36,"1976-2024","Wales"
88,"Ochlodes sylvanus","Large Skipper",2002,22,1.85,34,"1976-2024","Wales"
88,"Ochlodes sylvanus","Large Skipper",2003,23,2,22,"1976-2024","Wales"
88,"Ochlodes sylvanus","Large Skipper",2004,26,2.01,21,"1976-2024","Wales"
88,"Ochlodes sylvanus","Large Skipper",2005,30,1.85,34,"1976-2024","Wales"
88,"Ochlodes sylvanus","Large Skipper",2006,33,2.07,18,"1976-2024","Wales"
88,"Ochlodes sylvanus","Large Skipper",2007,37,1.89,31,"1976-2024","Wales"
88,"Ochlodes sylvanus","Large Skipper",2008,36,1.65,48,"1976-2024","Wales"
88,"Ochlodes sylvanus","Large Skipper",2009,45,1.89,31,"1976-2024","Wales"
88,"Ochlodes sylvanus","Large Skipper",2010,44,1.9,30,"1976-2024","Wales"
88,"Ochlodes sylvanus","Large Skipper",2011,39,1.81,38,"1976-2024","Wales"
88,"Ochlodes sylvanus","Large Skipper",2012,41,1.73,44,"1976-2024","Wales"
88,"Ochlodes sylvanus","Large Skipper",2013,49,1.76,43,"1976-2024","Wales"
88,"Ochlodes sylvanus","Large Skipper",2014,60,2.24,7,"1976-2024","Wales"
88,"Ochlodes sylvanus","Large Skipper",2015,58,2.13,15,"1976-2024","Wales"
88,"Ochlodes sylvanus","Large Skipper",2016,61,2.04,20,"1976-2024","Wales"
88,"Ochlodes sylvanus","Large Skipper",2017,66,1.66,47,"1976-2024","Wales"
88,"Ochlodes sylvanus","Large Skipper",2018,68,1.8,39,"1976-2024","Wales"
88,"Ochlodes sylvanus","Large Skipper",2019,66,1.68,46,"1976-2024","Wales"
88,"Ochlodes sylvanus","Large Skipper",2020,39,1.93,28,"1976-2024","Wales"
88,"Ochlodes sylvanus","Large Skipper",2021,60,1.83,37,"1976-2024","Wales"
88,"Ochlodes sylvanus","Large Skipper",2022,56,1.69,45,"1976-2024","Wales"
88,"Ochlodes sylvanus","Large Skipper",2023,64,1.79,41,"1976-2024","Wales"
88,"Ochlodes sylvanus","Large Skipper",2024,70,1.77,42,"1976-2024","Wales"
93,"Pararge aegeria","Speckled Wood",1978,8,1.73,40,"1976-2024","Wales"
93,"Pararge aegeria","Speckled Wood",1979,10,1.4,47,"1976-2024","Wales"
93,"Pararge aegeria","Speckled Wood",1980,8,1.75,39,"1976-2024","Wales"
93,"Pararge aegeria","Speckled Wood",1981,9,1.78,36,"1976-2024","Wales"
93,"Pararge aegeria","Speckled Wood",1982,8,1.87,33,"1976-2024","Wales"
93,"Pararge aegeria","Speckled Wood",1983,9,1.93,31,"1976-2024","Wales"
93,"Pararge aegeria","Speckled Wood",1984,8,1.99,28,"1976-2024","Wales"
93,"Pararge aegeria","Speckled Wood",1985,8,1.7,43,"1976-2024","Wales"
93,"Pararge aegeria","Speckled Wood",1986,6,1.76,38,"1976-2024","Wales"
93,"Pararge aegeria","Speckled Wood",1987,7,1.66,44,"1976-2024","Wales"
93,"Pararge aegeria","Speckled Wood",1988,6,2.28,4,"1976-2024","Wales"
93,"Pararge aegeria","Speckled Wood",1989,5,2.23,8,"1976-2024","Wales"
93,"Pararge aegeria","Speckled Wood",1990,6,2.05,24,"1976-2024","Wales"
93,"Pararge aegeria","Speckled Wood",1991,6,2,26,"1976-2024","Wales"
93,"Pararge aegeria","Speckled Wood",1992,7,1.96,30,"1976-2024","Wales"
93,"Pararge aegeria","Speckled Wood",1993,10,1.77,37,"1976-2024","Wales"
93,"Pararge aegeria","Speckled Wood",1994,11,1.52,46,"1976-2024","Wales"
93,"Pararge aegeria","Speckled Wood",1995,14,1.71,42,"1976-2024","Wales"
93,"Pararge aegeria","Speckled Wood",1996,13,1.62,45,"1976-2024","Wales"
93,"Pararge aegeria","Speckled Wood",1997,14,1.73,40,"1976-2024","Wales"
93,"Pararge aegeria","Speckled Wood",1998,11,1.82,35,"1976-2024","Wales"
93,"Pararge aegeria","Speckled Wood",1999,12,1.87,33,"1976-2024","Wales"
93,"Pararge aegeria","Speckled Wood",2000,14,1.97,29,"1976-2024","Wales"
93,"Pararge aegeria","Speckled Wood",2001,13,2,26,"1976-2024","Wales"
93,"Pararge aegeria","Speckled Wood",2002,19,2.06,23,"1976-2024","Wales"
93,"Pararge aegeria","Speckled Wood",2003,21,2.26,5,"1976-2024","Wales"
93,"Pararge aegeria","Speckled Wood",2004,24,2.13,17,"1976-2024","Wales"
93,"Pararge aegeria","Speckled Wood",2005,28,2.22,10,"1976-2024","Wales"
93,"Pararge aegeria","Speckled Wood",2006,30,2.25,6,"1976-2024","Wales"
93,"Pararge aegeria","Speckled Wood",2007,55,2.11,20,"1976-2024","Wales"
93,"Pararge aegeria","Speckled Wood",2008,46,2.18,13,"1976-2024","Wales"
93,"Pararge aegeria","Speckled Wood",2009,63,2.34,1,"1976-2024","Wales"
93,"Pararge aegeria","Speckled Wood",2010,66,2.25,6,"1976-2024","Wales"
93,"Pararge aegeria","Speckled Wood",2011,60,2.17,14,"1976-2024","Wales"
93,"Pararge aegeria","Speckled Wood",2012,59,1.88,32,"1976-2024","Wales"
93,"Pararge aegeria","Speckled Wood",2013,76,2.21,12,"1976-2024","Wales"
93,"Pararge aegeria","Speckled Wood",2014,82,2.3,2,"1976-2024","Wales"
93,"Pararge aegeria","Speckled Wood",2015,81,2.11,20,"1976-2024","Wales"
93,"Pararge aegeria","Speckled Wood",2016,83,2.14,16,"1976-2024","Wales"
93,"Pararge aegeria","Speckled Wood",2017,84,2.22,10,"1976-2024","Wales"
93,"Pararge aegeria","Speckled Wood",2018,84,2.29,3,"1976-2024","Wales"
93,"Pararge aegeria","Speckled Wood",2019,85,2.23,8,"1976-2024","Wales"
93,"Pararge aegeria","Speckled Wood",2020,49,2.09,22,"1976-2024","Wales"
93,"Pararge aegeria","Speckled Wood",2021,78,2.13,17,"1976-2024","Wales"
93,"Pararge aegeria","Speckled Wood",2022,78,2.13,17,"1976-2024","Wales"
93,"Pararge aegeria","Speckled Wood",2023,82,2.17,14,"1976-2024","Wales"
93,"Pararge aegeria","Speckled Wood",2024,94,2.01,25,"1976-2024","Wales"
98,"Pieris brassicae","Large White",1976,6,2.2,11,"1976-2024","Wales"
98,"Pieris brassicae","Large White",1977,10,1.48,49,"1976-2024","Wales"
98,"Pieris brassicae","Large White",1978,10,2.3,5,"1976-2024","Wales"
98,"Pieris brassicae","Large White",1979,12,2.52,1,"1976-2024","Wales"
98,"Pieris brassicae","Large White",1980,10,2.22,7,"1976-2024","Wales"
98,"Pieris brassicae","Large White",1981,10,2.05,19,"1976-2024","Wales"
98,"Pieris brassicae","Large White",1982,9,2.13,14,"1976-2024","Wales"
98,"Pieris brassicae","Large White",1983,11,2.36,3,"1976-2024","Wales"
98,"Pieris brassicae","Large White",1984,9,2.05,19,"1976-2024","Wales"
98,"Pieris brassicae","Large White",1985,9,2.13,14,"1976-2024","Wales"
98,"Pieris brassicae","Large White",1986,7,1.98,26,"1976-2024","Wales"
98,"Pieris brassicae","Large White",1987,8,1.59,47,"1976-2024","Wales"
98,"Pieris brassicae","Large White",1988,7,2.18,12,"1976-2024","Wales"
98,"Pieris brassicae","Large White",1989,6,2.38,2,"1976-2024","Wales"
98,"Pieris brassicae","Large White",1990,7,1.88,37,"1976-2024","Wales"
98,"Pieris brassicae","Large White",1991,7,1.57,48,"1976-2024","Wales"
98,"Pieris brassicae","Large White",1992,8,1.9,33,"1976-2024","Wales"
98,"Pieris brassicae","Large White",1993,12,1.67,45,"1976-2024","Wales"
98,"Pieris brassicae","Large White",1994,11,1.64,46,"1976-2024","Wales"
98,"Pieris brassicae","Large White",1995,15,2.09,16,"1976-2024","Wales"
98,"Pieris brassicae","Large White",1996,14,1.9,33,"1976-2024","Wales"
98,"Pieris brassicae","Large White",1997,15,1.73,44,"1976-2024","Wales"
98,"Pieris brassicae","Large White",1998,12,1.95,30,"1976-2024","Wales"
98,"Pieris brassicae","Large White",1999,13,1.86,39,"1976-2024","Wales"
98,"Pieris brassicae","Large White",2000,13,1.98,26,"1976-2024","Wales"
98,"Pieris brassicae","Large White",2001,15,1.89,36,"1976-2024","Wales"
98,"Pieris brassicae","Large White",2002,21,2.01,24,"1976-2024","Wales"
98,"Pieris brassicae","Large White",2003,24,2.07,17,"1976-2024","Wales"
98,"Pieris brassicae","Large White",2004,26,1.99,25,"1976-2024","Wales"
98,"Pieris brassicae","Large White",2005,31,2.03,21,"1976-2024","Wales"
98,"Pieris brassicae","Large White",2006,35,2.21,8,"1976-2024","Wales"
98,"Pieris brassicae","Large White",2007,67,2.06,18,"1976-2024","Wales"
98,"Pieris brassicae","Large White",2008,54,2.21,8,"1976-2024","Wales"
98,"Pieris brassicae","Large White",2009,76,2.31,4,"1976-2024","Wales"
98,"Pieris brassicae","Large White",2010,71,2.16,13,"1976-2024","Wales"
98,"Pieris brassicae","Large White",2011,65,1.98,26,"1976-2024","Wales"
98,"Pieris brassicae","Large White",2012,68,1.79,42,"1976-2024","Wales"
98,"Pieris brassicae","Large White",2013,87,2.25,6,"1976-2024","Wales"
98,"Pieris brassicae","Large White",2014,88,1.88,37,"1976-2024","Wales"
98,"Pieris brassicae","Large White",2015,84,1.78,43,"1976-2024","Wales"
98,"Pieris brassicae","Large White",2016,87,1.95,30,"1976-2024","Wales"
98,"Pieris brassicae","Large White",2017,91,1.97,29,"1976-2024","Wales"
98,"Pieris brassicae","Large White",2018,90,2.21,8,"1976-2024","Wales"
98,"Pieris brassicae","Large White",2019,87,1.83,40,"1976-2024","Wales"
98,"Pieris brassicae","Large White",2020,49,2.02,23,"1976-2024","Wales"
98,"Pieris brassicae","Large White",2021,80,1.93,32,"1976-2024","Wales"
98,"Pieris brassicae","Large White",2022,81,1.9,33,"1976-2024","Wales"
98,"Pieris brassicae","Large White",2023,85,2.03,21,"1976-2024","Wales"
98,"Pieris brassicae","Large White",2024,99,1.8,41,"1976-2024","Wales"
99,"Pieris napi","Green-veined White",1976,6,2.26,5,"1976-2024","Wales"
99,"Pieris napi","Green-veined White",1977,10,1.78,41,"1976-2024","Wales"
99,"Pieris napi","Green-veined White",1978,10,1.89,34,"1976-2024","Wales"
99,"Pieris napi","Green-veined White",1979,12,2.03,23,"1976-2024","Wales"
99,"Pieris napi","Green-veined White",1980,10,2.08,16,"1976-2024","Wales"
99,"Pieris napi","Green-veined White",1981,10,2.02,24,"1976-2024","Wales"
99,"Pieris napi","Green-veined White",1982,9,2.25,9,"1976-2024","Wales"
99,"Pieris napi","Green-veined White",1983,11,2.09,14,"1976-2024","Wales"
99,"Pieris napi","Green-veined White",1984,9,1.86,37,"1976-2024","Wales"
99,"Pieris napi","Green-veined White",1985,9,1.56,47,"1976-2024","Wales"
99,"Pieris napi","Green-veined White",1986,7,1.63,45,"1976-2024","Wales"
99,"Pieris napi","Green-veined White",1987,8,1.83,38,"1976-2024","Wales"
99,"Pieris napi","Green-veined White",1988,7,2.09,14,"1976-2024","Wales"
99,"Pieris napi","Green-veined White",1989,6,2.08,16,"1976-2024","Wales"
99,"Pieris napi","Green-veined White",1990,7,1.58,46,"1976-2024","Wales"
99,"Pieris napi","Green-veined White",1991,7,1.33,49,"1976-2024","Wales"
99,"Pieris napi","Green-veined White",1992,8,1.8,39,"1976-2024","Wales"
99,"Pieris napi","Green-veined White",1993,12,1.5,48,"1976-2024","Wales"
99,"Pieris napi","Green-veined White",1994,12,1.69,44,"1976-2024","Wales"
99,"Pieris napi","Green-veined White",1995,15,2.05,22,"1976-2024","Wales"
99,"Pieris napi","Green-veined White",1996,15,1.88,36,"1976-2024","Wales"
99,"Pieris napi","Green-veined White",1997,16,1.7,43,"1976-2024","Wales"
99,"Pieris napi","Green-veined White",1998,13,1.79,40,"1976-2024","Wales"
99,"Pieris napi","Green-veined White",1999,14,2.07,18,"1976-2024","Wales"
99,"Pieris napi","Green-veined White",2000,15,2.07,18,"1976-2024","Wales"
99,"Pieris napi","Green-veined White",2001,17,2.02,24,"1976-2024","Wales"
99,"Pieris napi","Green-veined White",2002,23,1.89,34,"1976-2024","Wales"
99,"Pieris napi","Green-veined White",2003,27,2.11,13,"1976-2024","Wales"
99,"Pieris napi","Green-veined White",2004,29,2.15,11,"1976-2024","Wales"
99,"Pieris napi","Green-veined White",2005,33,1.94,30,"1976-2024","Wales"
99,"Pieris napi","Green-veined White",2006,37,2.01,26,"1976-2024","Wales"
99,"Pieris napi","Green-veined White",2007,66,1.94,30,"1976-2024","Wales"
99,"Pieris napi","Green-veined White",2008,55,2.21,10,"1976-2024","Wales"
99,"Pieris napi","Green-veined White",2009,73,2.57,2,"1976-2024","Wales"
99,"Pieris napi","Green-veined White",2010,70,2.52,3,"1976-2024","Wales"
99,"Pieris napi","Green-veined White",2011,65,2.26,5,"1976-2024","Wales"
99,"Pieris napi","Green-veined White",2012,67,2.14,12,"1976-2024","Wales"
99,"Pieris napi","Green-veined White",2013,79,2.66,1,"1976-2024","Wales"
99,"Pieris napi","Green-veined White",2014,81,2.35,4,"1976-2024","Wales"
99,"Pieris napi","Green-veined White",2015,83,2.01,26,"1976-2024","Wales"
99,"Pieris napi","Green-veined White",2016,84,2.06,20,"1976-2024","Wales"
99,"Pieris napi","Green-veined White",2017,87,2.26,5,"1976-2024","Wales"
99,"Pieris napi","Green-veined White",2018,88,2.26,5,"1976-2024","Wales"
99,"Pieris napi","Green-veined White",2019,83,2.01,26,"1976-2024","Wales"
99,"Pieris napi","Green-veined White",2020,47,2.06,20,"1976-2024","Wales"
99,"Pieris napi","Green-veined White",2021,73,1.93,33,"1976-2024","Wales"
99,"Pieris napi","Green-veined White",2022,75,2.01,26,"1976-2024","Wales"
99,"Pieris napi","Green-veined White",2023,74,1.94,30,"1976-2024","Wales"
99,"Pieris napi","Green-veined White",2024,85,1.75,42,"1976-2024","Wales"
100,"Pieris rapae","Small White",1976,5,2.29,8,"1976-2024","Wales"
100,"Pieris rapae","Small White",1977,9,2.38,3,"1976-2024","Wales"
100,"Pieris rapae","Small White",1978,9,2.34,5,"1976-2024","Wales"
100,"Pieris rapae","Small White",1979,11,2.22,9,"1976-2024","Wales"
100,"Pieris rapae","Small White",1980,9,2.19,11,"1976-2024","Wales"
100,"Pieris rapae","Small White",1981,10,2.14,14,"1976-2024","Wales"
100,"Pieris rapae","Small White",1982,9,2.36,4,"1976-2024","Wales"
100,"Pieris rapae","Small White",1983,11,2.21,10,"1976-2024","Wales"
100,"Pieris rapae","Small White",1984,9,2.16,12,"1976-2024","Wales"
100,"Pieris rapae","Small White",1985,9,1.86,35,"1976-2024","Wales"
100,"Pieris rapae","Small White",1986,7,1.78,42,"1976-2024","Wales"
100,"Pieris rapae","Small White",1987,8,1.98,24,"1976-2024","Wales"
100,"Pieris rapae","Small White",1988,7,2.04,19,"1976-2024","Wales"
100,"Pieris rapae","Small White",1989,6,2.3,7,"1976-2024","Wales"
100,"Pieris rapae","Small White",1990,7,1.85,37,"1976-2024","Wales"
100,"Pieris rapae","Small White",1991,7,1.64,47,"1976-2024","Wales"
100,"Pieris rapae","Small White",1992,8,2,23,"1976-2024","Wales"
100,"Pieris rapae","Small White",1993,12,1.6,49,"1976-2024","Wales"
100,"Pieris rapae","Small White",1994,12,1.81,39,"1976-2024","Wales"
100,"Pieris rapae","Small White",1995,15,2.42,2,"1976-2024","Wales"
100,"Pieris rapae","Small White",1996,14,1.98,24,"1976-2024","Wales"
100,"Pieris rapae","Small White",1997,15,1.93,30,"1976-2024","Wales"
100,"Pieris rapae","Small White",1998,12,1.88,33,"1976-2024","Wales"
100,"Pieris rapae","Small White",1999,13,1.94,29,"1976-2024","Wales"
100,"Pieris rapae","Small White",2000,14,2.06,18,"1976-2024","Wales"
100,"Pieris rapae","Small White",2001,15,1.97,26,"1976-2024","Wales"
100,"Pieris rapae","Small White",2002,22,1.71,45,"1976-2024","Wales"
100,"Pieris rapae","Small White",2003,26,2.09,15,"1976-2024","Wales"
100,"Pieris rapae","Small White",2004,28,2.03,22,"1976-2024","Wales"
100,"Pieris rapae","Small White",2005,33,1.82,38,"1976-2024","Wales"
100,"Pieris rapae","Small White",2006,36,1.9,32,"1976-2024","Wales"
100,"Pieris rapae","Small White",2007,65,1.8,40,"1976-2024","Wales"
100,"Pieris rapae","Small White",2008,56,1.79,41,"1976-2024","Wales"
100,"Pieris rapae","Small White",2009,71,2.07,16,"1976-2024","Wales"
100,"Pieris rapae","Small White",2010,70,2.04,19,"1976-2024","Wales"
100,"Pieris rapae","Small White",2011,62,1.86,35,"1976-2024","Wales"
100,"Pieris rapae","Small White",2012,66,1.77,43,"1976-2024","Wales"
100,"Pieris rapae","Small White",2013,85,2.46,1,"1976-2024","Wales"
100,"Pieris rapae","Small White",2014,88,1.97,26,"1976-2024","Wales"
100,"Pieris rapae","Small White",2015,85,1.61,48,"1976-2024","Wales"
100,"Pieris rapae","Small White",2016,85,1.77,43,"1976-2024","Wales"
100,"Pieris rapae","Small White",2017,89,1.87,34,"1976-2024","Wales"
100,"Pieris rapae","Small White",2018,89,2.33,6,"1976-2024","Wales"
100,"Pieris rapae","Small White",2019,85,1.92,31,"1976-2024","Wales"
100,"Pieris rapae","Small White",2020,53,2.15,13,"1976-2024","Wales"
100,"Pieris rapae","Small White",2021,83,1.95,28,"1976-2024","Wales"
100,"Pieris rapae","Small White",2022,83,2.07,16,"1976-2024","Wales"
100,"Pieris rapae","Small White",2023,86,2.04,19,"1976-2024","Wales"
100,"Pieris rapae","Small White",2024,105,1.67,46,"1976-2024","Wales"
104,"Polygonia c-album","Comma",1992,6,2.24,9,"1976-2024","Wales"
104,"Polygonia c-album","Comma",1993,10,1.89,23,"1976-2024","Wales"
104,"Polygonia c-album","Comma",1994,10,1.8,25,"1976-2024","Wales"
104,"Polygonia c-album","Comma",1995,13,1.38,33,"1976-2024","Wales"
104,"Polygonia c-album","Comma",1996,12,1.81,24,"1976-2024","Wales"
104,"Polygonia c-album","Comma",1997,13,1.67,30,"1976-2024","Wales"
104,"Polygonia c-album","Comma",1998,11,1.57,31,"1976-2024","Wales"
104,"Polygonia c-album","Comma",1999,12,1.72,27,"1976-2024","Wales"
104,"Polygonia c-album","Comma",2000,13,2.02,20,"1976-2024","Wales"
104,"Polygonia c-album","Comma",2001,12,1.54,32,"1976-2024","Wales"
104,"Polygonia c-album","Comma",2002,19,1.71,28,"1976-2024","Wales"
104,"Polygonia c-album","Comma",2003,20,2.3,3,"1976-2024","Wales"
104,"Polygonia c-album","Comma",2004,23,2.12,12,"1976-2024","Wales"
104,"Polygonia c-album","Comma",2005,27,1.96,21,"1976-2024","Wales"
104,"Polygonia c-album","Comma",2006,31,2.25,7,"1976-2024","Wales"
104,"Polygonia c-album","Comma",2007,48,2.11,13,"1976-2024","Wales"
104,"Polygonia c-album","Comma",2008,41,2.06,17,"1976-2024","Wales"
104,"Polygonia c-album","Comma",2009,52,2.27,4,"1976-2024","Wales"
104,"Polygonia c-album","Comma",2010,54,2.42,1,"1976-2024","Wales"
104,"Polygonia c-album","Comma",2011,52,2.08,16,"1976-2024","Wales"
104,"Polygonia c-album","Comma",2012,45,1.75,26,"1976-2024","Wales"
104,"Polygonia c-album","Comma",2013,63,2.17,10,"1976-2024","Wales"
104,"Polygonia c-album","Comma",2014,63,2.06,17,"1976-2024","Wales"
104,"Polygonia c-album","Comma",2015,67,2.26,5,"1976-2024","Wales"
104,"Polygonia c-album","Comma",2016,69,1.93,22,"1976-2024","Wales"
104,"Polygonia c-album","Comma",2017,71,2.26,5,"1976-2024","Wales"
104,"Polygonia c-album","Comma",2018,70,2.25,7,"1976-2024","Wales"
104,"Polygonia c-album","Comma",2019,69,2.14,11,"1976-2024","Wales"
104,"Polygonia c-album","Comma",2020,42,2.09,15,"1976-2024","Wales"
104,"Polygonia c-album","Comma",2021,68,2.11,13,"1976-2024","Wales"
104,"Polygonia c-album","Comma",2022,62,2.04,19,"1976-2024","Wales"
104,"Polygonia c-album","Comma",2023,64,2.34,2,"1976-2024","Wales"
104,"Polygonia c-album","Comma",2024,68,1.69,29,"1976-2024","Wales"
106,"Polyommatus icarus","Common Blue",1976,6,2.45,2,"1976-2024","Wales"
106,"Polyommatus icarus","Common Blue",1977,9,1.82,40,"1976-2024","Wales"
106,"Polyommatus icarus","Common Blue",1978,9,1.78,42,"1976-2024","Wales"
106,"Polyommatus icarus","Common Blue",1979,11,2.04,22,"1976-2024","Wales"
106,"Polyommatus icarus","Common Blue",1980,10,1.88,34,"1976-2024","Wales"
106,"Polyommatus icarus","Common Blue",1981,10,2.03,23,"1976-2024","Wales"
106,"Polyommatus icarus","Common Blue",1982,9,2.15,11,"1976-2024","Wales"
106,"Polyommatus icarus","Common Blue",1983,11,2.4,3,"1976-2024","Wales"
106,"Polyommatus icarus","Common Blue",1984,9,2.5,1,"1976-2024","Wales"
106,"Polyommatus icarus","Common Blue",1985,9,2.07,20,"1976-2024","Wales"
106,"Polyommatus icarus","Common Blue",1986,7,1.65,46,"1976-2024","Wales"
106,"Polyommatus icarus","Common Blue",1987,8,1.49,49,"1976-2024","Wales"
106,"Polyommatus icarus","Common Blue",1988,7,2.1,14,"1976-2024","Wales"
106,"Polyommatus icarus","Common Blue",1989,6,2.25,6,"1976-2024","Wales"
106,"Polyommatus icarus","Common Blue",1990,7,2.18,8,"1976-2024","Wales"
106,"Polyommatus icarus","Common Blue",1991,8,1.94,31,"1976-2024","Wales"
106,"Polyommatus icarus","Common Blue",1992,9,1.86,37,"1976-2024","Wales"
106,"Polyommatus icarus","Common Blue",1993,12,1.95,29,"1976-2024","Wales"
106,"Polyommatus icarus","Common Blue",1994,13,1.78,42,"1976-2024","Wales"
106,"Polyommatus icarus","Common Blue",1995,16,2.03,23,"1976-2024","Wales"
106,"Polyommatus icarus","Common Blue",1996,15,2.36,4,"1976-2024","Wales"
106,"Polyommatus icarus","Common Blue",1997,16,2.26,5,"1976-2024","Wales"
106,"Polyommatus icarus","Common Blue",1998,13,2.09,16,"1976-2024","Wales"
106,"Polyommatus icarus","Common Blue",1999,14,2.01,26,"1976-2024","Wales"
106,"Polyommatus icarus","Common Blue",2000,16,2.16,10,"1976-2024","Wales"
106,"Polyommatus icarus","Common Blue",2001,16,2.09,16,"1976-2024","Wales"
106,"Polyommatus icarus","Common Blue",2002,23,1.99,28,"1976-2024","Wales"
106,"Polyommatus icarus","Common Blue",2003,25,2.08,19,"1976-2024","Wales"
106,"Polyommatus icarus","Common Blue",2004,28,2.13,12,"1976-2024","Wales"
106,"Polyommatus icarus","Common Blue",2005,29,2.13,12,"1976-2024","Wales"
106,"Polyommatus icarus","Common Blue",2006,32,2.03,23,"1976-2024","Wales"
106,"Polyommatus icarus","Common Blue",2007,49,1.76,44,"1976-2024","Wales"
106,"Polyommatus icarus","Common Blue",2008,42,1.95,29,"1976-2024","Wales"
106,"Polyommatus icarus","Common Blue",2009,57,2.07,20,"1976-2024","Wales"
106,"Polyommatus icarus","Common Blue",2010,61,2.24,7,"1976-2024","Wales"
106,"Polyommatus icarus","Common Blue",2011,56,2.01,26,"1976-2024","Wales"
106,"Polyommatus icarus","Common Blue",2012,53,1.8,41,"1976-2024","Wales"
106,"Polyommatus icarus","Common Blue",2013,70,2.1,14,"1976-2024","Wales"
106,"Polyommatus icarus","Common Blue",2014,77,2.09,16,"1976-2024","Wales"
106,"Polyommatus icarus","Common Blue",2015,74,1.85,39,"1976-2024","Wales"
106,"Polyommatus icarus","Common Blue",2016,80,1.6,48,"1976-2024","Wales"
106,"Polyommatus icarus","Common Blue",2017,82,1.87,35,"1976-2024","Wales"
106,"Polyommatus icarus","Common Blue",2018,80,2.18,8,"1976-2024","Wales"
106,"Polyommatus icarus","Common Blue",2019,80,1.87,35,"1976-2024","Wales"
106,"Polyommatus icarus","Common Blue",2020,45,1.66,45,"1976-2024","Wales"
106,"Polyommatus icarus","Common Blue",2021,72,1.9,32,"1976-2024","Wales"
106,"Polyommatus icarus","Common Blue",2022,73,1.9,32,"1976-2024","Wales"
106,"Polyommatus icarus","Common Blue",2023,80,1.86,37,"1976-2024","Wales"
106,"Polyommatus icarus","Common Blue",2024,91,1.61,47,"1976-2024","Wales"
76,"Pyronia tithonus","Gatekeeper",1978,9,1.74,44,"1976-2024","Wales"
76,"Pyronia tithonus","Gatekeeper",1979,11,1.83,35,"1976-2024","Wales"
76,"Pyronia tithonus","Gatekeeper",1980,9,1.8,37,"1976-2024","Wales"
76,"Pyronia tithonus","Gatekeeper",1981,10,1.69,47,"1976-2024","Wales"
76,"Pyronia tithonus","Gatekeeper",1982,9,2.13,12,"1976-2024","Wales"
76,"Pyronia tithonus","Gatekeeper",1983,11,2.26,5,"1976-2024","Wales"
76,"Pyronia tithonus","Gatekeeper",1984,9,2.31,2,"1976-2024","Wales"
76,"Pyronia tithonus","Gatekeeper",1985,9,2.19,8,"1976-2024","Wales"
76,"Pyronia tithonus","Gatekeeper",1986,7,1.79,38,"1976-2024","Wales"
76,"Pyronia tithonus","Gatekeeper",1987,8,1.74,44,"1976-2024","Wales"
76,"Pyronia tithonus","Gatekeeper",1988,7,1.78,39,"1976-2024","Wales"
76,"Pyronia tithonus","Gatekeeper",1989,6,1.72,46,"1976-2024","Wales"
76,"Pyronia tithonus","Gatekeeper",1990,7,1.86,33,"1976-2024","Wales"
76,"Pyronia tithonus","Gatekeeper",1991,8,2.03,24,"1976-2024","Wales"
76,"Pyronia tithonus","Gatekeeper",1992,9,2.1,17,"1976-2024","Wales"
76,"Pyronia tithonus","Gatekeeper",1993,12,2.06,21,"1976-2024","Wales"
76,"Pyronia tithonus","Gatekeeper",1994,13,1.81,36,"1976-2024","Wales"
76,"Pyronia tithonus","Gatekeeper",1995,16,1.77,42,"1976-2024","Wales"
76,"Pyronia tithonus","Gatekeeper",1996,16,2.15,10,"1976-2024","Wales"
76,"Pyronia tithonus","Gatekeeper",1997,17,1.91,31,"1976-2024","Wales"
76,"Pyronia tithonus","Gatekeeper",1998,14,2.01,25,"1976-2024","Wales"
76,"Pyronia tithonus","Gatekeeper",1999,15,2.08,19,"1976-2024","Wales"
76,"Pyronia tithonus","Gatekeeper",2000,16,2.31,2,"1976-2024","Wales"
76,"Pyronia tithonus","Gatekeeper",2001,16,2.32,1,"1976-2024","Wales"
76,"Pyronia tithonus","Gatekeeper",2002,23,2.25,6,"1976-2024","Wales"
76,"Pyronia tithonus","Gatekeeper",2003,23,2.23,7,"1976-2024","Wales"
76,"Pyronia tithonus","Gatekeeper",2004,27,2.15,10,"1976-2024","Wales"
76,"Pyronia tithonus","Gatekeeper",2005,29,2.11,16,"1976-2024","Wales"
76,"Pyronia tithonus","Gatekeeper",2006,32,2.3,4,"1976-2024","Wales"
76,"Pyronia tithonus","Gatekeeper",2007,53,2.05,22,"1976-2024","Wales"
76,"Pyronia tithonus","Gatekeeper",2008,42,2.12,13,"1976-2024","Wales"
76,"Pyronia tithonus","Gatekeeper",2009,64,2.12,13,"1976-2024","Wales"
76,"Pyronia tithonus","Gatekeeper",2010,62,2.12,13,"1976-2024","Wales"
76,"Pyronia tithonus","Gatekeeper",2011,57,1.98,26,"1976-2024","Wales"
76,"Pyronia tithonus","Gatekeeper",2012,56,1.93,29,"1976-2024","Wales"
76,"Pyronia tithonus","Gatekeeper",2013,73,2.07,20,"1976-2024","Wales"
76,"Pyronia tithonus","Gatekeeper",2014,76,2.1,17,"1976-2024","Wales"
76,"Pyronia tithonus","Gatekeeper",2015,76,2.16,9,"1976-2024","Wales"
76,"Pyronia tithonus","Gatekeeper",2016,78,1.93,29,"1976-2024","Wales"
76,"Pyronia tithonus","Gatekeeper",2017,79,1.75,43,"1976-2024","Wales"
76,"Pyronia tithonus","Gatekeeper",2018,78,1.78,39,"1976-2024","Wales"
76,"Pyronia tithonus","Gatekeeper",2019,80,1.96,28,"1976-2024","Wales"
76,"Pyronia tithonus","Gatekeeper",2020,48,1.87,32,"1976-2024","Wales"
76,"Pyronia tithonus","Gatekeeper",2021,78,1.86,33,"1976-2024","Wales"
76,"Pyronia tithonus","Gatekeeper",2022,77,1.97,27,"1976-2024","Wales"
76,"Pyronia tithonus","Gatekeeper",2023,79,2.04,23,"1976-2024","Wales"
76,"Pyronia tithonus","Gatekeeper",2024,95,1.78,39,"1976-2024","Wales"
12,"Speyeria aglaja","Dark Green Fritillary",1979,8,2.57,3,"1976-2024","Wales"
12,"Speyeria aglaja","Dark Green Fritillary",1980,8,2.64,1,"1976-2024","Wales"
12,"Speyeria aglaja","Dark Green Fritillary",1981,8,2.38,7,"1976-2024","Wales"
12,"Speyeria aglaja","Dark Green Fritillary",1982,8,2.22,15,"1976-2024","Wales"
12,"Speyeria aglaja","Dark Green Fritillary",1983,9,2.25,12,"1976-2024","Wales"
12,"Speyeria aglaja","Dark Green Fritillary",1984,7,2.6,2,"1976-2024","Wales"
12,"Speyeria aglaja","Dark Green Fritillary",1985,7,2.41,6,"1976-2024","Wales"
12,"Speyeria aglaja","Dark Green Fritillary",1986,7,2.5,5,"1976-2024","Wales"
12,"Speyeria aglaja","Dark Green Fritillary",1987,7,2.35,10,"1976-2024","Wales"
12,"Speyeria aglaja","Dark Green Fritillary",1988,7,2.09,17,"1976-2024","Wales"
12,"Speyeria aglaja","Dark Green Fritillary",1989,6,2.01,23,"1976-2024","Wales"
12,"Speyeria aglaja","Dark Green Fritillary",1990,7,1.85,31,"1976-2024","Wales"
12,"Speyeria aglaja","Dark Green Fritillary",1991,8,2.14,16,"1976-2024","Wales"
12,"Speyeria aglaja","Dark Green Fritillary",1992,8,2.25,12,"1976-2024","Wales"
12,"Speyeria aglaja","Dark Green Fritillary",1993,8,2.37,8,"1976-2024","Wales"
12,"Speyeria aglaja","Dark Green Fritillary",1994,9,2.36,9,"1976-2024","Wales"
12,"Speyeria aglaja","Dark Green Fritillary",1995,11,2.25,12,"1976-2024","Wales"
12,"Speyeria aglaja","Dark Green Fritillary",1996,11,2.35,10,"1976-2024","Wales"
12,"Speyeria aglaja","Dark Green Fritillary",1997,12,2.51,4,"1976-2024","Wales"
12,"Speyeria aglaja","Dark Green Fritillary",1998,10,1.99,24,"1976-2024","Wales"
12,"Speyeria aglaja","Dark Green Fritillary",1999,11,1.22,45,"1976-2024","Wales"
12,"Speyeria aglaja","Dark Green Fritillary",2000,12,1.43,43,"1976-2024","Wales"
12,"Speyeria aglaja","Dark Green Fritillary",2001,14,1.58,41,"1976-2024","Wales"
12,"Speyeria aglaja","Dark Green Fritillary",2002,16,1.36,44,"1976-2024","Wales"
12,"Speyeria aglaja","Dark Green Fritillary",2003,18,1.81,34,"1976-2024","Wales"
12,"Speyeria aglaja","Dark Green Fritillary",2004,20,1.86,29,"1976-2024","Wales"
12,"Speyeria aglaja","Dark Green Fritillary",2005,20,1.83,33,"1976-2024","Wales"
12,"Speyeria aglaja","Dark Green Fritillary",2006,21,1.84,32,"1976-2024","Wales"
12,"Speyeria aglaja","Dark Green Fritillary",2007,25,1.56,42,"1976-2024","Wales"
12,"Speyeria aglaja","Dark Green Fritillary",2008,23,1.6,40,"1976-2024","Wales"
12,"Speyeria aglaja","Dark Green Fritillary",2009,25,1.79,36,"1976-2024","Wales"
12,"Speyeria aglaja","Dark Green Fritillary",2010,28,1.95,26,"1976-2024","Wales"
12,"Speyeria aglaja","Dark Green Fritillary",2011,26,2.03,21,"1976-2024","Wales"
12,"Speyeria aglaja","Dark Green Fritillary",2012,23,1.65,39,"1976-2024","Wales"
12,"Speyeria aglaja","Dark Green Fritillary",2013,28,2.02,22,"1976-2024","Wales"
12,"Speyeria aglaja","Dark Green Fritillary",2014,36,1.9,28,"1976-2024","Wales"
12,"Speyeria aglaja","Dark Green Fritillary",2015,39,1.99,24,"1976-2024","Wales"
12,"Speyeria aglaja","Dark Green Fritillary",2016,42,1.81,34,"1976-2024","Wales"
12,"Speyeria aglaja","Dark Green Fritillary",2017,44,1.78,38,"1976-2024","Wales"
12,"Speyeria aglaja","Dark Green Fritillary",2018,42,1.86,29,"1976-2024","Wales"
12,"Speyeria aglaja","Dark Green Fritillary",2019,40,2.06,18,"1976-2024","Wales"
12,"Speyeria aglaja","Dark Green Fritillary",2020,25,1.91,27,"1976-2024","Wales"
12,"Speyeria aglaja","Dark Green Fritillary",2021,37,2.04,20,"1976-2024","Wales"
12,"Speyeria aglaja","Dark Green Fritillary",2022,37,2.05,19,"1976-2024","Wales"
12,"Speyeria aglaja","Dark Green Fritillary",2023,40,1.79,36,"1976-2024","Wales"
12,"Speyeria aglaja","Dark Green Fritillary",2024,40,1.2,46,"1976-2024","Wales"
115,"Thecla betulae","Brown Hairstreak",2004,13,2.07,5,"1976-2024","Wales"
115,"Thecla betulae","Brown Hairstreak",2005,15,2.06,6,"1976-2024","Wales"
115,"Thecla betulae","Brown Hairstreak",2006,16,2.1,4,"1976-2024","Wales"
115,"Thecla betulae","Brown Hairstreak",2007,20,2.2,2,"1976-2024","Wales"
115,"Thecla betulae","Brown Hairstreak",2008,14,1.84,18,"1976-2024","Wales"
115,"Thecla betulae","Brown Hairstreak",2009,20,2.01,11,"1976-2024","Wales"
115,"Thecla betulae","Brown Hairstreak",2010,13,2.03,10,"1976-2024","Wales"
115,"Thecla betulae","Brown Hairstreak",2011,24,2.27,1,"1976-2024","Wales"
115,"Thecla betulae","Brown Hairstreak",2012,20,1.95,16,"1976-2024","Wales"
115,"Thecla betulae","Brown Hairstreak",2013,23,1.97,15,"1976-2024","Wales"
115,"Thecla betulae","Brown Hairstreak",2014,23,2.18,3,"1976-2024","Wales"
115,"Thecla betulae","Brown Hairstreak",2015,25,1.98,14,"1976-2024","Wales"
115,"Thecla betulae","Brown Hairstreak",2016,19,2.04,8,"1976-2024","Wales"
115,"Thecla betulae","Brown Hairstreak",2017,22,1.81,19,"1976-2024","Wales"
115,"Thecla betulae","Brown Hairstreak",2018,18,1.71,21,"1976-2024","Wales"
115,"Thecla betulae","Brown Hairstreak",2019,19,2,12,"1976-2024","Wales"
115,"Thecla betulae","Brown Hairstreak",2020,16,2.04,8,"1976-2024","Wales"
115,"Thecla betulae","Brown Hairstreak",2021,5,1.75,20,"1976-2024","Wales"
115,"Thecla betulae","Brown Hairstreak",2022,18,1.99,13,"1976-2024","Wales"
115,"Thecla betulae","Brown Hairstreak",2023,14,1.94,17,"1976-2024","Wales"
115,"Thecla betulae","Brown Hairstreak",2024,17,2.05,7,"1976-2024","Wales"
120,"Thymelicus sylvestris","Small Skipper",1984,7,1.85,28,"1976-2024","Wales"
120,"Thymelicus sylvestris","Small Skipper",1985,7,1.83,31,"1976-2024","Wales"
120,"Thymelicus sylvestris","Small Skipper",1986,6,1.97,21,"1976-2024","Wales"
120,"Thymelicus sylvestris","Small Skipper",1987,7,1.81,34,"1976-2024","Wales"
120,"Thymelicus sylvestris","Small Skipper",1988,6,1.9,26,"1976-2024","Wales"
120,"Thymelicus sylvestris","Small Skipper",1989,6,1.61,40,"1976-2024","Wales"
120,"Thymelicus sylvestris","Small Skipper",1990,7,2,19,"1976-2024","Wales"
120,"Thymelicus sylvestris","Small Skipper",1991,8,1.85,28,"1976-2024","Wales"
120,"Thymelicus sylvestris","Small Skipper",1992,9,2.06,14,"1976-2024","Wales"
120,"Thymelicus sylvestris","Small Skipper",1993,11,2.42,1,"1976-2024","Wales"
120,"Thymelicus sylvestris","Small Skipper",1994,12,2.32,7,"1976-2024","Wales"
120,"Thymelicus sylvestris","Small Skipper",1995,15,2.31,8,"1976-2024","Wales"
120,"Thymelicus sylvestris","Small Skipper",1996,14,2.42,1,"1976-2024","Wales"
120,"Thymelicus sylvestris","Small Skipper",1997,15,2.18,10,"1976-2024","Wales"
120,"Thymelicus sylvestris","Small Skipper",1998,13,2,19,"1976-2024","Wales"
120,"Thymelicus sylvestris","Small Skipper",1999,14,2.05,15,"1976-2024","Wales"
120,"Thymelicus sylvestris","Small Skipper",2000,15,2.31,8,"1976-2024","Wales"
120,"Thymelicus sylvestris","Small Skipper",2001,18,2.36,6,"1976-2024","Wales"
120,"Thymelicus sylvestris","Small Skipper",2002,23,2.04,16,"1976-2024","Wales"
120,"Thymelicus sylvestris","Small Skipper",2003,25,2.12,11,"1976-2024","Wales"
120,"Thymelicus sylvestris","Small Skipper",2004,26,1.86,27,"1976-2024","Wales"
120,"Thymelicus sylvestris","Small Skipper",2005,28,1.91,25,"1976-2024","Wales"
120,"Thymelicus sylvestris","Small Skipper",2006,31,1.94,23,"1976-2024","Wales"
120,"Thymelicus sylvestris","Small Skipper",2007,50,1.83,31,"1976-2024","Wales"
120,"Thymelicus sylvestris","Small Skipper",2008,44,1.75,37,"1976-2024","Wales"
120,"Thymelicus sylvestris","Small Skipper",2009,51,1.93,24,"1976-2024","Wales"
120,"Thymelicus sylvestris","Small Skipper",2010,51,2.1,12,"1976-2024","Wales"
120,"Thymelicus sylvestris","Small Skipper",2011,44,1.95,22,"1976-2024","Wales"
120,"Thymelicus sylvestris","Small Skipper",2012,51,2.03,17,"1976-2024","Wales"
120,"Thymelicus sylvestris","Small Skipper",2013,62,2.38,5,"1976-2024","Wales"
120,"Thymelicus sylvestris","Small Skipper",2014,70,2.4,3,"1976-2024","Wales"
120,"Thymelicus sylvestris","Small Skipper",2015,70,2.4,3,"1976-2024","Wales"
120,"Thymelicus sylvestris","Small Skipper",2016,75,2.08,13,"1976-2024","Wales"
120,"Thymelicus sylvestris","Small Skipper",2017,74,1.85,28,"1976-2024","Wales"
120,"Thymelicus sylvestris","Small Skipper",2018,71,1.82,33,"1976-2024","Wales"
120,"Thymelicus sylvestris","Small Skipper",2019,74,2.01,18,"1976-2024","Wales"
120,"Thymelicus sylvestris","Small Skipper",2020,45,1.81,34,"1976-2024","Wales"
120,"Thymelicus sylvestris","Small Skipper",2021,70,1.69,38,"1976-2024","Wales"
120,"Thymelicus sylvestris","Small Skipper",2022,68,1.79,36,"1976-2024","Wales"
120,"Thymelicus sylvestris","Small Skipper",2023,73,1.67,39,"1976-2024","Wales"
120,"Thymelicus sylvestris","Small Skipper",2024,81,1.4,41,"1976-2024","Wales"
122,"Vanessa atalanta","Red Admiral",1976,6,2.53,2,"1976-2024","Wales"
122,"Vanessa atalanta","Red Admiral",1977,9,1.36,48,"1976-2024","Wales"
122,"Vanessa atalanta","Red Admiral",1978,10,1.15,49,"1976-2024","Wales"
122,"Vanessa atalanta","Red Admiral",1979,12,1.63,43,"1976-2024","Wales"
122,"Vanessa atalanta","Red Admiral",1980,10,1.81,36,"1976-2024","Wales"
122,"Vanessa atalanta","Red Admiral",1981,10,1.45,46,"1976-2024","Wales"
122,"Vanessa atalanta","Red Admiral",1982,9,2.63,1,"1976-2024","Wales"
122,"Vanessa atalanta","Red Admiral",1983,11,1.81,36,"1976-2024","Wales"
122,"Vanessa atalanta","Red Admiral",1984,9,1.79,38,"1976-2024","Wales"
122,"Vanessa atalanta","Red Admiral",1985,9,1.59,44,"1976-2024","Wales"
122,"Vanessa atalanta","Red Admiral",1986,7,1.53,45,"1976-2024","Wales"
122,"Vanessa atalanta","Red Admiral",1987,8,1.87,32,"1976-2024","Wales"
122,"Vanessa atalanta","Red Admiral",1988,7,1.42,47,"1976-2024","Wales"
122,"Vanessa atalanta","Red Admiral",1989,6,2.31,10,"1976-2024","Wales"
122,"Vanessa atalanta","Red Admiral",1990,7,2.25,12,"1976-2024","Wales"
122,"Vanessa atalanta","Red Admiral",1991,7,2.02,24,"1976-2024","Wales"
122,"Vanessa atalanta","Red Admiral",1992,8,2.41,7,"1976-2024","Wales"
122,"Vanessa atalanta","Red Admiral",1993,12,1.76,40,"1976-2024","Wales"
122,"Vanessa atalanta","Red Admiral",1994,12,1.94,29,"1976-2024","Wales"
122,"Vanessa atalanta","Red Admiral",1995,15,2.36,8,"1976-2024","Wales"
122,"Vanessa atalanta","Red Admiral",1996,15,2.43,5,"1976-2024","Wales"
122,"Vanessa atalanta","Red Admiral",1997,16,2.14,16,"1976-2024","Wales"
122,"Vanessa atalanta","Red Admiral",1998,13,1.82,35,"1976-2024","Wales"
122,"Vanessa atalanta","Red Admiral",1999,14,1.93,31,"1976-2024","Wales"
122,"Vanessa atalanta","Red Admiral",2000,15,2.12,17,"1976-2024","Wales"
122,"Vanessa atalanta","Red Admiral",2001,16,1.95,28,"1976-2024","Wales"
122,"Vanessa atalanta","Red Admiral",2002,23,2.07,21,"1976-2024","Wales"
122,"Vanessa atalanta","Red Admiral",2003,25,2.5,3,"1976-2024","Wales"
122,"Vanessa atalanta","Red Admiral",2004,28,1.67,42,"1976-2024","Wales"
122,"Vanessa atalanta","Red Admiral",2005,33,1.96,27,"1976-2024","Wales"
122,"Vanessa atalanta","Red Admiral",2006,37,2.22,14,"1976-2024","Wales"
122,"Vanessa atalanta","Red Admiral",2007,63,2.09,20,"1976-2024","Wales"
122,"Vanessa atalanta","Red Admiral",2008,54,2.02,24,"1976-2024","Wales"
122,"Vanessa atalanta","Red Admiral",2009,72,2.22,14,"1976-2024","Wales"
122,"Vanessa atalanta","Red Admiral",2010,69,2,26,"1976-2024","Wales"
122,"Vanessa atalanta","Red Admiral",2011,63,2.05,23,"1976-2024","Wales"
122,"Vanessa atalanta","Red Admiral",2012,64,1.69,41,"1976-2024","Wales"
122,"Vanessa atalanta","Red Admiral",2013,80,1.77,39,"1976-2024","Wales"
122,"Vanessa atalanta","Red Admiral",2014,83,2.24,13,"1976-2024","Wales"
122,"Vanessa atalanta","Red Admiral",2015,85,1.86,33,"1976-2024","Wales"
122,"Vanessa atalanta","Red Admiral",2016,86,2.07,21,"1976-2024","Wales"
122,"Vanessa atalanta","Red Admiral",2017,90,2.44,4,"1976-2024","Wales"
122,"Vanessa atalanta","Red Admiral",2018,88,1.94,29,"1976-2024","Wales"
122,"Vanessa atalanta","Red Admiral",2019,89,2.31,10,"1976-2024","Wales"
122,"Vanessa atalanta","Red Admiral",2020,51,2.35,9,"1976-2024","Wales"
122,"Vanessa atalanta","Red Admiral",2021,80,2.12,17,"1976-2024","Wales"
122,"Vanessa atalanta","Red Admiral",2022,81,2.1,19,"1976-2024","Wales"
122,"Vanessa atalanta","Red Admiral",2023,86,2.42,6,"1976-2024","Wales"
122,"Vanessa atalanta","Red Admiral",2024,96,1.86,33,"1976-2024","Wales"
123,"Vanessa cardui","Painted Lady",1977,9,1.54,36,"1976-2024","Wales"
123,"Vanessa cardui","Painted Lady",1978,10,1.34,43,"1976-2024","Wales"
123,"Vanessa cardui","Painted Lady",1979,12,1.76,28,"1976-2024","Wales"
123,"Vanessa cardui","Painted Lady",1980,10,2.94,5,"1976-2024","Wales"
123,"Vanessa cardui","Painted Lady",1981,10,1.21,45,"1976-2024","Wales"
123,"Vanessa cardui","Painted Lady",1982,9,2.83,6,"1976-2024","Wales"
123,"Vanessa cardui","Painted Lady",1983,11,2.05,15,"1976-2024","Wales"
123,"Vanessa cardui","Painted Lady",1984,9,1.03,47,"1976-2024","Wales"
123,"Vanessa cardui","Painted Lady",1985,9,2.45,9,"1976-2024","Wales"
123,"Vanessa cardui","Painted Lady",1986,7,1.35,42,"1976-2024","Wales"
123,"Vanessa cardui","Painted Lady",1987,8,1.5,39,"1976-2024","Wales"
123,"Vanessa cardui","Painted Lady",1988,7,2.39,12,"1976-2024","Wales"
123,"Vanessa cardui","Painted Lady",1989,6,2.05,15,"1976-2024","Wales"
123,"Vanessa cardui","Painted Lady",1990,7,1.98,23,"1976-2024","Wales"
123,"Vanessa cardui","Painted Lady",1991,8,2.24,13,"1976-2024","Wales"
123,"Vanessa cardui","Painted Lady",1992,9,2.43,10,"1976-2024","Wales"
123,"Vanessa cardui","Painted Lady",1994,13,2.05,15,"1976-2024","Wales"
123,"Vanessa cardui","Painted Lady",1995,16,1.74,29,"1976-2024","Wales"
123,"Vanessa cardui","Painted Lady",1996,16,3.72,1,"1976-2024","Wales"
123,"Vanessa cardui","Painted Lady",1997,17,1.13,46,"1976-2024","Wales"
123,"Vanessa cardui","Painted Lady",1998,14,1.8,26,"1976-2024","Wales"
123,"Vanessa cardui","Painted Lady",1999,15,1.63,30,"1976-2024","Wales"
123,"Vanessa cardui","Painted Lady",2000,16,2.69,7,"1976-2024","Wales"
123,"Vanessa cardui","Painted Lady",2001,17,1.98,23,"1976-2024","Wales"
123,"Vanessa cardui","Painted Lady",2002,24,2.11,14,"1976-2024","Wales"
123,"Vanessa cardui","Painted Lady",2003,26,3.21,4,"1976-2024","Wales"
123,"Vanessa cardui","Painted Lady",2004,29,2.4,11,"1976-2024","Wales"
123,"Vanessa cardui","Painted Lady",2005,33,1.55,34,"1976-2024","Wales"
123,"Vanessa cardui","Painted Lady",2006,36,2.55,8,"1976-2024","Wales"
123,"Vanessa cardui","Painted Lady",2007,47,2.04,20,"1976-2024","Wales"
123,"Vanessa cardui","Painted Lady",2008,44,1.31,44,"1976-2024","Wales"
123,"Vanessa cardui","Painted Lady",2009,69,3.47,3,"1976-2024","Wales"
123,"Vanessa cardui","Painted Lady",2010,54,1.59,32,"1976-2024","Wales"
123,"Vanessa cardui","Painted Lady",2011,52,1.56,33,"1976-2024","Wales"
123,"Vanessa cardui","Painted Lady",2012,47,1.36,41,"1976-2024","Wales"
123,"Vanessa cardui","Painted Lady",2013,62,1.55,34,"1976-2024","Wales"
123,"Vanessa cardui","Painted Lady",2014,68,1.42,40,"1976-2024","Wales"
123,"Vanessa cardui","Painted Lady",2015,70,2.05,15,"1976-2024","Wales"
123,"Vanessa cardui","Painted Lady",2016,72,2.03,22,"1976-2024","Wales"
123,"Vanessa cardui","Painted Lady",2017,78,1.86,25,"1976-2024","Wales"
123,"Vanessa cardui","Painted Lady",2018,79,2.05,15,"1976-2024","Wales"
123,"Vanessa cardui","Painted Lady",2019,83,3.52,2,"1976-2024","Wales"
123,"Vanessa cardui","Painted Lady",2020,44,1.62,31,"1976-2024","Wales"
123,"Vanessa cardui","Painted Lady",2021,67,1.8,26,"1976-2024","Wales"
123,"Vanessa cardui","Painted Lady",2022,71,2.04,20,"1976-2024","Wales"
123,"Vanessa cardui","Painted Lady",2023,72,1.54,36,"1976-2024","Wales"
123,"Vanessa cardui","Painted Lady",2024,74,1.54,36,"1976-2024","Wales"
